1.000000000000000000e+00,-8.362121940570766965e-01,9.984705222387609824e-01,-7.265870504481771741e-01,9.971618140490134952e-01,-3.065345453686646460e-01,9.977581609930160633e-01,-8.227203175465422902e-01,9.988629540952863595e-01,-7.170100178713852968e-01,9.985038251628501893e-01,-5.519143440371397924e-01,9.989646448360098852e-01,-3.679657575016791471e-01,1.000000000000000000e+00,-2.305797724934947612e-01,1.000000000000000000e+00,-6.892944758454619958e-01,9.959592550690127277e-01,-4.455234954942382530e-01
1.000000000000000000e+00,-7.923571686604387043e-01,9.985073598315107324e-01,-6.973854014609044416e-01,9.972153716138808521e-01,-2.771586538489748675e-01,9.978019042336128130e-01,-7.891821390537294700e-01,9.989438641295002030e-01,-7.033992247920470842e-01,9.984685595105731171e-01,-5.250770249724578953e-01,9.990919640506196187e-01,-3.479282003456944383e-01,1.000000000000000000e+00,-2.321535619303932152e-01,1.000000000000000000e+00,-6.820998812563618952e-01,9.960242326884468644e-01,-4.373739106331805404e-01
1.000000000000000000e+00,-7.490086644700205687e-01,9.985422243226972361e-01,-6.678230026380005402e-01,9.972695564930730283e-01,-2.474844245357661898e-01,9.978469805992729036e-01,-7.559634993272494885e-01,9.990227684825344623e-01,-6.892307749136825645e-01,9.984324632471880401e-01,-4.985701196893180809e-01,9.992123284473105604e-01,-3.277927135822883420e-01,1.000000000000000000e+00,-2.329011618007341966e-01,1.000000000000000000e+00,-6.745522901030751584e-01,9.960869499434163998e-01,-4.289682464768785342e-01
1.000000000000000000e+00,-7.066789033816851529e-01,9.985747481381207491e-01,-6.383081677860884540e-01,9.973237024327151756e-01,-2.179308938646320748e-01,9.978926440652249319e-01,-7.234812307344598015e-01,9.990989683286938261e-01,-6.746986679489048733e-01,9.983962937464907483e-01,-4.726820625391336961e-01,9.993248197760929985e-01,-3.078213695920371529e-01,1.000000000000000000e+00,-2.328905114289455125e-01,1.000000000000000000e+00,-6.667692514076848376e-01,9.961466883879743772e-01,-4.204269398049922390e-01
1.000000000000000000e+00,-6.657391643536496595e-01,9.986047388958280147e-01,-6.091677250596017057e-01,9.973772558772290298e-01,-1.888328624357348273e-01,9.979382520832276171e-01,-6.920389612235964272e-01,9.991720028945179077e-01,-6.599716444790633130e-01,9.983606909396719464e-01,-4.476175868337093355e-01,9.994290116954456238e-01,-2.882182147857790810e-01,1.000000000000000000e+00,-2.322024266713752227e-01,1.000000000000000000e+00,-6.588496198672155746e-01,9.962029895784038080e-01,-4.118455397265322615e-01
1.000000000000000000e+00,-6.264417709707048587e-01,9.986321420032308049e-01,-5.806542530120077927e-01,9.974297692775696556e-01,-1.604473968362963299e-01,9.979832714701778462e-01,-6.618438726053141874e-01,9.992415994171049975e-01,-6.451938521664909443e-01,9.983261632654986117e-01,-4.235125920020063051e-01,9.995248509242465884e-01,-2.691355011663523200e-01,1.000000000000000000e+00,-2.309230609115488775e-01,1.000000000000000000e+00,-6.508749378747928915e-01,9.962556062106272536e-01,-4.032988279033870027e-01
1.000000000000000000e+00,-5.889427217233359491e-01,9.986570041441212853e-01,-5.529555321761723263e-01,9.974808913110068120e-01,-1.329631598869481790e-01,9.980272758847943404e-01,-6.330245686239773795e-01,9.993076276342882647e-01,-6.304863168987050459e-01,9.982930888228376265e-01,-4.004486065935721761e-01,9.996125499914138013e-01,-2.506812262390291091e-01,1.000000000000000000e+00,-2.291382382226227477e-01,1.000000000000000000e+00,-6.429113536312103250e-01,9.963044543565383604e-01,-3.948446148082838114e-01
1.000000000000000000e+00,-5.533227503538447056e-01,9.986794411078318001e-01,-5.262047127073757880e-01,9.975303555078848250e-01,-1.065108840080456476e-01,9.980699376587446325e-01,-6.056480543446944864e-01,9.993700612408222828e-01,-6.159488984432059944e-01,9.982617266440764192e-01,-3.784656886558538380e-01,9.996924978198831191e-01,-2.329269097222010365e-01,1.000000000000000000e+00,-2.269295797376383594e-01,1.000000000000000000e+00,-6.350117152321965719e-01,9.963495707798739609e-01,-3.865270082308011612e-01
1.000000000000000000e+00,-5.196056772107209287e-01,9.986996114961964599e-01,-5.004901886257275834e-01,9.975779684123430302e-01,-8.117379689727269310e-02,9.981110164192700251e-01,-5.797347278023182726e-01,9.994289469019236316e-01,-6.016624907070264872e-01,9.982322334738914504e-01,-3.575732721193825014e-01,9.997651896006277683e-01,-2.159149155252603203e-01,1.000000000000000000e+00,-2.243721450896936642e-01,1.000000000000000000e+00,-6.272176147977059912e-01,9.963910770966953878e-01,-3.783791223777733803e-01
1.000000000000000000e+00,-4.877736661718287126e-01,9.987176965150603714e-01,-4.758645864766685163e-01,9.976235980611758425e-01,-5.699726092850115888e-02,9.981503463961881595e-01,-5.552709449565216282e-01,9.994843803269397586e-01,-5.876912942245392513e-01,9.982046825000245871e-01,-3.377589010422290539e-01,9.998311745631659475e-01,-1.996649418652744479e-01,1.000000000000000000e+00,-2.215332421240076843e-01,1.000000000000000000e+00,-6.195612599310460489e-01,9.964291510755124426e-01,-3.704252791506209563e-01
1.000000000000000000e+00,-4.577794649993796594e-01,9.987338852832955416e-01,-4.523525884495231408e-01,9.976671632778020271e-01,-3.399724381367869031e-02,9.981878237363375206e-01,-5.322191429597611378e-01,9.995364883885818896e-01,-5.740850423257838342e-01,9.981790816469977567e-01,-3.189950340282335928e-01,9.998910188995552284e-01,-1.841795301082856662e-01,1.000000000000000000e+00,-2.184720704296635452e-01,1.000000000000000000e+00,-6.120671201171485887e-01,9.964640045307265881e-01,-3.626827820891660448e-01
1.000000000000000000e+00,-4.295559500537617370e-01,9.987483647413376575e-01,-4.299575199327081432e-01,9.977086240555651520e-01,-1.216748836259606836e-02,9.982233946542879988e-01,-5.105257418737116915e-01,9.995854161268211691e-01,-5.608811040297169148e-01,9.981553900459104733e-01,-3.012442063874578579e-01,9.999452807350304173e-01,-1.694485896666774738e-01,1.000000000000000000e+00,-2.152399163372356594e-01,1.000000000000000000e+00,-6.047533386708170422e-01,9.964958668730931057e-01,-3.551633443575767379e-01
1.000000000000000000e+00,-4.030233922169744742e-01,9.987613131655584953e-01,-4.086667581118790249e-01,9.977479731428995358e-01,8.514592731925729741e-03,9.982570448667149599e-01,-4.901271484763765618e-01,9.996313175377119498e-01,-5.481064180652276407e-01,9.981335320400106514e-01,-2.844628597111494850e-01,9.999944942273841786e-01,-1.554530192930248245e-01,1.000000000000000000e+00,-2.118806811816019708e-01,1.000000000000000000e+00,-5.976329241945381732e-01,9.965249732766161550e-01,-3.478742414785598869e-01
1.000000000000000000e+00,-3.780948691459866118e-01,9.987728963722877218e-01,-3.884560843904982241e-01,9.977852288330226749e-01,2.808318325378428293e-02,9.982887904888511077e-01,-4.709542076044895831e-01,9.996743492030853995e-01,-5.357792354733650342e-01,9.981134085813649914e-01,-2.686041262200062896e-01,1.000000000000000000e+00,-1.421675435015668787e-01,1.000000000000000000e+00,-2.084315853851154698e-01,1.000000000000000000e+00,-5.907147461470698691e-01,9.965515564760781819e-01,-3.408192460710879335e-01
1.000000000000000000e+00,-3.546802116130345350e-01,9.987832658407234110e-01,-3.692931295841331840e-01,9.978204288917020826e-01,4.658033761514307480e-02,9.983186703970823306e-01,-4.529354235543114893e-01,9.997146659989037953e-01,-5.239106646761670927e-01,9.980949061664478039e-01,-2.536198137874298153e-01,1.000000000000000000e+00,-1.295628929810832275e-01,1.000000000000000000e+00,-2.049239415020337463e-01,1.000000000000000000e+00,-5.840043623017352470e-01,9.965758413382522773e-01,-3.339993895115433986e-01
1.000000000000000000e+00,-3.326888154063561975e-01,9.987925581452188339e-01,-3.511400628122268719e-01,9.978536255177237191e-01,6.405310042046999386e-02,9.983467399592214075e-01,-4.359992308732268951e-01,9.997524182920035640e-01,-5.125060241576261388e-01,9.980779036051050657e-01,-2.394617916535132229e-01,1.000000000000000000e+00,-1.176074519136146024e-01,1.000000000000000000e+00,-2.013839281927448099e-01,1.000000000000000000e+00,-5.775047051125176134e-01,9.965980415014314975e-01,-3.274135854697497461e-01
1.000000000000000000e+00,-3.120315904496526738e-01,9.988008952368919724e-01,-3.339556638643496056e-01,9.978848812129391677e-01,8.055131744341692546e-02,9.983730659819208819e-01,-4.200755450585462736e-01,9.997877501814894652e-01,-5.015660152204970412e-01,9.980622769688087814e-01,-2.260829340642356300e-01,1.000000000000000000e+00,-1.062684812940950518e-01,1.000000000000000000e+00,-1.978333251835585893e-01,1.000000000000000000e+00,-5.712166514745762314e-01,9.966183575245328718e-01,-3.210591427032993828e-01
1.000000000000000000e+00,-2.926222633297229647e-01,9.988083852404180396e-01,-3.176969017427456743e-01,9.979142654349939523e-01,9.612600098938003934e-02,9.983977227057345694e-01,-4.050967770955606895e-01,9.998207984582864194e-01,-4.910877316910018386e-01,9.980479030590935219e-01,-2.134377425338162826e-01,1.000000000000000000e+00,-9.551301074750771780e-02,1.000000000000000000e+00,-1.942901886299603365e-01,1.000000000000000000e+00,-5.651394972940844141e-01,9.966369761160276397e-01,-3.149321889212416403e-01
1.000000000000000000e+00,-2.743782016069408192e-01,9.988151235316155008e-01,-3.023201234147122607e-01,9.979418519106705299e-01,1.108281326748534468e-01,9.984207886795654074e-01,-3.909984549855738400e-01,9.998516920461915092e-01,-4.810655257978034838e-01,9.980346617022793909e-01,-2.014827378466885754e-01,1.000000000000000000e+00,-8.530847484664054459e-02,1.000000000000000000e+00,-1.907694590855651962e-01,1.000000000000000000e+00,-5.592713553119138536e-01,9.966540701202827313e-01,-3.090280234811437765e-01
1.000000000000000000e+00,-2.572208888758202860e-01,9.988211939370336134e-01,-2.877819389494863378e-01,9.979677164973165260e-01,1.247078066238716254e-01,9.984423443586469826e-01,-3.777195615246519700e-01,9.998805517543837285e-01,-4.714917504479748667e-01,9.980224371290568053e-01,-1.901766898109046033e-01,1.000000000000000000e+00,-7.562315499273014607e-02,1.000000000000000000e+00,-1.872835023740897498e-01,1.000000000000000000e+00,-5.536094920583198853e-01,9.966697990251891515e-01,-3.033414137666576860e-01
1.000000000000000000e+00,-2.410761480098357612e-01,9.988266699520536029e-01,-2.740398733398170528e-01,9.979919354914085217e-01,1.378136343215393411e-01,9.984624702878194258e-01,-3.652026703742915492e-01,9.999074902193195724e-01,-4.623573983257199815e-01,9.980111186471102291e-01,-1.794807352013778334e-01,1.000000000000000000e+00,-6.642647510732113680e-02,1.000000000000000000e+00,-1.838425885768145140e-01,1.000000000000000000e+00,-5.481506177757266007e-01,9.966843098228665987e-01,-2.978668480239669014e-01
1.000000000000000000e+00,-2.258741852904669611e-01,9.988316159132519800e-01,-2.610528418671978490e-01,9.980145842951159141e-01,1.501923481824945505e-01,9.984812457509417705e-01,-3.533939411004410336e-01,9.999326119473901375e-01,-4.536526581095364774e-01,9.980006007667786561e-01,-1.693584212594257399e-01,1.000000000000000000e+00,-5.768918877975315329e-02,1.000000000000000000e+00,-1.804553172227732205e-01,1.000000000000000000e+00,-5.428911416804259593e-01,9.966977381082059440e-01,-2.925987560376777097e-01
1.000000000000000000e+00,-2.115495089704951259e-01,9.988360880877784620e-01,-2.487814949141004539e-01,9.980357363625922407e-01,1.618885541446573595e-01,9.984987477855931104e-01,-3.422430173350826110e-01,9.999560133919322968e-01,-4.453674080345055852e-01,9.979907828957162996e-01,-1.597757026130708913e-01,1.000000000000000000e+00,-4.938348695249462905e-02,1.000000000000000000e+00,-1.771289984385949201e-01,1.000000000000000000e+00,-5.378274040704523751e-01,9.967102093415033393e-01,-2.875317082105370847e-01
1.000000000000000000e+00,-1.980407610990138345e-01,9.988401356604578174e-01,-2.371884695250989772e-01,9.980554623568186345e-01,1.729445944328996676e-01,9.985150504784972014e-01,-3.317028595291346416e-01,9.999777830115477162e-01,-4.374916673875037243e-01,9.979815686785993289e-01,-1.507009127904570811e-01,1.000000000000000000e+00,-4.148304842906450074e-02,1.000000000000000000e+00,-1.738700008884325188e-01,1.000000000000000000e+00,-5.329558965765973655e-01,9.967218402347283179e-01,-2.826606033611931412e-01
1.000000000000000000e+00,-1.852904901201436194e-01,9.988438016107099582e-01,-2.262385785875350164e-01,9.980738294545032918e-01,1.834004903334310044e-01,9.985302244706426578e-01,-3.217295340026760098e-01,9.999980012626513703e-01,-4.300160277111731988e-01,9.979728650207632112e-01,-1.421047270483425662e-01,1.000000000000000000e+00,-3.396305014705121306e-02,1.000000000000000000e+00,-1.706840782693041791e-01,1.000000000000000000e+00,-5.282734824001765750e-01,9.967327402490744337e-01,-2.779808559242190613e-01
1.000000000000000000e+00,-1.732448829793738487e-01,9.988471234780227359e-01,-2.158989640899110496e-01,9.980909007401428390e-01,1.932939417009807703e-01,9.985443366113799790e-01,-3.122819723511975898e-01,1.000000000000000000e+00,-4.229320880041803621e-01,9.979645807978536620e-01,-1.339601306532531844e-01,1.000000000000000000e+00,-2.680014996423704665e-02,1.000000000000000000e+00,-1.675766872971768406e-01,1.000000000000000000e+00,-5.237776298761595006e-01,9.967430132173494828e-01,-2.734885943562220811e-01
1.000000000000000000e+00,-1.618534684905617027e-01,9.988501340178652654e-01,-2.061392384662064092e-01,9.981067346299273835e-01,2.026603653049749432e-01,9.985574497073218536e-01,-3.033217090099538660e-01,1.000000000000000000e+00,-4.162329227418498645e-01,9.979566252135707582e-01,-1.262424058562581497e-01,1.000000000000000000e+00,-1.997245135829972540e-02,1.000000000000000000e+00,-1.645533118743454648e-01,1.000000000000000000e+00,-5.194666754737869985e-01,9.967527591316266422e-01,-2.691808846496935859e-01
1.000000000000000000e+00,-1.510687978826436018e-01,9.988528617503779072e-01,-1.969316376461162088e-01,9.981213842602710828e-01,2.115329583003872083e-01,9.985696223137094929e-01,-2.948125992123268313e-01,1.000000000000000000e+00,-4.099136191785837657e-01,9.979489057191976986e-01,-1.189291516354952366e-01,1.000000000000000000e+00,-1.345945662571208790e-02,1.000000000000000000e+00,-1.616198108554914858e-01,1.000000000000000000e+00,-5.153401369503514129e-01,9.967620761682596253e-01,-2.650559962980432727e-01
1.000000000000000000e+00,-1.408461031426976873e-01,9.988553314022274865e-01,-1.882512114402375980e-01,9.981348967618033363e-01,2.199427763461724028e-01,9.985809085112178352e-01,-2.867205139326793328e-01,1.000000000000000000e+00,-4.039719328701837364e-01,9.979413253438671472e-01,-1.120003531701180693e-01,1.000000000000000000e+00,-7.242012503532457846e-03,1.000000000000000000e+00,-1.587828110163098660e-01,1.000000000000000000e+00,-5.113991047232000486e-01,9.967710630641001268e-01,-2.611137334147459743e-01
1.000000000000000000e+00,-1.311429283486262864e-01,9.988575642375162600e-01,-1.800760819961783610e-01,9.981473123132574843e-01,2.279188184287690433e-01,9.985913575963510924e-01,-2.790130016853975548e-01,1.000000000000000000e+00,-3.984091305865256061e-01,9.979337791906650601e-01,-1.054385237043951734e-01,1.000000000000000000e+00,-1.302249077644895836e-03,1.000000000000000000e+00,-1.560501731417027471e-01,1.000000000000000000e+00,-5.076467511549899170e-01,9.967798220174229895e-01,-2.573558618747096571e-01
1.000000000000000000e+00,-1.219187228521379784e-01,9.988595782658314937e-01,-1.723878105539239369e-01,9.981586628228847902e-01,2.354881125090673710e-01,9.986010135814583633e-01,-2.716588977693427664e-01,1.000000000000000000e+00,-3.932311228243093315e-01,9.979261497091495015e-01,-9.922895141063574342e-02,1.000000000000000000e+00,4.376491557920927922e-03,1.000000000000000000e+00,-1.534315685311505861e-01,1.000000000000000000e+00,-5.040890159795038405e-01,9.967884623773063391e-01,-2.537866756862945938e-01
1.000000000000000000e+00,-1.131343768632353253e-01,9.988613883028703011e-01,-1.651719288790226836e-01,9.981689700033630208e-01,2.426757979264185239e-01,9.986099143365033681e-01,-2.646278472089676481e-01,1.000000000000000000e+00,-3.884500430068980603e-01,9.979183001218192572e-01,-9.336010077236298055e-02,1.000000000000000000e+00,9.809747952063213594e-03,1.000000000000000000e+00,-1.509392169844099851e-01,1.000000000000000000e+00,-5.007355561245572240e-01,9.967971055272916159e-01,-2.504137644082765624e-01
1.000000000000000000e+00,-1.047516681488914608e-01,9.988630058388699995e-01,-1.584187185422735178e-01,9.981782424626743921e-01,2.495052022621461751e-01,9.986180900789860537e-01,-2.578896837646956763e-01,1.000000000000000000e+00,-3.840865238889746847e-01,9.979100649914020016e-01,-8.782424699483545871e-02,1.000000000000000000e+00,1.501207862089823375e-02,1.000000000000000000e+00,-1.485888572323636470e-01,1.000000000000000000e+00,-4.976010980300185071e-01,9.968058916001550918e-01,-2.472490714044370264e-01
1.000000000000000000e+00,-9.673257087057268722e-02,9.988644386383047635e-01,-1.521243656821869850e-01,9.981864711764212306e-01,2.559979120771064265e-01,9.986255606659905082e-01,-2.514135654536415743e-01,1.000000000000000000e+00,-3.801730858145458969e-01,9.979012362365760058e-01,-8.261847295969287908e-02,1.000000000000000000e+00,1.999730232216682252e-02,1.000000000000000000e+00,-1.464010488176054614e-01,1.000000000000000000e+00,-4.947074158363405361e-01,9.968149890473038122e-01,-2.443103743906692160e-01
1.000000000000000000e+00,-8.903835065705642537e-02,9.988656899466039629e-01,-1.462926936533432143e-01,9.981936222347006504e-01,2.621738376136663051e-01,9.986323306169946346e-01,-2.451666901309410007e-01,1.000000000000000000e+00,-3.767593508710889716e-01,9.978915416777902614e-01,-7.774625153493014418e-02,1.000000000000000000e+00,2.477895474518385793e-02,1.000000000000000000e+00,-1.444029418160803213e-01,1.000000000000000000e+00,-4.920863102208614670e-01,9.968246087523081611e-01,-2.416233799360438805e-01
1.000000000000000000e+00,-3.238511605838122198e-02,9.989128173826964385e-01,-1.196154895217537567e-01,9.983322779881179665e-01,2.902100455525095657e-01,9.985653807501766455e-01,-2.307410796954209031e-01,1.000000000000000000e+00,-3.588937173385047252e-01,9.978067676243623785e-01,-3.659923566854833554e-02,1.000000000000000000e+00,6.454429373799769332e-02,1.000000000000000000e+00,-1.658085992493570915e-01,1.000000000000000000e+00,-4.836695489743184639e-01,9.968779768453468471e-01,-2.418911899053374781e-01
1.000000000000000000e+00,-2.553980293694260717e-03,9.989788055592089266e-01,-1.163156343504686552e-01,9.983669532161809634e-01,2.956319816792732924e-01,9.987424227579692060e-01,-2.022744795463304324e-01,1.000000000000000000e+00,-3.630800801699016200e-01,9.977457008071696221e-01,-4.192015439253184150e-02,1.000000000000000000e+00,5.786124739274815798e-02,1.000000000000000000e+00,-1.795267766479108351e-01,1.000000000000000000e+00,-4.934509621290655290e-01,9.969585901579831599e-01,-2.478855251866175502e-01
1.000000000000000000e+00,-1.039732650169374051e-02,9.989766165096140016e-01,-1.249834714317449302e-01,9.983570251841027421e-01,2.885017375448758470e-01,9.987370412680246501e-01,-2.087348074441102430e-01,1.000000000000000000e+00,-3.729770273972324857e-01,9.977346220909661945e-01,-4.982176896707088409e-02,1.000000000000000000e+00,5.110136921296015711e-02,1.000000000000000000e+00,-1.863997648013674957e-01,1.000000000000000000e+00,-5.014455678227951463e-01,9.969643027244899924e-01,-2.557905475427834086e-01
1.000000000000000000e+00,-1.851273203395484290e-02,9.989738774471604854e-01,-1.341466009604045939e-01,9.983454893007902564e-01,2.811767528185749043e-01,9.987307231257730455e-01,-2.152453996804911951e-01,1.000000000000000000e+00,-3.840362488077893044e-01,9.977199106984357968e-01,-5.829573341156511768e-02,1.000000000000000000e+00,4.411035123972192884e-02,1.000000000000000000e+00,-1.937325780782939710e-01,1.000000000000000000e+00,-5.102273105067695047e-01,9.969721141949671184e-01,-2.643676443618267480e-01
1.000000000000000000e+00,-1.583310365106189999e-02,9.988987529167403512e-01,-1.068062421058652428e-01,9.981595597156613930e-01,3.187864237625391839e-01,9.988298634215204697e-01,-1.910198635392533761e-01,1.000000000000000000e+00,-3.958719589571332853e-01,9.976982549308792692e-01,-3.634322961824424519e-02,1.000000000000000000e+00,4.944100788639403665e-02,1.000000000000000000e+00,-1.963754184189404062e-01,1.000000000000000000e+00,-5.253860750707500804e-01,9.970009864336903949e-01,-3.105429791509636828e-01
1.000000000000000000e+00,-3.783023844624822801e-02,9.989663443111630459e-01,-1.566848745546100541e-01,9.983122234963635044e-01,2.637873421230582105e-01,9.987096145107031697e-01,-2.298847099553478213e-01,1.000000000000000000e+00,-4.139387878158707346e-01,9.976711577333972070e-01,-7.969604132996260804e-02,1.000000000000000000e+00,2.791421324347324873e-02,1.000000000000000000e+00,-2.117040767013420033e-01,1.000000000000000000e+00,-5.331218626113487513e-01,9.969980343266831024e-01,-2.858602190836282420e-01
1.000000000000000000e+00,-4.682089421159975340e-02,9.989615801822508967e-01,-1.684016415430081848e-01,9.982882345204812102e-01,2.556333575322192742e-01,9.986897580067887192e-01,-2.353727595315345533e-01,1.000000000000000000e+00,-4.334453546520442568e-01,9.976275909998746361e-01,-9.171924174099642391e-02,1.000000000000000000e+00,2.119616272074748009e-02,1.000000000000000000e+00,-2.208168859487303071e-01,1.000000000000000000e+00,-5.468924447293842528e-01,9.970213316368848888e-01,-2.972899120363183267e-01
1.000000000000000000e+00,-3.925454169981508479e-02,9.989548192665279602e-01,-1.567625753552653878e-01,9.980506180281469852e-01,2.829449197457266085e-01,9.987668957530915215e-01,-2.040535150779360929e-01,9.999750848504272982e-01,-4.831776723078700653e-01,9.975849399948771845e-01,-8.058536648202696551e-02,1.000000000000000000e+00,4.225406642015609726e-02,1.000000000000000000e+00,-2.182564534872920292e-01,1.000000000000000000e+00,-5.688853331086491938e-01,9.971227381376385202e-01,-3.429473867485701155e-01
1.000000000000000000e+00,-3.306096989289001309e-01,9.993076625932790780e-01,-4.041534580633168172e-01,9.971751289607163615e-01,4.666135750494482259e-02,9.986961018390440037e-01,-3.791670069199080673e-01,9.994920700641730660e-01,-6.378803962864927346e-01,9.973048866871137008e-01,-1.903593123985831692e-01,1.000000000000000000e+00,-1.233699577073112397e-01,1.000000000000000000e+00,-3.199409268264405970e-01,1.000000000000000000e+00,-6.477592627493979904e-01,9.968862577950449166e-01,-5.501937323763804732e-01
1.000000000000000000e+00,-2.794943350155434381e-01,9.989722190117166223e-01,-2.550316660753100262e-01,9.973410891949894275e-01,1.275782756665124196e-01,9.982599687563388224e-01,-2.282461384735557930e-01,1.000000000000000000e+00,-6.992345992853379322e-01,9.973286503071082665e-01,-2.869886787023600561e-01,1.000000000000000000e+00,-9.777437344838549316e-02,1.000000000000000000e+00,-3.346798338533603090e-01,1.000000000000000000e+00,-7.024227137032525992e-01,9.971099681821709027e-01,-5.632728698866182881e-01
1.000000000000000000e+00,-2.683032701704126666e-01,9.997172691516662546e-01,-2.983115353629050004e-01,9.973659610573643031e-01,1.412488656031989365e-01,9.983554493407605923e-01,-2.988299178496062747e-01,1.000000000000000000e+00,-6.886173024634079098e-01,9.969472577881316466e-01,-2.535021120314168153e-01,1.000000000000000000e+00,-1.416704564215691131e-01,1.000000000000000000e+00,-3.718248041787781677e-01,1.000000000000000000e+00,-7.134590548433163981e-01,9.971420594712372409e-01,-5.520244663909630312e-01
1.000000000000000000e+00,-3.309678464491764283e-01,9.994662317317509759e-01,-3.235059358137786223e-01,9.975776210405414846e-01,1.253360187062532161e-01,9.982289417151486433e-01,-3.189042690214472509e-01,1.000000000000000000e+00,-6.899901418094267491e-01,9.973765774316676325e-01,-1.936427609988747023e-01,1.000000000000000000e+00,-1.484907496761202761e-01,1.000000000000000000e+00,-3.700689167661218582e-01,1.000000000000000000e+00,-7.093125254964520732e-01,9.964006198701359507e-01,-5.652672934749962685e-01
1.000000000000000000e+00,-3.873700403246488344e-02,9.995507389848887758e-01,-2.401166567406821661e-01,9.995469061466888405e-01,2.928729287047548424e-01,9.987405303283782843e-01,-8.618889057424677924e-02,9.993280328536644497e-01,-6.627828172793701622e-01,9.961722399030625841e-01,-1.761275352066788702e-01,1.000000000000000000e+00,1.402825829448335337e-01,1.000000000000000000e+00,-3.645108311220656150e-01,9.996612686767268885e-01,-7.733407895325852266e-01,9.981027845020404854e-01,-5.550427545440095312e-01
1.000000000000000000e+00,-3.001418316453928203e-01,9.987771997989922657e-01,-1.974977620981430704e-01,9.981302716114310858e-01,1.984660527047732437e-01,9.970944277528583921e-01,-1.749575610005757731e-01,9.993099864477710259e-01,-6.626389117259040562e-01,9.973767935152637598e-01,-1.780673633768955211e-01,9.997330951790057707e-01,-2.581085995463752725e-02,1.000000000000000000e+00,-3.033524967740829359e-01,9.997274085677958499e-01,-7.624707125973610999e-01,9.968321196955184371e-01,-5.712226181972464012e-01
1.000000000000000000e+00,-2.957911047223211742e-01,9.987769497397382956e-01,-1.954525353465237369e-01,9.981460896973571861e-01,2.010055320019883407e-01,9.971176095812540607e-01,-1.743730632626308563e-01,9.993227605249705991e-01,-6.598114123124685371e-01,9.973779616234668133e-01,-1.768174813375802956e-01,9.997448176099409389e-01,-2.503566147399804986e-02,1.000000000000000000e+00,-3.039847562110872814e-01,9.997279182556516597e-01,-7.617518414254360604e-01,9.968369910706339487e-01,-5.697678754266500833e-01
1.000000000000000000e+00,-2.915623833961269451e-01,9.987767224152740431e-01,-1.934823438529632011e-01,9.981617211491004005e-01,2.034463611335788902e-01,9.971404753019222911e-01,-1.738610363037547402e-01,9.993354706107863139e-01,-6.570686963456841001e-01,9.973791500296356194e-01,-1.756400789788343797e-01,9.997563565307068245e-01,-2.433995183700704557e-02,1.000000000000000000e+00,-3.046815428586039931e-01,9.997284382268948333e-01,-7.611048865091951665e-01,9.968417488897631795e-01,-5.684015593895788143e-01
1.000000000000000000e+00,-1.811881738921896912e-01,9.992105198994138959e-01,-2.157258099881276814e-01,9.989471643543272883e-01,2.366214548422541641e-01,9.975513387399013165e-01,-1.847403649145553661e-01,9.988054515684673396e-01,-6.789114971747164384e-01,9.975021791896512280e-01,-2.597409997243455559e-01,9.998902522138650717e-01,-9.476807731578551497e-03,1.000000000000000000e+00,-2.629077005958047053e-01,9.993578061319402517e-01,-7.015927380082458420e-01,9.972001013319617968e-01,-5.643520615552464204e-01
1.000000000000000000e+00,-1.832924740196611724e-01,9.992093175703847807e-01,-2.181208704826574363e-01,9.989498793541710109e-01,2.342673843107523912e-01,9.975574123508963442e-01,-1.875917841493533744e-01,9.988106032796005840e-01,-6.809743404343178153e-01,9.975022475535559874e-01,-2.621094893291798789e-01,9.998934533620145171e-01,-1.235615189930577840e-02,1.000000000000000000e+00,-2.663133509266857324e-01,9.993588216538543678e-01,-7.046003481141266400e-01,9.972003418797829033e-01,-5.670140118175509558e-01
1.000000000000000000e+00,-1.854683423153533628e-01,9.992081000529875467e-01,-2.205907049069811832e-01,9.989526417620877563e-01,2.318391639453517561e-01,9.975635847782367005e-01,-1.905257350530235594e-01,9.988158361977517163e-01,-6.831052570205516927e-01,9.975023189382605793e-01,-2.645514258619561243e-01,9.998967031855964249e-01,-1.531889771975408765e-02,1.000000000000000000e+00,-2.698112145157612329e-01,9.993598498082211234e-01,-7.076927134796215935e-01,9.972005804800930795e-01,-5.697562653046532866e-01
1.000000000000000000e+00,-1.330029101191611551e-01,9.988809729077741117e-01,-2.538065301364912374e-01,9.993202852095709465e-01,3.209551195666588419e-01,9.982203443084711747e-01,-1.866792510090044821e-01,9.990400726613376525e-01,-7.376644159714937921e-01,9.976383710188158060e-01,-2.561729477067072880e-01,1.000000000000000000e+00,5.726519582755995597e-03,1.000000000000000000e+00,-2.969502734278494649e-01,1.000000000000000000e+00,-7.935282729803265767e-01,9.973666189961920558e-01,-4.875165102046880583e-01
1.000000000000000000e+00,-1.381216341895231958e-01,9.988812326723279789e-01,-2.588602908911884493e-01,9.993201386858723279e-01,3.160436273962897169e-01,9.982198988981048071e-01,-1.915848751941596206e-01,9.990387005695943179e-01,-7.425998823394692749e-01,9.976384506338882296e-01,-2.610311917448674968e-01,1.000000000000000000e+00,8.124162648069921389e-04,1.000000000000000000e+00,-3.018285796863887649e-01,1.000000000000000000e+00,-7.984337325988324352e-01,9.973662740508203450e-01,-4.924863227232715301e-01
1.000000000000000000e+00,-1.584924091925282719e-01,9.993435643879690078e-01,-2.365485044413677962e-01,9.991867138094208123e-01,3.190224055726648134e-01,9.978024812594016302e-01,-1.953335644938540006e-01,9.989964582334981413e-01,-7.529082251364851430e-01,9.971154828809836168e-01,-1.858103889798937702e-01,1.000000000000000000e+00,4.366908573245620317e-02,1.000000000000000000e+00,-3.397619811359316455e-01,9.999873513750406895e-01,-7.593553478715391325e-01,9.973121786514052012e-01,-5.196468042461103165e-01
1.000000000000000000e+00,-1.629420104493690125e-01,9.993432758461109344e-01,-2.410099317730688973e-01,9.991874660362719540e-01,3.145575573575704054e-01,9.978043462293668675e-01,-1.999088701012527447e-01,9.989974708633226896e-01,-7.570915882438737921e-01,9.971157855470874631e-01,-1.902020442033020287e-01,1.000000000000000000e+00,3.902292079011415726e-02,1.000000000000000000e+00,-3.444992938599639176e-01,9.999867669268841519e-01,-7.639270978253793754e-01,9.973118802351365053e-01,-5.242590412290900614e-01
1.000000000000000000e+00,-6.543472741182698726e-02,9.995312620922595093e-01,-2.653637037713124647e-01,9.995648897937593480e-01,2.648488045840950988e-01,9.987836021997803515e-01,-1.215667761531913083e-01,9.993838366325711320e-01,-6.843021894097454094e-01,9.962022548505999886e-01,-2.038842520993704444e-01,1.000000000000000000e+00,1.033966052127311963e-01,1.000000000000000000e+00,-4.019400989595270923e-01,9.996560631942641439e-01,-8.051806709160764797e-01,9.980825165171041125e-01,-5.862910983027966871e-01
1.000000000000000000e+00,-7.508613448710488303e-02,9.995343667350899963e-01,-2.750934135309344164e-01,9.995622993671265943e-01,2.558744084944923336e-01,9.987775342192385386e-01,-1.295220249467617935e-01,9.993729153039011548e-01,-6.941303898411703699e-01,9.961985736780600842e-01,-2.127405686231949589e-01,1.000000000000000000e+00,9.558100321133439214e-02,1.000000000000000000e+00,-4.096338907157548448e-01,9.996559569306041615e-01,-8.136568326220536829e-01,9.980842325008242311e-01,-5.950086354676749067e-01
1.000000000000000000e+00,-8.474453584292093722e-02,9.995372745689754534e-01,-2.848158355396480657e-01,9.995599038592360985e-01,2.468654843673662169e-01,9.987718844907195193e-01,-1.375837879550870224e-01,9.993626507034281126e-01,-7.039250492901580891e-01,9.961952098698224622e-01,-2.216304167085099697e-01,1.000000000000000000e+00,8.764445438033724445e-02,1.000000000000000000e+00,-4.174548543582896065e-01,9.996558390726831833e-01,-8.222019102060822426e-01,9.980857565610579130e-01,-6.037880314942645210e-01
1.000000000000000000e+00,-2.960907808857519141e-01,9.984440136739067828e-01,-2.747605945925177262e-01,9.984856193150117853e-01,2.386892919640471455e-01,9.977615788808857911e-01,-2.195598197234248927e-01,9.995710538828628255e-01,-7.572662664739913119e-01,9.975055663521248395e-01,-2.126146612820307147e-01,1.000000000000000000e+00,-5.471261990650239104e-02,1.000000000000000000e+00,-3.831542643085095734e-01,1.000000000000000000e+00,-8.962475788495269935e-01,9.969837333723612360e-01,-5.395848696269808231e-01
1.000000000000000000e+00,-3.425381751925355989e-01,9.985689980925366305e-01,-2.002058214892073473e-01,9.978266392032413279e-01,1.337934865583089161e-01,9.974806951732833049e-01,-2.746206695292630062e-01,9.995040665257181045e-01,-7.458338874239038851e-01,9.973093978536065052e-01,-2.617696500885695055e-01,9.997626014741345379e-01,-1.103995932963301452e-01,1.000000000000000000e+00,-3.748864781077903552e-01,1.000000000000000000e+00,-8.454446016021461840e-01,9.970324082431027968e-01,-6.088978473175756800e-01
1.000000000000000000e+00,-3.379733644065956444e-01,9.985698023437891147e-01,-1.983175725913478016e-01,9.978456728338547244e-01,1.364886533547782776e-01,9.975045064690833962e-01,-2.739285465725651014e-01,9.995174838235044712e-01,-7.426750534074246790e-01,9.973110856447837680e-01,-2.603768283253455884e-01,9.997753275078962165e-01,-1.095859285425156981e-01,1.000000000000000000e+00,-3.757076891323433143e-01,1.000000000000000000e+00,-8.446793161734752475e-01,9.970366421427178105e-01,-6.075600207237075168e-01
1.000000000000000000e+00,-1.895886833691262929e-01,9.993371393897094723e-01,-2.683319556186777866e-01,9.992002491827733923e-01,2.859413566405791252e-01,9.978365725899975835e-01,-2.302978160367656069e-01,9.990248298567053764e-01,-7.811530837135320926e-01,9.971191744718006511e-01,-2.180566784316580464e-01,1.000000000000000000e+00,7.657908260376877774e-03,1.000000000000000000e+00,-3.776775446273401005e-01,9.999801613369243558e-01,-7.942142610623927901e-01,9.973101118827673028e-01,-5.547019401476753764e-01
1.000000000000000000e+00,-2.935411907407798893e-01,9.982487140903565370e-01,-2.268277684639924408e-01,9.981513979795707536e-01,2.147579166202882583e-01,9.981188613871594395e-01,-2.742554278276235769e-01,9.997607675946696970e-01,-7.926007849105192182e-01,9.974281348048558149e-01,-2.523711020168276642e-01,1.000000000000000000e+00,-9.466847108649559250e-02,1.000000000000000000e+00,-4.063855349495442137e-01,1.000000000000000000e+00,-9.282746726021247063e-01,9.971841676123824882e-01,-5.344832520487980965e-01
1.000000000000000000e+00,-3.375414506314388108e-01,9.985716501131579603e-01,-2.027835490711205058e-01,9.978815033048215044e-01,1.336736718220657982e-01,9.975487984330798641e-01,-2.804941057426041939e-01,9.995418220444108881e-01,-7.444784608731083164e-01,9.973144009385606079e-01,-2.654593537931438374e-01,9.997989605720368766e-01,-1.159758339012688655e-01,1.000000000000000000e+00,-3.852111090488434253e-01,1.000000000000000000e+00,-8.511286821664532098e-01,9.970437097150275374e-01,-6.130637508957550441e-01
1.000000000000000000e+00,-1.769632563868183961e-01,9.988769864204036786e-01,-2.984435348432728508e-01,9.993449416831347021e-01,2.727438752862404447e-01,9.982806327133405544e-01,-2.387732221301905877e-01,9.991008591331020927e-01,-7.764821546472207014e-01,9.976345856118520317e-01,-3.014388226606543042e-01,1.000000000000000000e+00,-4.744221160603045995e-02,1.000000000000000000e+00,-3.557019744899995728e-01,1.000000000000000000e+00,-8.445149914131636626e-01,9.973626638254334820e-01,-5.400314555350456125e-01
1.000000000000000000e+00,-3.404541305064617829e-01,9.985728173331434032e-01,-2.083845427670406592e-01,9.979015880344693779e-01,1.290492692845320311e-01,9.975734065714860765e-01,-2.872126590878690822e-01,9.995550987824789457e-01,-7.484806279628217762e-01,9.973162996160560567e-01,-2.712816294995223920e-01,9.998120758715062228e-01,-1.226173057633902219e-01,1.000000000000000000e+00,-3.936133457542536629e-01,1.000000000000000000e+00,-8.577908393806595866e-01,9.970473124735704795e-01,-6.192484810249925253e-01
1.000000000000000000e+00,-3.038756477604300787e-01,9.991033939772884231e-01,-2.990471878464562305e-01,9.977832282988984280e-01,1.104961529739567072e-01,9.976535923884556345e-01,-3.787086564873856087e-01,1.000000000000000000e+00,-7.217017993377536911e-01,9.970708858619584669e-01,-2.367183481734735639e-01,1.000000000000000000e+00,-2.790328086883384628e-01,1.000000000000000000e+00,-4.065958260380536649e-01,9.998258184019135353e-01,-8.683157571837776256e-01,9.968270479627312497e-01,-5.825794389546870011e-01
1.000000000000000000e+00,-3.091711941286471865e-01,9.996157043009099574e-01,-3.462445687223063007e-01,9.975724774076099033e-01,9.200303036393014944e-02,9.984683915479150018e-01,-3.627734810115125219e-01,1.000000000000000000e+00,-7.370700444329174594e-01,9.969969100697140263e-01,-3.116906482203179451e-01,1.000000000000000000e+00,-2.058508403208265669e-01,1.000000000000000000e+00,-4.506291974784477627e-01,1.000000000000000000e+00,-7.914834675017730081e-01,9.971559098794988696e-01,-6.176506172400149097e-01
1.000000000000000000e+00,-3.336043647971044246e-01,9.985752268217706895e-01,-2.081988629973555993e-01,9.979508032244421845e-01,1.312174856759948938e-01,9.976341647085235076e-01,-2.901736500057259804e-01,9.995901289354055530e-01,-7.448693955043899084e-01,9.973210071499165608e-01,-2.722682857850690086e-01,9.998443837293115033e-01,-1.253372976593506716e-01,1.000000000000000000e+00,-4.006036560220379572e-01,1.000000000000000000e+00,-8.605519436884273565e-01,9.970572331543594569e-01,-6.206831811796000853e-01
1.000000000000000000e+00,-2.990199824588326005e-01,9.990920756729442243e-01,-2.974241075308469151e-01,9.978315109735679256e-01,1.122094517826044968e-01,9.977078145274995702e-01,-3.799458057029124203e-01,1.000000000000000000e+00,-7.195934406342270329e-01,9.970816680502023743e-01,-2.391110497208741303e-01,1.000000000000000000e+00,-2.787146996784115593e-01,1.000000000000000000e+00,-4.133870518225130075e-01,9.998293767392788522e-01,-8.712946713154404721e-01,9.968408199085336818e-01,-5.854198852599518110e-01
1.000000000000000000e+00,-3.051614473305209185e-01,9.995909304951077212e-01,-3.441874929759237145e-01,9.976247156134635530e-01,9.336061613706397866e-02,9.984984265796921221e-01,-3.651857149823990456e-01,1.000000000000000000e+00,-7.353924205521642499e-01,9.970093197668624674e-01,-3.127334379734642011e-01,1.000000000000000000e+00,-2.083220568164616815e-01,1.000000000000000000e+00,-4.567818493857068729e-01,1.000000000000000000e+00,-7.972259952612155143e-01,9.971601595555960040e-01,-6.202424972033968587e-01
1.000000000000000000e+00,-3.528553272568532573e-01,9.992458808905290146e-01,-4.276948660547312819e-01,9.974961078444242180e-01,1.876602513570402309e-02,9.987853853863095654e-01,-4.300282361948809529e-01,9.997061513167093683e-01,-6.926155787849492818e-01,9.973081062737244595e-01,-2.603842886772247955e-01,1.000000000000000000e+00,-1.933973159941023423e-01,1.000000000000000000e+00,-4.161478464533355237e-01,1.000000000000000000e+00,-7.454095892747848451e-01,9.969478582504496256e-01,-6.185812054551860228e-01
1.000000000000000000e+00,-3.483622491341137883e-01,9.992414023036956250e-01,-4.234300247836759734e-01,9.975190425790153581e-01,2.255502813429005604e-02,9.987929726341150394e-01,-4.278996584740490383e-01,9.997224512282357756e-01,-6.905141909571143044e-01,9.973085841926896400e-01,-2.595220337241903596e-01,1.000000000000000000e+00,-1.925346791797275525e-01,1.000000000000000000e+00,-4.171492504990780281e-01,1.000000000000000000e+00,-7.463880097163901883e-01,9.969526047105081723e-01,-6.175251860135151372e-01
1.000000000000000000e+00,-2.970562887476597691e-01,9.995626618003407016e-01,-3.383787621396235901e-01,9.976848513091730597e-01,9.822924262480198232e-02,9.985333364579765947e-01,-3.646536193584131169e-01,1.000000000000000000e+00,-7.300888132980808409e-01,9.970235799511503183e-01,-3.106466837483837229e-01,1.000000000000000000e+00,-2.078527955942456873e-01,1.000000000000000000e+00,-4.605744196760771514e-01,1.000000000000000000e+00,-8.004514406093241607e-01,9.971652584463924773e-01,-6.198627840666692812e-01
1.000000000000000000e+00,-3.515734142550974162e-01,9.993650440511088195e-01,-3.624058163976439095e-01,9.978471804616603213e-01,8.167831501892502954e-02,9.984272309930113387e-01,-3.839650731099125691e-01,1.000000000000000000e+00,-7.348675532447841441e-01,9.973667813043352037e-01,-2.658779290851204236e-01,1.000000000000000000e+00,-2.165141815774316303e-01,1.000000000000000000e+00,-4.618757698853325766e-01,1.000000000000000000e+00,-7.997521805706322429e-01,9.965685049239700888e-01,-6.337151099376479024e-01
1.000000000000000000e+00,-3.217542836950272322e-01,9.991076192968183500e-01,-2.567079292999331352e-01,9.978407409717284793e-01,1.177954588353586907e-01,9.985655902220146318e-01,-2.833983793223066594e-01,1.000000000000000000e+00,-7.500205113305939975e-01,9.972475459530923958e-01,-3.454687077659409633e-01,1.000000000000000000e+00,-6.443632122755416081e-02,1.000000000000000000e+00,-4.580844766416719005e-01,1.000000000000000000e+00,-7.898677777433102953e-01,9.973920701788836496e-01,-6.555686701117651172e-01
1.000000000000000000e+00,-3.452373298032908044e-01,9.993522323137753460e-01,-3.584886440727889090e-01,9.978818031876460770e-01,8.474047188577216172e-02,9.984530655995020876e-01,-3.836387395728542149e-01,1.000000000000000000e+00,-7.318491188955624782e-01,9.973658989360923988e-01,-2.664273959966390048e-01,1.000000000000000000e+00,-2.165312398017966156e-01,1.000000000000000000e+00,-4.649502828518655151e-01,1.000000000000000000e+00,-8.024770779558496603e-01,9.965894788950151462e-01,-6.336701275643981113e-01
1.000000000000000000e+00,-3.413661782233483599e-01,9.993454363455624989e-01,-3.559113393307827278e-01,9.978999878494467790e-01,8.685686919088908553e-02,9.984666226332337136e-01,-3.829546386231812427e-01,1.000000000000000000e+00,-7.297601167180280957e-01,9.973653996559463941e-01,-2.662122716275168166e-01,1.000000000000000000e+00,-2.160209627658508102e-01,1.000000000000000000e+00,-4.660522906496296081e-01,1.000000000000000000e+00,-8.033896776690785391e-01,9.966005490228432295e-01,-6.331225325946402416e-01
1.000000000000000000e+00,-3.317222099035406213e-01,9.992161957311759268e-01,-4.080322839012816560e-01,9.976436000160056050e-01,3.543131369343260895e-02,9.988333493444584432e-01,-4.239342297753347921e-01,9.998092254780491794e-01,-6.866734269145386982e-01,9.973109838361601254e-01,-2.623345318502947610e-01,1.000000000000000000e+00,-1.953513567164303077e-01,1.000000000000000000e+00,-4.302762998314383913e-01,1.000000000000000000e+00,-7.592975108721686794e-01,9.969781512079363139e-01,-6.195169934847057913e-01
1.000000000000000000e+00,-3.296045762056589723e-01,9.992118231523401395e-01,-4.061609068259306454e-01,9.976638846635882407e-01,3.691536078414547895e-02,9.988396851332127513e-01,-4.238829677705280297e-01,9.998230540702273128e-01,-6.867055356317803838e-01,9.973111490239457977e-01,-2.634222928209836168e-01,1.000000000000000000e+00,-1.963934861816965249e-01,1.000000000000000000e+00,-4.330304415352657088e-01,1.000000000000000000e+00,-7.620292141048978785e-01,9.969825017302399450e-01,-6.204487636632718406e-01
1.000000000000000000e+00,-3.279445002631770634e-01,9.992074096482512768e-01,-4.047634943182039091e-01,9.976837052289307950e-01,3.795774625556380677e-02,9.988456848151917589e-01,-4.242318509235921686e-01,9.998363651016450859e-01,-6.871939068077803636e-01,9.973111438677043639e-01,-2.649181094426703575e-01,1.000000000000000000e+00,-1.978124488618577259e-01,1.000000000000000000e+00,-4.361376581436112732e-01,1.000000000000000000e+00,-7.651348072768286990e-01,9.969868762665018425e-01,-6.217710176263615551e-01
1.000000000000000000e+00,-3.267779310618504907e-01,9.992029247861081709e-01,-4.038831831011148732e-01,9.977030388867953459e-01,3.852327592980114845e-02,9.988512827445389375e-01,-4.250128686666718725e-01,9.998490977309379968e-01,-6.881926874170603003e-01,9.973109097815682222e-01,-2.668670707402459596e-01,1.000000000000000000e+00,-1.996412343626934038e-01,1.000000000000000000e+00,-4.396316922334891353e-01,1.000000000000000000e+00,-7.686575540253002270e-01,9.969913182455515388e-01,-6.235172992327016050e-01
1.000000000000000000e+00,-3.675589606024246558e-01,9.988929937279973359e-01,-4.395827884260678498e-01,9.978269482335865304e-01,-4.507437020439264419e-03,9.986300953552378346e-01,-5.012092031671653292e-01,9.998496711431991146e-01,-6.712726566680120577e-01,9.978915743449824349e-01,-3.091860533377445153e-01,1.000000000000000000e+00,-2.274948327123740288e-01,1.000000000000000000e+00,-4.292335112154457288e-01,1.000000000000000000e+00,-7.637141828625966244e-01,9.968346576665559899e-01,-5.682937207896685550e-01
1.000000000000000000e+00,-3.208936563864463465e-01,9.991924355227833621e-01,-3.988471070325096401e-01,9.977455548893630066e-01,4.287864598110141534e-02,9.988633292970986455e-01,-4.236018706204519590e-01,9.998771567530585491e-01,-6.874817649941857844e-01,9.973096569460401239e-01,-2.682075937127589293e-01,1.000000000000000000e+00,-2.005142367431497485e-01,1.000000000000000000e+00,-4.441982413309205624e-01,1.000000000000000000e+00,-7.733668580856303265e-01,9.970021027170099526e-01,-6.241612520358412741e-01
1.000000000000000000e+00,-3.615346397197218842e-01,9.988979480341023676e-01,-4.347867230308979369e-01,9.978616409561881229e-01,9.000924079988203985e-05,9.986492069024330842e-01,-4.975471379442971687e-01,9.998764472668708603e-01,-6.733744135499648564e-01,9.978630026566608358e-01,-3.102778552450462524e-01,1.000000000000000000e+00,-2.284153709263779808e-01,1.000000000000000000e+00,-4.354031537264106966e-01,1.000000000000000000e+00,-7.696672255858723055e-01,9.968518566352317922e-01,-5.725882544004230468e-01
1.000000000000000000e+00,-3.176226453364323077e-01,9.991811096427891670e-01,-3.966978011462766185e-01,9.977844740276534674e-01,4.469741788437342489e-02,9.988718317120093282e-01,-4.243805014611664594e-01,9.999007561685885337e-01,-6.898046565315056888e-01,9.973060456738317425e-01,-2.720781439494620590e-01,1.000000000000000000e+00,-2.034344795263477446e-01,1.000000000000000000e+00,-4.506612248466802528e-01,1.000000000000000000e+00,-7.803217923097975905e-01,9.970140314784533553e-01,-6.269324108860707678e-01
1.000000000000000000e+00,-3.200967550078401280e-01,9.991754425263307260e-01,-3.998075593622532620e-01,9.977996005085493225e-01,4.172727755693356189e-02,9.988727538103079340e-01,-4.282700114004991399e-01,9.999079527716758786e-01,-6.950739146392950207e-01,9.973026344253583808e-01,-2.776408467595443130e-01,1.000000000000000000e+00,-2.082225305406624760e-01,1.000000000000000000e+00,-4.569631384277665909e-01,1.000000000000000000e+00,-7.871398498350474782e-01,9.970200903329896613e-01,-6.317432422943397574e-01
1.000000000000000000e+00,-3.607062654105456234e-01,9.989045479209923695e-01,-4.365039552428540137e-01,9.979035591409751715e-01,-9.319912617965497859e-04,9.986685020096949250e-01,-4.988612040678130910e-01,9.999045078416958221e-01,-6.862661422806819456e-01,9.978107851601508704e-01,-3.199363738278662717e-01,1.000000000000000000e+00,-2.364769564811350089e-01,1.000000000000000000e+00,-4.511357256287192863e-01,1.000000000000000000e+00,-7.861371245399935148e-01,9.968815589001714939e-01,-5.863132282764944581e-01
1.000000000000000000e+00,-3.688923801039787342e-01,9.989906038950696621e-01,-4.794406407563698291e-01,9.981356816208460936e-01,-5.338715825850981478e-02,9.985457592844844132e-01,-5.322977502884120860e-01,1.000000000000000000e+00,-6.910371860420534418e-01,9.977845149361976862e-01,-3.594776904427018360e-01,1.000000000000000000e+00,-2.517441757467563379e-01,1.000000000000000000e+00,-4.627065948433395359e-01,1.000000000000000000e+00,-7.856841278119119920e-01,9.968708331987945481e-01,-5.444037279840479027e-01
1.000000000000000000e+00,-3.192592340428390685e-01,9.991504761940792623e-01,-4.027703178597480393e-01,9.978468537173014186e-01,3.998159879592572130e-02,9.988631244553487498e-01,-4.322309879318540493e-01,9.999249553439152338e-01,-7.081835532434292979e-01,9.972794515456692155e-01,-2.900567987561775141e-01,1.000000000000000000e+00,-2.151163187901932450e-01,1.000000000000000000e+00,-4.693819207760207002e-01,1.000000000000000000e+00,-8.032722154681206650e-01,9.970502882128042810e-01,-6.387313789659712082e-01
1.000000000000000000e+00,-3.597749562211393082e-01,9.989115172509533958e-01,-4.410146518899972223e-01,9.979322141230325682e-01,-2.749958208637215407e-03,9.986639466900473217e-01,-4.975000674179255178e-01,9.999144034075713172e-01,-7.096984338731553432e-01,9.977148306703724767e-01,-3.341354691620982975e-01,1.000000000000000000e+00,-2.434767700671412738e-01,1.000000000000000000e+00,-4.679919965318563024e-01,1.000000000000000000e+00,-8.077891563788872631e-01,9.969335386084086092e-01,-6.021151972077952719e-01
1.000000000000000000e+00,-3.606021399011896111e-01,9.988086710936893153e-01,-4.830068483941198365e-01,9.979078700798875712e-01,-3.815328748023849581e-02,9.985303060082622029e-01,-4.710632010296917915e-01,9.997850917105054469e-01,-7.426014725832787988e-01,9.976749996049597558e-01,-3.416263020866253663e-01,1.000000000000000000e+00,-2.376519315927248521e-01,1.000000000000000000e+00,-4.998755292355335778e-01,1.000000000000000000e+00,-8.557463612152196308e-01,9.966998476338695401e-01,-6.024667634347768974e-01
1.000000000000000000e+00,-3.757156775116648473e-01,9.990162016717901716e-01,-4.771300325335408044e-01,9.980438938020279593e-01,-4.547697798337868580e-02,9.983930106100891155e-01,-5.174107868774238117e-01,1.000000000000000000e+00,-7.604945388620263369e-01,9.975829415801763522e-01,-3.870894106315860839e-01,1.000000000000000000e+00,-2.571994251365520290e-01,1.000000000000000000e+00,-4.849717253231042857e-01,1.000000000000000000e+00,-8.379564154395853226e-01,9.970580551973059480e-01,-5.806813744337510075e-01
1.000000000000000000e+00,-4.431783551288365763e-01,9.994955620228609394e-01,-5.883495681321901927e-01,9.978505032624203075e-01,-1.639300513308633855e-01,9.981729240125711833e-01,-5.350195999358983157e-01,1.000000000000000000e+00,-7.661654930573980060e-01,9.976100795335565152e-01,-4.064720429647259436e-01,1.000000000000000000e+00,-2.584863091112831190e-01,1.000000000000000000e+00,-4.306916577822558212e-01,1.000000000000000000e+00,-6.982085470290249063e-01,9.966398990958955650e-01,-4.950500826175597835e-01
1.000000000000000000e+00,-4.079616894662229099e-01,9.992951395367366541e-01,-4.802800850313834746e-01,9.972402635115059644e-01,-2.931137681849987908e-02,9.987057958094081034e-01,-4.594177460984639749e-01,9.995251548080551496e-01,-7.195656002649342131e-01,9.973064054730796935e-01,-2.742263383566780344e-01,1.000000000000000000e+00,-2.079107220016255808e-01,1.000000000000000000e+00,-4.102568410317646297e-01,1.000000000000000000e+00,-7.385898855259436235e-01,9.968927427998705015e-01,-6.356232796941524432e-01
1.000000000000000000e+00,-4.014711182984381233e-01,9.992902352713707304e-01,-4.740546702827167502e-01,9.972658330824307749e-01,-2.346553919978672242e-02,9.987132260275861650e-01,-4.554517479798404489e-01,9.995432117639394543e-01,-7.160606653951184786e-01,9.973061961079460191e-01,-2.719603175961837760e-01,1.000000000000000000e+00,-2.055014562993629501e-01,1.000000000000000000e+00,-4.098515870870158007e-01,1.000000000000000000e+00,-7.383926302812092723e-01,9.968985112683461658e-01,-6.329238264814192050e-01
1.000000000000000000e+00,-3.950959759797987303e-01,9.992853556806154947e-01,-4.679441759321227856e-01,9.972912664791155901e-01,-1.775202800366332268e-02,9.987207753129052623e-01,-4.516069260466278878e-01,9.995612082249845098e-01,-7.126198828109119310e-01,9.973060760659842039e-01,-2.697721906910468537e-01,1.000000000000000000e+00,-2.031873019008927361e-01,1.000000000000000000e+00,-4.095375182532593472e-01,1.000000000000000000e+00,-7.382574855456502938e-01,9.969042060469208710e-01,-6.303258217728069379e-01
1.000000000000000000e+00,-3.888551302350918282e-01,9.992805084147120542e-01,-4.619662497153635417e-01,9.973165232551790549e-01,-1.218690004043210262e-02,9.987284177240479677e-01,-4.478960089413749346e-01,9.995791121441025551e-01,-7.092581259130099625e-01,9.973060436970933029e-01,-2.676733430550687909e-01,1.000000000000000000e+00,-2.009795430713669506e-01,1.000000000000000000e+00,-4.093226369023594824e-01,1.000000000000000000e+00,-7.381933757284910858e-01,9.969098153883652058e-01,-6.278415214689460067e-01
1.000000000000000000e+00,-3.827666667533193845e-01,9.992757000958065738e-01,-4.561379178072889062e-01,9.973415669293436148e-01,-6.785519691002550591e-03,9.987361281257306489e-01,-4.443313560016378672e-01,9.995968937933291665e-01,-7.059903038068756631e-01,9.973060961906102806e-01,-2.656753158570924200e-01,1.000000000000000000e+00,-1.988894018460427016e-01,1.000000000000000000e+00,-4.092151815563972450e-01,1.000000000000000000e+00,-7.382096689784514165e-01,9.969153294826145206e-01,-6.254829926677460961e-01
1.000000000000000000e+00,-3.768479607466116987e-01,9.992709362875895618e-01,-4.504756658684648807e-01,9.973663648868210663e-01,-1.562643017391673883e-03,9.987438822669194582e-01,-4.409250333845968761e-01,9.996145256447355187e-01,-7.028314021307342507e-01,9.973062296284751493e-01,-2.637898521500281479e-01,1.000000000000000000e+00,-1.969280918590464724e-01,1.000000000000000000e+00,-4.092236811904895744e-01,1.000000000000000000e+00,-7.383162115295400785e-01,9.969207404232154346e-01,-6.232621765656751744e-01
1.000000000000000000e+00,-3.711157657074847238e-01,9.992662214692541456e-01,-4.449955362848665441e-01,9.973908882462303449e-01,3.467483833425211159e-03,9.987516568186597388e-01,-4.376889010612672326e-01,9.996319822243023845e-01,-6.997965412220223946e-01,9.973064390279313685e-01,-2.620289558029710308e-01,1.000000000000000000e+00,-1.951068830878828486e-01,1.000000000000000000e+00,-4.093570178327959330e-01,1.000000000000000000e+00,-7.385233730429945354e-01,9.969260421686761964e-01,-6.211909630144247796e-01
1.000000000000000000e+00,-3.655863193210922013e-01,9.992615590109211743e-01,-4.397132423003547452e-01,9.974151116947945761e-01,8.291011797411595996e-03,9.987594293697833470e-01,-4.346347110297640315e-01,9.996492399376404325e-01,-6.969010536408841716e-01,9.973067183687454040e-01,-2.604049649207695327e-01,1.000000000000000000e+00,-1.934371781965317227e-01,1.000000000000000000e+00,-4.096244984411693824e-01,1.000000000000000000e+00,-7.388421047237414552e-01,9.969312305041031497e-01,-6.192812772083851058e-01
1.000000000000000000e+00,-3.602754668857459652e-01,9.992569511471756094e-01,-4.346443002667202404e-01,9.974390132937482889e-01,1.289436106431485207e-02,9.987671783780454060e-01,-4.317742174454147763e-01,9.996662768651514153e-01,-6.941605835980015904e-01,9.973070605993422655e-01,-2.589306418494357609e-01,1.000000000000000000e+00,-1.919306014333529709e-01,1.000000000000000000e+00,-4.100359373118230844e-01,1.000000000000000000e+00,-7.392840123258528351e-01,9.969363030089201105e-01,-6.175451792911594850e-01
1.000000000000000000e+00,-4.035738935892276280e-01,9.986690880073745280e-01,-5.388547093217328499e-01,9.975704339510661489e-01,-9.192959718634738375e-02,9.983074520738820512e-01,-4.784423175450136512e-01,9.994588311520750112e-01,-6.968948442853399872e-01,9.980611842159169411e-01,-3.044718219840409357e-01,1.000000000000000000e+00,-2.091048511521173547e-01,1.000000000000000000e+00,-4.401312516723281387e-01,1.000000000000000000e+00,-7.975217404903567342e-01,9.962846183928202315e-01,-5.345404747664888045e-01
1.000000000000000000e+00,-3.585843056658707950e-01,9.993121779048576014e-01,-4.425382885469469341e-01,9.976415732695892435e-01,-2.353386061392126472e-03,9.985283045108638289e-01,-4.264641097736689979e-01,9.999283465858536113e-01,-7.249394505612741790e-01,9.975472133780709516e-01,-3.036605144391184563e-01,1.000000000000000000e+00,-2.030745340496356022e-01,1.000000000000000000e+00,-4.093646074574673333e-01,1.000000000000000000e+00,-7.050646305000327629e-01,9.967702699727405413e-01,-5.615810794137934270e-01
1.000000000000000000e+00,-3.411077755065034522e-01,9.992420467293726682e-01,-4.163141075887318854e-01,9.975159217556555102e-01,2.959590386564947551e-02,9.987929071445805773e-01,-4.206732550040583885e-01,9.997216556448279556e-01,-6.832023471569718120e-01,9.973085519589333092e-01,-2.521542751986824982e-01,1.000000000000000000e+00,-1.850945646409110634e-01,1.000000000000000000e+00,-4.093937026847591643e-01,1.000000000000000000e+00,-7.386075990126299562e-01,9.969526049548064206e-01,-6.099642667032703081e-01
1.000000000000000000e+00,-3.369601700518345955e-01,9.992377150064648550e-01,-4.123842501886615941e-01,9.975380556405482047e-01,3.305722230566687792e-02,9.988002675180542855e-01,-4.188107263652683376e-01,9.997373885184616116e-01,-6.813407988511145374e-01,9.973090669019627486e-01,-2.514955071856354585e-01,1.000000000000000000e+00,-1.844453571435454020e-01,1.000000000000000000e+00,-4.105491876825442810e-01,1.000000000000000000e+00,-7.397261273619070154e-01,9.969571429095901438e-01,-6.091358046900861023e-01
1.000000000000000000e+00,-2.863697766218830099e-01,9.995546547854621267e-01,-3.285120832170628224e-01,9.977025026025968524e-01,1.076369552985724787e-01,9.985444098205926711e-01,-3.565555921276402640e-01,1.000000000000000000e+00,-7.205403089930364491e-01,9.970277810072994962e-01,-3.021633438998224119e-01,1.000000000000000000e+00,-1.997672994799623569e-01,1.000000000000000000e+00,-4.536827538997958431e-01,1.000000000000000000e+00,-7.933421812669629869e-01,9.971673165300196651e-01,-6.116359179791238665e-01
1.000000000000000000e+00,-3.337762814932406785e-01,9.992303533019543105e-01,-4.095005635244702846e-01,9.975751407452532193e-01,3.521382836711373088e-02,9.988121639256778428e-01,-4.193066105754439388e-01,9.997630261382651762e-01,-6.818607805487963969e-01,9.973099043018516241e-01,-2.539820510410636389e-01,1.000000000000000000e+00,-1.869783166333730540e-01,1.000000000000000000e+00,-4.161493595221156250e-01,1.000000000000000000e+00,-7.452621770319585170e-01,9.969644700096489398e-01,-6.114483627062465843e-01
1.000000000000000000e+00,-3.304476171310204990e-01,9.992260850202920874e-01,-4.063875835299857742e-01,9.975963939180519935e-01,3.787722821967992592e-02,9.988191780394236607e-01,-4.181663187130456039e-01,9.997779738598968624e-01,-6.807096029876988919e-01,9.973103862989582957e-01,-2.539824920727448143e-01,1.000000000000000000e+00,-1.869881223021224725e-01,1.000000000000000000e+00,-4.179136460117092167e-01,1.000000000000000000e+00,-7.469751046980592779e-01,9.969688157047376098e-01,-6.113093502975388560e-01
1.000000000000000000e+00,-3.274724331508992448e-01,9.992218401851860055e-01,-4.036296406250268753e-01,9.976172367162597920e-01,4.019934504052291580e-02,9.988260009316028976e-01,-4.173326239032079665e-01,9.997925447288726897e-01,-6.798732428607476841e-01,9.973108238486351196e-01,-2.542695842741719003e-01,1.000000000000000000e+00,-1.872785743306207284e-01,1.000000000000000000e+00,-4.199339872009458796e-01,1.000000000000000000e+00,-7.489444011029153803e-01,9.969730956319150517e-01,-6.114631690540091036e-01
1.000000000000000000e+00,-3.248726350177244537e-01,9.992176062558614236e-01,-4.012513715907102263e-01,9.976376624038496566e-01,4.215948811121983386e-02,9.988326045959594612e-01,-4.168253005915799614e-01,9.998067127883892846e-01,-6.793812182123999399e-01,9.973111919791509683e-01,-2.548689662825653346e-01,1.000000000000000000e+00,-1.878704691991270881e-01,1.000000000000000000e+00,-4.222314459273435738e-01,1.000000000000000000e+00,-7.511953725759918932e-01,9.969773277284106339e-01,-6.119307992530156337e-01
1.000000000000000000e+00,-3.226726328540009958e-01,9.992133674755184769e-01,-3.992806883349083735e-01,9.976576627409515785e-01,4.373434962120120728e-02,9.988389557889119086e-01,-4.166664814999972433e-01,9.998204469545102224e-01,-6.792673099059434172e-01,9.973114603769265285e-01,-2.558098067799624564e-01,1.000000000000000000e+00,-1.887869992845319922e-01,1.000000000000000000e+00,-4.248296449440323030e-01,1.000000000000000000e+00,-7.537566804577955359e-01,9.969815343396546403e-01,-6.127356645405290791e-01
1.000000000000000000e+00,-3.547451814113782853e-01,9.989137618412770037e-01,-2.716571844280754044e-01,9.980688499466177088e-01,1.135415064785548767e-01,9.985077120564656017e-01,-3.011698330831988346e-01,9.997886287116469761e-01,-7.392779104156776970e-01,9.975819202326363655e-01,-2.897029110152996023e-01,1.000000000000000000e+00,-7.637844787943071090e-02,1.000000000000000000e+00,-4.581836085344598297e-01,1.000000000000000000e+00,-7.875925128794211139e-01,9.968021343683464153e-01,-6.589582890804766002e-01
1.000000000000000000e+00,-3.214402583509640698e-01,9.993207019357849274e-01,-3.408349494850495542e-01,9.979647523930244013e-01,1.001863683828859153e-01,9.985150343192876754e-01,-3.747067412546219445e-01,1.000000000000000000e+00,-7.165952452723070021e-01,9.973632657376162447e-01,-2.597437903423320815e-01,1.000000000000000000e+00,-2.083409690905427825e-01,1.000000000000000000e+00,-4.641387534662926306e-01,1.000000000000000000e+00,-8.007809173099390554e-01,9.966407284390346177e-01,-6.252262041955745087e-01
1.000000000000000000e+00,-3.199048592564298077e-01,9.993142010913268480e-01,-3.405364043917200600e-01,9.979801987342602487e-01,1.001819702926385336e-01,9.985261166188790227e-01,-3.758948215937800152e-01,1.000000000000000000e+00,-7.167493357424659095e-01,9.973621566603426691e-01,-2.614338405734906168e-01,1.000000000000000000e+00,-2.096423985646123367e-01,1.000000000000000000e+00,-4.668825534833714874e-01,1.000000000000000000e+00,-8.034296227479519326e-01,9.966509278686233042e-01,-6.265521440014418797e-01
1.000000000000000000e+00,-2.670561385475654914e-01,9.993498634919272261e-01,-3.732224938506532030e-01,9.976110503540053243e-01,6.180736160186711681e-02,9.989737810182959254e-01,-4.028457411598695970e-01,1.000000000000000000e+00,-6.746350201438280347e-01,9.970226866194047410e-01,-2.992804184495032049e-01,1.000000000000000000e+00,-1.865130989835512287e-01,1.000000000000000000e+00,-4.365542903771292282e-01,9.997851705616902507e-01,-7.668046552507131741e-01,9.975181236916680350e-01,-6.059404016395811832e-01
1.000000000000000000e+00,-3.200537640070663103e-01,9.991914319449729520e-01,-3.981024222947118218e-01,9.977494302890679290e-01,4.356110399498497321e-02,9.988644135025902537e-01,-4.231866602882242701e-01,9.998797288107212911e-01,-6.871466387752781513e-01,9.973094873323735676e-01,-2.680572912377447992e-01,1.000000000000000000e+00,-2.003052706544380113e-01,1.000000000000000000e+00,-4.443280861603574050e-01,1.000000000000000000e+00,-7.735155783454219502e-01,9.970031674889238138e-01,-6.239268746563003676e-01
1.000000000000000000e+00,-2.792138216493710301e-01,9.994546142886220341e-01,-3.300036120126839112e-01,9.978978171997366919e-01,1.038900609972570055e-01,9.986515945809795181e-01,-3.738897578811570255e-01,1.000000000000000000e+00,-7.239613389067938165e-01,9.970686266737984749e-01,-3.151536861152048896e-01,1.000000000000000000e+00,-2.168508759355078919e-01,1.000000000000000000e+00,-4.854403292301046613e-01,1.000000000000000000e+00,-8.237313714343681426e-01,9.971883352548810420e-01,-6.297323036264821372e-01
1.000000000000000000e+00,-3.333133458881172850e-01,9.992901387949930658e-01,-3.585126272577414674e-01,9.980243680409818241e-01,8.224252837821843798e-02,9.985546174393152841e-01,-3.970281685724936227e-01,1.000000000000000000e+00,-7.363566637255408720e-01,9.973528054107397844e-01,-2.849762938079757335e-01,1.000000000000000000e+00,-2.308791411212668399e-01,1.000000000000000000e+00,-4.927373758067804532e-01,1.000000000000000000e+00,-8.298364751714667475e-01,9.966875982277680901e-01,-6.482864985642130540e-01
1.000000000000000000e+00,-3.299932272390230792e-01,9.991763224004824862e-01,-4.095040711316033089e-01,9.977936019620677888e-01,3.241154781285393582e-02,9.988687978011415725e-01,-4.370947430344286344e-01,9.999016600580389325e-01,-7.043339003729274239e-01,9.973016409238311120e-01,-2.863298660511730542e-01,1.000000000000000000e+00,-2.168254087441418010e-01,1.000000000000000000e+00,-4.651541448907310361e-01,1.000000000000000000e+00,-7.955414837030156949e-01,9.970187070577217758e-01,-6.405425505594586344e-01
1.000000000000000000e+00,-2.930509826450956590e-01,9.994231965057839284e-01,-3.474135262360642518e-01,9.979343136103030476e-01,8.755485805175833303e-02,9.986633600271895839e-01,-3.922453618893715910e-01,1.000000000000000000e+00,-7.426845444680412189e-01,9.970681867257095154e-01,-3.340276346894928694e-01,1.000000000000000000e+00,-2.344710010234486164e-01,1.000000000000000000e+00,-5.064213634174008494e-01,9.999972903255942569e-01,-8.461327978227581870e-01,9.971997295700940622e-01,-6.480944617744064384e-01
1.000000000000000000e+00,-3.441448556531320202e-01,9.991634460008022023e-01,-4.253336024416697336e-01,9.978156617693604291e-01,1.763144462162985482e-02,9.988602944873473666e-01,-4.527832537462953555e-01,9.999057995231391827e-01,-7.252666980482789238e-01,9.972886754825710520e-01,-3.064546124844140240e-01,1.000000000000000000e+00,-2.340753506241256277e-01,1.000000000000000000e+00,-4.851549100430514461e-01,1.000000000000000000e+00,-8.176911308332716066e-01,9.970332876049228243e-01,-6.580910930710599516e-01
1.000000000000000000e+00,-3.494198793863205754e-01,9.991543543366862012e-01,-4.320393449901648308e-01,9.978267231721517083e-01,1.170276834250100206e-02,9.988502241641822321e-01,-4.588306883975080686e-01,9.999058239244890123e-01,-7.360171993420219216e-01,9.972771457595336342e-01,-3.160904511489091573e-01,1.000000000000000000e+00,-2.409798561187150856e-01,1.000000000000000000e+00,-4.937864547372375901e-01,1.000000000000000000e+00,-8.283296266901114535e-01,9.970447743441372968e-01,-6.652078448045670722e-01
1.000000000000000000e+00,-3.155183368445038661e-01,9.984043992166997672e-01,-3.069392144490359353e-01,9.981489958705959120e-01,6.710339598793352289e-02,9.979684759593303589e-01,-3.799958346591066904e-01,9.998584233292221457e-01,-7.723577794357293635e-01,9.973919240590234381e-01,-3.315455871742227778e-01,1.000000000000000000e+00,-2.833322594719513976e-01,1.000000000000000000e+00,-4.768398179064335385e-01,1.000000000000000000e+00,-9.358424039555157670e-01,9.969538504060619921e-01,-6.555775069502720598e-01
1.000000000000000000e+00,-3.363531328952938937e-01,9.993507581091484182e-01,-4.012006791358386226e-01,9.979457803816841333e-01,3.881884228182386209e-02,9.986079659579002454e-01,-4.361645450023228232e-01,1.000000000000000000e+00,-8.071712146307676861e-01,9.970235563171999660e-01,-3.882488127672847900e-01,1.000000000000000000e+00,-2.737301756925993312e-01,1.000000000000000000e+00,-5.508811490025953272e-01,9.999901381982631010e-01,-9.034304586360679679e-01,9.972403840643442319e-01,-6.909923070873416062e-01
1.000000000000000000e+00,-3.905534614371891089e-01,9.994375940909807632e-01,-3.873210567089105938e-01,9.976509472717604021e-01,6.114695397647645914e-02,9.982787903349767955e-01,-3.887030634828571585e-01,1.000000000000000000e+00,-7.544920846551246285e-01,9.973737113263357879e-01,-2.651388107404536454e-01,1.000000000000000000e+00,-2.191803914448331447e-01,1.000000000000000000e+00,-4.475791058102822628e-01,1.000000000000000000e+00,-7.867304319250167932e-01,9.964448623573488595e-01,-6.370286405819082232e-01
1.000000000000000000e+00,-3.836048298244725263e-01,9.994297063019706995e-01,-3.819960743371019762e-01,9.976719057914609223e-01,6.602577113982693868e-02,9.982949686183049121e-01,-3.855448487598807095e-01,1.000000000000000000e+00,-7.498180948090584774e-01,9.973725996708825425e-01,-2.626670666973155432e-01,1.000000000000000000e+00,-2.162441460202698673e-01,1.000000000000000000e+00,-4.464108201260263975e-01,1.000000000000000000e+00,-7.855104046890364344e-01,9.964589205523820548e-01,-6.339529942471664459e-01
1.000000000000000000e+00,-3.237526976384640931e-01,9.989423157649612861e-01,-3.091681922417371942e-01,9.975157207860382291e-01,7.697179953730193258e-02,9.983601795427289316e-01,-2.974292329159871628e-01,1.000000000000000000e+00,-7.495329359194553565e-01,9.973416040782461245e-01,-3.434596555078043845e-01,1.000000000000000000e+00,-1.651412588592692243e-01,1.000000000000000000e+00,-4.137933241907968407e-01,1.000000000000000000e+00,-7.791277643428317079e-01,9.971233440385288693e-01,-6.279346696840135689e-01
1.000000000000000000e+00,-3.145940887042089629e-01,9.996328834502570260e-01,-3.502477724978674822e-01,9.975364902319847626e-01,8.848498613536537327e-02,9.984474905131142108e-01,-3.636724906007443026e-01,1.000000000000000000e+00,-7.407476772718468716e-01,9.969884237659641935e-01,-3.134929507588814501e-01,1.000000000000000000e+00,-2.067151147908678765e-01,1.000000000000000000e+00,-4.490033500397536126e-01,1.000000000000000000e+00,-7.900931467918239637e-01,9.971527086739325751e-01,-6.184957780749854583e-01
1.000000000000000000e+00,-3.449162352877463422e-01,9.991530279711601237e-01,-2.643236078577458903e-01,9.976689093589319324e-01,1.076623518312073147e-01,9.984611618374280573e-01,-2.748667676918423175e-01,1.000000000000000000e+00,-7.643595293644289690e-01,9.972245714918713810e-01,-3.514381133292953652e-01,1.000000000000000000e+00,-5.123769497199059941e-02,1.000000000000000000e+00,-4.426548222197861926e-01,1.000000000000000000e+00,-7.756799302543218033e-01,9.973935704028141780e-01,-6.561275172129674704e-01
1.000000000000000000e+00,-3.676203216258751572e-01,9.994043650054416084e-01,-3.710267565800816625e-01,9.977401148322493363e-01,7.551519911880266722e-02,9.983469577613015566e-01,-3.815893592683497482e-01,1.000000000000000000e+00,-7.407727401897181707e-01,9.973697698452701488e-01,-2.607318790219984583e-01,1.000000000000000000e+00,-2.130159095906193067e-01,1.000000000000000000e+00,-4.490216075110762817e-01,1.000000000000000000e+00,-7.877896210683760225e-01,9.965029016638355941e-01,-6.304229184690912646e-01
1.000000000000000000e+00,-3.281115741177811351e-01,9.987766098850828778e-01,-2.493962264768080916e-01,9.983069243134827797e-01,1.526412694231790157e-01,9.973533825677122211e-01,-2.429127193877962942e-01,9.994484324767396455e-01,-7.036477912744034668e-01,9.973913661320290558e-01,-2.366068776946179120e-01,9.998616395152986058e-01,-9.213075400421225081e-02,1.000000000000000000e+00,-3.858731455910716646e-01,9.997294232309544837e-01,-8.289596219039054859e-01,9.968786203266981616e-01,-6.305107287582381037e-01
1.000000000000000000e+00,-2.953846005155624788e-01,9.990902417760255672e-01,-2.943641060668968357e-01,9.978394057271762208e-01,1.152209710220834515e-01,9.977168192595747831e-01,-3.774333964722803025e-01,1.000000000000000000e+00,-7.165202007224505953e-01,9.970834154591565746e-01,-2.368019635309512871e-01,1.000000000000000000e+00,-2.759538724733939241e-01,1.000000000000000000e+00,-4.117480508202985834e-01,9.998301794973661893e-01,-8.690374932096220917e-01,9.968432309318557838e-01,-5.830994096216608469e-01
1.000000000000000000e+00,-3.016869916153023246e-01,9.995870529144460503e-01,-3.410773924676378521e-01,9.976330579895198447e-01,9.630162858295115980e-02,9.985034976058783096e-01,-3.628598559920388489e-01,1.000000000000000000e+00,-7.324020006259638338e-01,9.970112853130321806e-01,-3.102154031649745347e-01,1.000000000000000000e+00,-2.060027709110277272e-01,1.000000000000000000e+00,-4.550310611378269865e-01,1.000000000000000000e+00,-7.953961623745771092e-01,9.971610427968562451e-01,-6.178854550369036192e-01
1.000000000000000000e+00,-3.009751548059587667e-01,9.983811303396805670e-01,-2.522639397525773264e-01,9.978781809022683191e-01,1.047956236388562501e-01,9.976492932124704227e-01,-3.165623302748105106e-01,9.997421492186869818e-01,-7.240094145763775746e-01,9.974424972896682728e-01,-2.667964073954062210e-01,9.998780900204654598e-01,-2.402040596244452431e-01,1.000000000000000000e+00,-3.841042166419873505e-01,1.000000000000000000e+00,-8.667152064722467575e-01,9.968133610703098224e-01,-5.954237723269586446e-01
1.000000000000000000e+00,-3.014985850960532621e-01,9.995719048215482294e-01,-3.420329016536355349e-01,9.976650637495608764e-01,9.492631876870594176e-02,9.985216797809165490e-01,-3.665233982936037527e-01,1.000000000000000000e+00,-7.335397341432099427e-01,9.970188957478025582e-01,-3.130120786943829114e-01,1.000000000000000000e+00,-2.097039942896701537e-01,1.000000000000000000e+00,-4.610314499364548402e-01,1.000000000000000000e+00,-8.011100780365272289e-01,9.971634540651362899e-01,-6.217184830907022119e-01
1.000000000000000000e+00,-3.562962454100537246e-01,9.993710925244552179e-01,-3.659503121905901546e-01,9.978305967091997131e-01,7.857116052902868297e-02,9.984146619967637637e-01,-3.857483310898661144e-01,1.000000000000000000e+00,-7.379523192277979149e-01,9.973671651737011645e-01,-2.672321951682986585e-01,1.000000000000000000e+00,-2.181306324059251733e-01,1.000000000000000000e+00,-4.620511937913374112e-01,1.000000000000000000e+00,-8.000950366719318252e-01,9.965583840651571768e-01,-6.353999300813315543e-01
1.000000000000000000e+00,-3.443321360881391180e-01,9.992331049669462839e-01,-4.197443790657630069e-01,9.975609646178619228e-01,2.542884955753221821e-02,9.988063903892090423e-01,-4.280309227145487894e-01,9.997514671138016951e-01,-6.907063787585006054e-01,9.973094600718489522e-01,-2.619301052360242799e-01,1.000000000000000000e+00,-1.949807077635956620e-01,1.000000000000000000e+00,-4.230518877153155999e-01,1.000000000000000000e+00,-7.522391541403645743e-01,9.969609557186449589e-01,-6.197076466657145399e-01
1.000000000000000000e+00,-3.407008213303999722e-01,9.992286988277709892e-01,-4.163382849619178816e-01,9.975829616388585119e-01,2.837452172019461205e-02,9.988136380428285221e-01,-4.266648412394468681e-01,9.997669495141194851e-01,-6.893440211125050343e-01,9.973099257431151665e-01,-2.617564400190225959e-01,1.000000000000000000e+00,-1.948102996470355841e-01,1.000000000000000000e+00,-4.246926266195331090e-01,1.000000000000000000e+00,-7.538362230178810020e-01,9.969654839643347088e-01,-6.193767912512084806e-01
1.000000000000000000e+00,-3.130961827306569245e-01,9.985819862709948147e-01,-2.067941761830763003e-01,9.980934640329321983e-01,1.378971563943485745e-01,9.978087742925806358e-01,-2.982236860787013666e-01,9.996941314312699500e-01,-7.336411648872520619e-01,9.973348167179063584e-01,-2.744970643833720692e-01,9.999376339334806740e-01,-1.327512100509455895e-01,1.000000000000000000e+00,-4.205175340336173018e-01,1.000000000000000000e+00,-8.679539887750475913e-01,9.970853583676806409e-01,-6.243956261211183190e-01
1.000000000000000000e+00,-3.185825565132562320e-01,9.990967356682528555e-01,-2.572400784717375211e-01,9.978811828554488006e-01,1.178758754490599747e-01,9.985897386934353692e-01,-2.876805350815895279e-01,1.000000000000000000e+00,-7.489134251575160217e-01,9.972526711256329834e-01,-3.463091544868877603e-01,1.000000000000000000e+00,-6.982089774535005233e-02,1.000000000000000000e+00,-4.640454421617801195e-01,1.000000000000000000e+00,-7.954889342298879784e-01,9.973916806852111128e-01,-6.577426884126078566e-01
1.000000000000000000e+00,-2.913714828559645920e-01,9.995172340926101739e-01,-3.363227172337350801e-01,9.977798574537439791e-01,9.889245088434728270e-02,9.985873393490821703e-01,-3.707384812950820230e-01,1.000000000000000000e+00,-7.287420410449363395e-01,9.970455718643072007e-01,-3.142802544801278075e-01,1.000000000000000000e+00,-2.139944588317845842e-01,1.000000000000000000e+00,-4.736394672445416454e-01,1.000000000000000000e+00,-8.125739884667124713e-01,9.971733181264471613e-01,-6.263570045425028709e-01
1.000000000000000000e+00,-2.943238709957375909e-01,9.995101325260693503e-01,-3.398033220213039218e-01,9.977937260382421236e-01,9.531648703025497049e-02,9.985946647411885202e-01,-3.752682027851941826e-01,1.000000000000000000e+00,-7.322783909586128015e-01,9.970485327915824536e-01,-3.184580188581813687e-01,1.000000000000000000e+00,-2.185157558759375229e-01,1.000000000000000000e+00,-4.792217241037483033e-01,1.000000000000000000e+00,-8.180661385553454901e-01,9.971744852698036787e-01,-6.310180397713958111e-01
1.000000000000000000e+00,-3.419029901804613858e-01,9.992099980866416820e-01,-4.183371104750993053e-01,9.976703686226416901e-01,2.493664087036817634e-02,9.988394926979476951e-01,-4.362430659938292266e-01,9.998246001100935532e-01,-6.994792980422233075e-01,9.973104506972336747e-01,-2.762600024932705400e-01,1.000000000000000000e+00,-2.092017030274154199e-01,1.000000000000000000e+00,-4.465101293979723551e-01,1.000000000000000000e+00,-7.756579949684198061e-01,9.969833744151821442e-01,-6.334623113581290266e-01
1.000000000000000000e+00,-3.403617259061226252e-01,9.992053172358767998e-01,-4.170962413890665355e-01,9.976906850924098791e-01,2.584306282709791791e-02,9.988454034166871498e-01,-4.367551865607059991e-01,9.998380478743421618e-01,-7.002225985177181755e-01,9.973102042129872169e-01,-2.780043066995183110e-01,1.000000000000000000e+00,-2.108178960457834927e-01,1.000000000000000000e+00,-4.498697149525670569e-01,1.000000000000000000e+00,-7.790521329190580602e-01,9.969880546687200917e-01,-6.349831844830543526e-01
1.000000000000000000e+00,-2.962055962756091065e-01,9.994830272529932058e-01,-3.440091645004154097e-01,9.978451762779234624e-01,9.065687950631912129e-02,9.986222086198185410e-01,-3.834703386393544799e-01,1.000000000000000000e+00,-7.369708222767847872e-01,9.970588533163313727e-01,-3.255532124758481194e-01,1.000000000000000000e+00,-2.266218650305154569e-01,1.000000000000000000e+00,-4.912490053140180502e-01,1.000000000000000000e+00,-8.298184006252128375e-01,9.971801967774869269e-01,-6.394819060021842416e-01
1.000000000000000000e+00,-3.016520433444895843e-01,9.994753423859530361e-01,-3.501072147163611370e-01,9.978575548242061277e-01,8.465696866857858049e-02,9.986278273792048576e-01,-3.902687491716284596e-01,1.000000000000000000e+00,-7.431771669707751826e-01,9.970606746729597791e-01,-3.321562631005597344e-01,1.000000000000000000e+00,-2.333473294784187413e-01,1.000000000000000000e+00,-4.989914529377788011e-01,9.999996804905527670e-01,-8.376443343844479639e-01,9.971819188854459393e-01,-6.464131105559465240e-01
1.000000000000000000e+00,-3.120451827020451208e-01,9.988768827022749264e-01,-3.202388118060548461e-01,9.978781903115105933e-01,7.039519672742211576e-02,9.985746024713907376e-01,-3.421036755431110521e-01,1.000000000000000000e+00,-7.553920218055737434e-01,9.973634546184688698e-01,-3.637053247915735255e-01,1.000000000000000000e+00,-2.057266472964641435e-01,1.000000000000000000e+00,-4.795473081598976561e-01,1.000000000000000000e+00,-8.384923021846110158e-01,9.971617406433398445e-01,-6.617566892697297476e-01
1.000000000000000000e+00,-3.321696182887170501e-01,9.985832902790627852e-01,-2.449904006517722999e-01,9.982135869662119854e-01,1.067427310584337929e-01,9.979554154244226760e-01,-3.417057999146086433e-01,9.997682151500328906e-01,-7.624504683166428709e-01,9.973364862300224676e-01,-3.135863142794991787e-01,1.000000000000000000e+00,-1.751662993512990152e-01,1.000000000000000000e+00,-4.743913634458313822e-01,1.000000000000000000e+00,-9.113918467374600985e-01,9.971154577667977748e-01,-6.640584830807769734e-01
1.000000000000000000e+00,-3.433256858074335005e-01,9.990498749607874540e-01,-2.971927925993203545e-01,9.980132950947577797e-01,8.267271937112025126e-02,9.986578730231591150e-01,-3.372257644379891284e-01,1.000000000000000000e+00,-7.830800534881215968e-01,9.972578632264388343e-01,-3.846775266424021233e-01,1.000000000000000000e+00,-1.228143704959270832e-01,1.000000000000000000e+00,-5.185280913001305558e-01,1.000000000000000000e+00,-8.507704114685719077e-01,9.973956731865607495e-01,-6.995026634707059987e-01
1.000000000000000000e+00,-3.704737222105081162e-01,9.992819376448477398e-01,-3.970219526168953794e-01,9.980227375630246200e-01,4.529198694001052017e-02,9.985471160275903868e-01,-4.334530504311264187e-01,1.000000000000000000e+00,-7.753957524437737892e-01,9.973424882175708772e-01,-3.230039518760928763e-01,1.000000000000000000e+00,-2.669434065650384547e-01,1.000000000000000000e+00,-5.295192822824675849e-01,1.000000000000000000e+00,-8.681629516830022819e-01,9.966988391118345447e-01,-6.852038443125505474e-01
1.000000000000000000e+00,-3.726022433263753153e-01,9.992711379312319009e-01,-4.015590654154426176e-01,9.980331976659816418e-01,4.116910151506530946e-02,9.985514079666265586e-01,-4.380993671260329236e-01,1.000000000000000000e+00,-7.812694976145603265e-01,9.973339497316831004e-01,-3.294747641292567475e-01,1.000000000000000000e+00,-2.713221557462586198e-01,1.000000000000000000e+00,-5.354046302318556938e-01,1.000000000000000000e+00,-8.751010784006341137e-01,9.967163035412787142e-01,-6.897987126135780578e-01
1.000000000000000000e+00,-3.551278569674405361e-01,9.990203853323934569e-01,-3.184379858177009415e-01,9.980478122993087231e-01,6.558075558539561145e-02,9.986601465997951843e-01,-3.579379418212790265e-01,1.000000000000000000e+00,-8.043270775079061075e-01,9.972405860044467607e-01,-4.037314950525169310e-01,1.000000000000000000e+00,-1.437369246515005639e-01,1.000000000000000000e+00,-5.392456188035626985e-01,1.000000000000000000e+00,-8.753403710351632672e-01,9.974091641946298825e-01,-7.157604887042287034e-01
1.000000000000000000e+00,-3.556971222547787859e-01,9.987499379046953507e-01,-3.307029610344929260e-01,9.985696843478036877e-01,8.755665467518580769e-02,9.977498436022700368e-01,-3.403107965670222335e-01,9.996267250678358973e-01,-7.722642846155074459e-01,9.973570726197842351e-01,-3.269570208517195153e-01,1.000000000000000000e+00,-1.825654078979161155e-01,1.000000000000000000e+00,-5.055643193158734228e-01,9.997325941546340022e-01,-9.271569564935638885e-01,9.970018860573511832e-01,-7.095141020622950379e-01
1.000000000000000000e+00,-3.535519237975529028e-01,9.984035468382245204e-01,-3.484755011385363699e-01,9.981263036772827224e-01,2.879399540764365772e-02,9.979381342788363751e-01,-4.142447514834385336e-01,9.998214353117357289e-01,-8.175683326556821839e-01,9.973631859032491276e-01,-3.712297798236355861e-01,1.000000000000000000e+00,-3.145110800724384981e-01,1.000000000000000000e+00,-5.102373923710480375e-01,1.000000000000000000e+00,-9.736541137753033093e-01,9.969697317742892695e-01,-6.898368959447356286e-01
1.000000000000000000e+00,-3.997359513725686209e-01,9.986224341743734634e-01,-3.418605571622292949e-01,9.981418331024666246e-01,2.922416415406514645e-02,9.978628073067116189e-01,-4.176088029540852009e-01,9.996573921016461695e-01,-8.772859950319032984e-01,9.972398748712013594e-01,-4.085409347305216099e-01,1.000000000000000000e+00,-2.405120371744887131e-01,1.000000000000000000e+00,-5.457228446735024052e-01,9.999757603318647492e-01,-9.988834614580999194e-01,9.972923826799426905e-01,-7.240195116135923481e-01
1.000000000000000000e+00,-3.787211060316169609e-01,9.985641260134096031e-01,-2.173465608113086533e-01,9.976957749459340885e-01,1.105578344223822063e-01,9.973154207455886544e-01,-2.839685877106604694e-01,9.994144105239611831e-01,-7.716800748222221173e-01,9.972988658752968139e-01,-2.756663864958290855e-01,9.996736249890957327e-01,-1.207426268833217964e-01,1.000000000000000000e+00,-3.740564147277027907e-01,1.000000000000000000e+00,-8.552317600412080445e-01,9.970013634578056561e-01,-6.228974893693892678e-01
1.000000000000000000e+00,-3.400461050616840897e-01,9.997318766405449697e-01,-3.674178640655355599e-01,9.973366413962007071e-01,7.317735693364474381e-02,9.983332790707811766e-01,-3.643816513746385155e-01,1.000000000000000000e+00,-7.560316999631901957e-01,9.969420919865310537e-01,-3.189954205723991576e-01,1.000000000000000000e+00,-2.073159325029109157e-01,1.000000000000000000e+00,-4.361058569605476554e-01,1.000000000000000000e+00,-7.775777385189213131e-01,9.971337852117427847e-01,-6.189852338532620957e-01
1.000000000000000000e+00,-3.454552708135095185e-01,9.989733574765446988e-01,-3.200692353979203153e-01,9.973454037644789993e-01,6.363382958823249336e-02,9.982571362622022493e-01,-2.925278005156056182e-01,1.000000000000000000e+00,-7.626474460724942395e-01,9.973293439852672915e-01,-3.499303326046924179e-01,1.000000000000000000e+00,-1.620233993899221070e-01,1.000000000000000000e+00,-3.997583018320098880e-01,1.000000000000000000e+00,-7.672604578032293787e-01,9.971051775832234787e-01,-6.285940453512489645e-01
1.000000000000000000e+00,-3.987876045678006576e-01,9.994680475728847657e-01,-3.895758948646942388e-01,9.975720011697343237e-01,6.017060015891628755e-02,9.982192689392629381e-01,-3.832567652419124338e-01,9.999964360075704883e-01,-7.545640984919477212e-01,9.973785223430409186e-01,-2.570789534110838881e-01,1.000000000000000000e+00,-2.128711262913734747e-01,1.000000000000000000e+00,-4.345047916196804749e-01,1.000000000000000000e+00,-7.736362864057830802e-01,9.963914009054649634e-01,-6.309250660387450971e-01
1.000000000000000000e+00,-3.353846880902355276e-01,9.989646058773108406e-01,-3.130469269918646491e-01,9.973910438076496465e-01,7.134486826628788636e-02,9.982849082537924579e-01,-2.897358248525575553e-01,1.000000000000000000e+00,-7.551465340701715157e-01,9.973324290183902541e-01,-3.441722168288931516e-01,1.000000000000000000e+00,-1.587339989000949581e-01,1.000000000000000000e+00,-3.993126953769620124e-01,1.000000000000000000e+00,-7.663550182269602828e-01,9.971105857279415341e-01,-6.241975052587263040e-01
1.000000000000000000e+00,-3.242426922058117000e-01,9.996912815473893987e-01,-3.551706154835306273e-01,9.974170300784249710e-01,8.476405322335883730e-02,9.983793246471973637e-01,-3.587094857452758911e-01,1.000000000000000000e+00,-7.446997351870834336e-01,9.969604324899812298e-01,-3.115154136224066450e-01,1.000000000000000000e+00,-2.016569264421096408e-01,1.000000000000000000e+00,-4.357518519290760062e-01,1.000000000000000000e+00,-7.772783871201869310e-01,9.971421717750758029e-01,-6.132472832540051266e-01
1.000000000000000000e+00,-3.517607247530799008e-01,9.985683742026952858e-01,-2.066795620909462339e-01,9.978076073644128741e-01,1.265901509478773446e-01,9.974566015599116708e-01,-2.798101240033641357e-01,9.994901281109815905e-01,-7.534260303963640215e-01,9.973077936647287700e-01,-2.675695681255075842e-01,9.997497110368408491e-01,-1.157388886012704066e-01,1.000000000000000000e+00,-3.786103738679463815e-01,1.000000000000000000e+00,-8.507192789299629077e-01,9.970276835723126396e-01,-6.148172187838694125e-01
1.000000000000000000e+00,-3.463646884056045261e-01,9.987774655332585239e-01,-2.506675484958352795e-01,9.981832976678253200e-01,1.479432206366661506e-01,9.971736066788701169e-01,-2.323563800625746689e-01,9.993469847569720343e-01,-7.114508371233978501e-01,9.973811665913198121e-01,-2.319101114883384274e-01,9.997720464897945636e-01,-8.280618390495853021e-02,1.000000000000000000e+00,-3.653849150528551415e-01,9.997258490236918815e-01,-8.195076787564661291e-01,9.968439788413565594e-01,-6.263494821628836640e-01
1.000000000000000000e+00,-3.423867054163036161e-01,9.985699899999859186e-01,-2.027663481883045793e-01,9.978462825367067079e-01,1.321678076773374344e-01,9.975050427349717586e-01,-2.783076345944509034e-01,9.995172632222024678e-01,-7.469283513163489374e-01,9.973111733205199947e-01,-2.646518958665752264e-01,9.997756211682423677e-01,-1.139841225893528653e-01,1.000000000000000000e+00,-3.801756053046085881e-01,1.000000000000000000e+00,-8.490716051880180526e-01,9.970363509821698056e-01,-6.119964513901350323e-01
1.000000000000000000e+00,-3.037341993798424178e-01,9.991163761604291427e-01,-2.952846957711243725e-01,9.977286346170810560e-01,1.139587406488922761e-01,9.975923307543622665e-01,-3.719376030634962693e-01,1.000000000000000000e+00,-7.186118215018951760e-01,9.970586924266420237e-01,-2.286193080936861910e-01,1.000000000000000000e+00,-2.740554636692068002e-01,1.000000000000000000e+00,-3.935008883138939595e-01,9.998222628112688470e-01,-8.594938590443866877e-01,9.968115541235937904e-01,-5.738631230373797409e-01
1.000000000000000000e+00,-3.411301397938305557e-01,9.991641963118989000e-01,-2.568297360211227454e-01,9.976271925293412890e-01,1.142286563171769909e-01,9.984367351252587675e-01,-2.637355265343494515e-01,1.000000000000000000e+00,-7.587869039028916074e-01,9.972190300194413437e-01,-3.440126816441737567e-01,1.000000000000000000e+00,-3.890652929413745964e-02,1.000000000000000000e+00,-4.298822898441810314e-01,1.000000000000000000e+00,-7.630685700309065567e-01,9.973947974108321457e-01,-6.471139090647802794e-01
1.000000000000000000e+00,-3.315249114711754652e-01,9.985723972527931203e-01,-1.992778960971227642e-01,9.978995992928433312e-01,1.378517484658211001e-01,9.975713840740191296e-01,-2.782115765064159807e-01,9.995551035343287483e-01,-7.398304411153314719e-01,9.973160892253073451e-01,-2.625220974947520824e-01,9.998109785131997773e-01,-1.135815846153307440e-01,1.000000000000000000e+00,-3.843694660521294049e-01,1.000000000000000000e+00,-8.487632307419131772e-01,9.970477482107373834e-01,-6.101526119615459098e-01
1.000000000000000000e+00,-2.949515859718196409e-01,9.991039684291376233e-01,-2.901289568543423680e-01,9.977807048248387156e-01,1.192435094941577955e-01,9.976512927985244916e-01,-3.698634454725478471e-01,1.000000000000000000e+00,-7.130236642027212302e-01,9.970702038314427362e-01,-2.278822599356022383e-01,1.000000000000000000e+00,-2.702768141293920290e-01,1.000000000000000000e+00,-3.973427926430792012e-01,9.998262987761424858e-01,-8.592975006458039022e-01,9.968269505403903885e-01,-5.734242042348429713e-01
1.000000000000000000e+00,-3.317444043698707379e-01,9.991486890653484831e-01,-2.527430888827710831e-01,9.976848171702095147e-01,1.192610747529426196e-01,9.984718774169454303e-01,-2.650109311164259851e-01,1.000000000000000000e+00,-7.524977380455946108e-01,9.972266588778484486e-01,-3.404650270860751227e-01,1.000000000000000000e+00,-4.173552596768254075e-02,1.000000000000000000e+00,-4.333620385356572458e-01,1.000000000000000000e+00,-7.662844427814701209e-01,9.973945902663462482e-01,-6.452584873447430036e-01
1.000000000000000000e+00,-3.224864065830582716e-01,9.985748566919449010e-01,-1.972008734948926256e-01,9.979509544045883640e-01,1.419346005987956461e-01,9.976348522946150155e-01,-2.794797351932338803e-01,9.995920515785343685e-01,-7.342482938907497481e-01,9.973210583329842338e-01,-2.617593515560324713e-01,9.998447054950969637e-01,-1.145914907801632021e-01,1.000000000000000000e+00,-3.898259959227123872e-01,1.000000000000000000e+00,-8.498123860825159692e-01,9.970582392319687903e-01,-6.097976960439351890e-01
1.000000000000000000e+00,-3.192766247482107245e-01,9.985757099331269426e-01,-1.963579908264249108e-01,9.979685810892476860e-01,1.434342351756659473e-01,9.976565611848994264e-01,-2.798100708111631585e-01,9.996048970472833917e-01,-7.322101512709807691e-01,9.973228063205497040e-01,-2.613851436980160758e-01,9.998562291483203968e-01,-1.148384346895211516e-01,1.000000000000000000e+00,-3.916023150165983679e-01,1.000000000000000000e+00,-8.500629525395597685e-01,9.970617806458618171e-01,-6.095765322230168870e-01
1.000000000000000000e+00,-2.855189127704277907e-01,9.990882189039589356e-01,-2.852417779757911998e-01,9.978482038320463099e-01,1.241693849576308573e-01,9.977271717574837107e-01,-3.690764146437324200e-01,1.000000000000000000e+00,-7.075188092782807026e-01,9.970853340359234762e-01,-2.287067844290692209e-01,1.000000000000000000e+00,-2.673294741891296677e-01,1.000000000000000000e+00,-4.042893467482451264e-01,9.998315213717575700e-01,-8.609072971008894237e-01,9.968462687924627419e-01,-5.748116682292981894e-01
1.000000000000000000e+00,-2.920198996214775078e-01,9.995830612858397357e-01,-3.319120342285588054e-01,9.976419578472964789e-01,1.051729763523832628e-01,9.985094838093233616e-01,-3.546743816995893139e-01,1.000000000000000000e+00,-7.234895974169768262e-01,9.970133565397800712e-01,-3.018819953897832198e-01,1.000000000000000000e+00,-1.978185072943509648e-01,1.000000000000000000e+00,-4.474057098461337034e-01,1.000000000000000000e+00,-7.876683274543228030e-01,9.971624204452043116e-01,-6.095380119924015405e-01
1.000000000000000000e+00,-3.139179716834952227e-01,9.987762487558569102e-01,-2.420818856172757272e-01,9.983580069437973936e-01,1.609787321487541334e-01,9.974268110785472485e-01,-2.407834492638867563e-01,9.994924585901462377e-01,-6.938724686586494883e-01,9.973959710466047124e-01,-2.321145158109689799e-01,9.998981934418786910e-01,-8.952009648248895890e-02,1.000000000000000000e+00,-3.878711434406672542e-01,9.997316744522457554e-01,-8.263225059326528843e-01,9.968927954631728872e-01,-6.257307194038030929e-01
1.000000000000000000e+00,-2.839249544308092288e-01,9.990779765726932604e-01,-2.865024459925707978e-01,9.978923967751219815e-01,1.229510278269153600e-01,9.977763433183346464e-01,-3.729640832733080447e-01,1.000000000000000000e+00,-7.082680917490451478e-01,9.970952894254991872e-01,-2.335802116586432331e-01,1.000000000000000000e+00,-2.698130444449143295e-01,1.000000000000000000e+00,-4.133260162970928131e-01,9.998346700047945346e-01,-8.663866189766062931e-01,9.968584575509321644e-01,-5.802435590144332522e-01
1.000000000000000000e+00,-2.849279949358092812e-01,9.990749174319204506e-01,-2.883282777553818343e-01,9.979054773317944660e-01,1.211641894606774184e-01,9.977907862829554775e-01,-3.755288746737090455e-01,1.000000000000000000e+00,-7.099105092709803166e-01,9.970982148281557489e-01,-2.364293810393462425e-01,1.000000000000000000e+00,-2.719584113809505599e-01,1.000000000000000000e+00,-4.174387974506921783e-01,9.998354974975388609e-01,-8.694373009780265171e-01,9.968619909998308604e-01,-5.833033302602415038e-01
1.000000000000000000e+00,-2.926666002994725568e-01,9.995536706985721498e-01,-3.347580220741659951e-01,9.977041221483445854e-01,1.014987318983549547e-01,9.985446883924417039e-01,-3.627770785187894309e-01,1.000000000000000000e+00,-7.266675615847095759e-01,9.970281399437724845e-01,-3.082875817613539571e-01,1.000000000000000000e+00,-2.059935820380691951e-01,1.000000000000000000e+00,-4.600787004358355969e-01,1.000000000000000000e+00,-7.997500634060923375e-01,9.971670210705684267e-01,-6.180007439259296298e-01
1.000000000000000000e+00,-3.400447512862489474e-01,9.992298507001424746e-01,-4.156557547483060167e-01,9.975773188218860499e-01,2.914391386518755400e-02,9.988119938973613055e-01,-4.254988381615553150e-01,9.997632859128059435e-01,-6.881527151936863707e-01,9.973098368156170235e-01,-2.602857708499908274e-01,1.000000000000000000e+00,-1.933285936881416478e-01,1.000000000000000000e+00,-4.227327256900007546e-01,1.000000000000000000e+00,-7.518786944530554406e-01,9.969644342390879821e-01,-6.179062638358088222e-01
1.000000000000000000e+00,-3.183035581041139817e-01,9.991029176257490985e-01,-2.548822793205698378e-01,9.978584805470043229e-01,1.198263793717730397e-01,9.985764308511467791e-01,-2.832799325119917944e-01,1.000000000000000000e+00,-7.475367576263918235e-01,9.972498863655157031e-01,-3.438771342468642800e-01,1.000000000000000000e+00,-6.478929743700445609e-02,1.000000000000000000e+00,-4.586971738909022545e-01,1.000000000000000000e+00,-7.903144486018516268e-01,9.973920463089749333e-01,-6.545051402753909731e-01
1.000000000000000000e+00,-3.419708898129365515e-01,9.993467601723768912e-01,-3.562666198952837426e-01,9.978964777237959716e-01,8.658731974477373861e-02,9.984640224268671593e-01,-3.829487539877469149e-01,1.000000000000000000e+00,-7.300230147186670404e-01,9.973655058357572267e-01,-2.661154534399721716e-01,1.000000000000000000e+00,-2.159818486762886958e-01,1.000000000000000000e+00,-4.656998875229804713e-01,1.000000000000000000e+00,-8.030727952649605594e-01,9.965984086048290669e-01,-6.330874252111159395e-01
1.000000000000000000e+00,-3.384431111295824190e-01,9.993400218099492971e-01,-3.540183493835478701e-01,9.979142956521301899e-01,8.839203648018834070e-02,9.984772432772596185e-01,-3.825421226814404441e-01,1.000000000000000000e+00,-7.282548279971432503e-01,9.973649544999617644e-01,-2.661761528203944738e-01,1.000000000000000000e+00,-2.157414140954163340e-01,1.000000000000000000e+00,-4.670492365148215530e-01,1.000000000000000000e+00,-8.042400045674291675e-01,9.966093124189766561e-01,-6.328192871995559354e-01
1.000000000000000000e+00,-3.110169065120438892e-01,9.990866952587869054e-01,-2.531411958765340531e-01,9.979178763228890858e-01,1.224125423452029349e-01,9.986119901792396281e-01,-2.870894509407584949e-01,1.000000000000000000e+00,-7.434803951677793066e-01,9.972572071344699696e-01,-3.427001797995800625e-01,1.000000000000000000e+00,-7.018957620614973969e-02,1.000000000000000000e+00,-4.649692035400680434e-01,1.000000000000000000e+00,-7.960771081902733304e-01,9.973919291781286889e-01,-6.551652927255071646e-01
1.000000000000000000e+00,-3.354612788032575454e-01,9.993275779611356935e-01,-3.533565152478964633e-01,9.979458063817984170e-01,8.837111941715186658e-02,9.985001643737353438e-01,-3.850064882582050485e-01,1.000000000000000000e+00,-7.284284072168085711e-01,9.973634773971739031e-01,-2.695256964704930147e-01,1.000000000000000000e+00,-2.184805388222562650e-01,1.000000000000000000e+00,-4.726643061521637046e-01,1.000000000000000000e+00,-8.095888170972977971e-01,9.966290598455292971e-01,-6.355869622491898685e-01
1.000000000000000000e+00,-3.332767712765737911e-01,9.993208213510251792e-01,-3.524596217535637122e-01,9.979622946144264262e-01,8.892065363560153202e-02,9.985121103742123916e-01,-3.857292354520513444e-01,1.000000000000000000e+00,-7.280089281153061531e-01,9.973624575312258767e-01,-2.707605405773557683e-01,1.000000000000000000e+00,-2.193327585305497873e-01,1.000000000000000000e+00,-4.750369308326194973e-01,1.000000000000000000e+00,-8.118447291108996655e-01,9.966397610345092417e-01,-6.364489570725343492e-01
1.000000000000000000e+00,-3.261862618133749003e-01,9.991992704155420180e-01,-4.035436481708397638e-01,9.977180976111014177e-01,3.864582363758573003e-02,9.988554128101385654e-01,-4.259300924946864964e-01,9.998588020941439058e-01,-6.893572983527609388e-01,9.973105117438886280e-01,-2.687420394299848136e-01,1.000000000000000000e+00,-2.013788729849530501e-01,1.000000000000000000e+00,-4.426819969790856124e-01,1.000000000000000000e+00,-7.717600678359508581e-01,9.969949497340108158e-01,-6.251990177804894744e-01
1.000000000000000000e+00,-3.260174077194346598e-01,9.991945508480999383e-01,-4.037293006437147058e-01,9.977364599261260292e-01,3.824446015973309576e-02,9.988600462190401208e-01,-4.275841519330045304e-01,9.998702753607532356e-01,-6.914494831343007686e-01,9.973096557675490414e-01,-2.716482011177369649e-01,1.000000000000000000e+00,-2.040424887746441207e-01,1.000000000000000000e+00,-4.469718321702639274e-01,1.000000000000000000e+00,-7.761674558713633765e-01,9.969996670066035849e-01,-6.278078920036471722e-01
1.000000000000000000e+00,-3.264795162733009071e-01,9.991896149216373813e-01,-4.046049543171534868e-01,9.977541973780209572e-01,3.722859900670949518e-02,9.988639371303045245e-01,-4.297881066995811183e-01,9.998808708121093014e-01,-6.942806034768354007e-01,9.973082797251711096e-01,-2.751895279936976690e-01,1.000000000000000000e+00,-2.072354148755647940e-01,1.000000000000000000e+00,-4.517714024656766525e-01,1.000000000000000000e+00,-7.811627814976591644e-01,9.970046637476225326e-01,-6.309635489603009351e-01
1.000000000000000000e+00,-2.860943962544323926e-01,9.994506218183272228e-01,-3.372453768647695194e-01,9.979018337601471833e-01,9.692760994260757323e-02,9.986522207541405072e-01,-3.810470306839521815e-01,1.000000000000000000e+00,-7.312634280845443646e-01,9.970683318871012002e-01,-3.223586968765525529e-01,1.000000000000000000e+00,-2.239155322458158404e-01,1.000000000000000000e+00,-4.929193161667517753e-01,9.999996062478221370e-01,-8.314397219686693319e-01,9.971894653054577118e-01,-6.369897863691743600e-01
1.000000000000000000e+00,-2.944733417618236038e-01,9.994421609637134107e-01,-3.465022208150258520e-01,9.979110347721132923e-01,8.809134572884969039e-02,9.986545396164543398e-01,-3.903651930881874010e-01,1.000000000000000000e+00,-7.407815252973470876e-01,9.970679742078735197e-01,-3.318045805018352556e-01,1.000000000000000000e+00,-2.330354870795453559e-01,1.000000000000000000e+00,-5.029268675279107148e-01,9.999983276544506250e-01,-8.418806415142859878e-01,9.971922492818803274e-01,-6.463985755628141039e-01
1.000000000000000000e+00,-3.444703978498545593e-01,9.991747853504955312e-01,-4.240412237631386860e-01,9.977919756561578479e-01,1.848077131657094307e-02,9.988632023522799885e-01,-4.507227658936112658e-01,9.998960035300832327e-01,-7.193578765065690162e-01,9.972983190624761241e-01,-3.006318869789084691e-01,1.000000000000000000e+00,-2.305523930737081451e-01,1.000000000000000000e+00,-4.790065970956024488e-01,1.000000000000000000e+00,-8.099942623614473369e-01,9.970198533675150854e-01,-6.545525113650799698e-01
1.000000000000000000e+00,-3.045550604278197127e-01,9.993097715194372288e-01,-4.112852745206384553e-01,9.976909711806750680e-01,2.563114319415776832e-02,9.989623514077264899e-01,-4.431066891193476409e-01,1.000000000000000000e+00,-7.223856491558868775e-01,9.970254609242311661e-01,-3.441091305429474501e-01,1.000000000000000000e+00,-2.306591695997705638e-01,1.000000000000000000e+00,-4.875071578002767581e-01,9.997972899647047385e-01,-8.208241783148433335e-01,9.975068416932334481e-01,-6.509624990219948781e-01
1.000000000000000000e+00,-3.207305681654937235e-01,9.994065583863980251e-01,-3.772008118736748239e-01,9.979356876428764345e-01,5.960066273477415688e-02,9.986513362204333388e-01,-4.194302277638987109e-01,1.000000000000000000e+00,-7.738623072040213824e-01,9.970585248533986311e-01,-3.628959870194867210e-01,1.000000000000000000e+00,-2.607531945322777434e-01,1.000000000000000000e+00,-5.336451932383696750e-01,9.999938901742827513e-01,-8.758218744940031719e-01,9.972078844712134460e-01,-6.752971453782288247e-01
1.000000000000000000e+00,-3.729090150014869876e-01,9.991512826180849460e-01,-4.558328360583009942e-01,9.978184160431181615e-01,-1.096775638963248811e-02,9.988325225200438418e-01,-4.801441312147491369e-01,9.998918427019347632e-01,-7.617429821929528888e-01,9.972671902049541348e-01,-3.396026642198651246e-01,1.000000000000000000e+00,-2.622698095333070301e-01,1.000000000000000000e+00,-5.151538864160967179e-01,1.000000000000000000e+00,-8.517138313684133877e-01,9.970486492598555905e-01,-6.871155817808072275e-01
1.000000000000000000e+00,-3.797349951677062019e-01,9.991380408923035139e-01,-4.649488250876092077e-01,9.978261412554219056e-01,-1.899981184975713111e-02,9.988030412500461530e-01,-4.866383323511387360e-01,9.998853459877055094e-01,-7.789834058819633533e-01,9.972429334958744507e-01,-3.534947855289377605e-01,1.000000000000000000e+00,-2.696628989294595491e-01,1.000000000000000000e+00,-5.251140401737767194e-01,1.000000000000000000e+00,-8.666046482433362730e-01,9.970682795185857872e-01,-6.952873011879382448e-01
1.000000000000000000e+00,-3.934714376834282379e-01,9.991126999605566272e-01,-4.739477448822247974e-01,9.978036726798771294e-01,-3.631719216045664611e-02,9.986495248291447080e-01,-4.863547726602270860e-01,9.999208110650037451e-01,-8.170431120885401910e-01,9.972106159087427146e-01,-3.928810218724648196e-01,1.000000000000000000e+00,-2.791236315317570660e-01,1.000000000000000000e+00,-5.340008654920554987e-01,1.000000000000000000e+00,-8.992003355678467313e-01,9.971070798432328797e-01,-6.986429247993806158e-01
1.000000000000000000e+00,-3.755441307001233797e-01,9.992801843407614903e-01,-4.489527938480271096e-01,9.973181424802427530e-01,6.264968157543293614e-04,9.987302337716199574e-01,-4.352712630587046716e-01,9.995822398009455156e-01,-6.966179244596164555e-01,9.973058067644465785e-01,-2.552580611861214877e-01,1.000000000000000000e+00,-1.884038411757296416e-01,1.000000000000000000e+00,-3.967771529014978427e-01,1.000000000000000000e+00,-7.256581503870095373e-01,9.969113612015453318e-01,-6.150112551634941971e-01
1.000000000000000000e+00,-3.696641062663542088e-01,9.992755192649945828e-01,-4.433270454481149647e-01,9.973424384850939628e-01,5.831587622913803060e-03,9.987377437091108368e-01,-4.318472802063659244e-01,9.995995279217416707e-01,-6.934719249340166591e-01,9.973058853563523396e-01,-2.533485548189677861e-01,1.000000000000000000e+00,-1.864072219570787614e-01,1.000000000000000000e+00,-3.967044476174762524e-01,1.000000000000000000e+00,-7.257002152229781178e-01,9.969167048505075401e-01,-6.127538810649955092e-01
1.000000000000000000e+00,-3.639466267376964548e-01,9.992709006312390230e-01,-4.378596288740358444e-01,9.973664876455409223e-01,1.086682194618554531e-02,9.987452900468697381e-01,-4.285730052993979577e-01,9.996166640582079266e-01,-6.904283339661037022e-01,9.973060421232362582e-01,-2.515441713560983006e-01,1.000000000000000000e+00,-1.845316625923912601e-01,1.000000000000000000e+00,-3.967394111347739005e-01,1.000000000000000000e+00,-7.258254270413363463e-01,9.969219451056354764e-01,-6.106262704154900023e-01
1.000000000000000000e+00,-3.584066943107878656e-01,9.992663326151679515e-01,-4.325648863884997697e-01,9.973902639415483939e-01,1.571949330728134031e-02,9.987528516698763736e-01,-4.254590076487702044e-01,9.996336253608776312e-01,-6.875007137563143855e-01,9.973062725278905027e-01,-2.498556484088222396e-01,1.000000000000000000e+00,-1.827872319512857668e-01,1.000000000000000000e+00,-3.968899328664684534e-01,1.000000000000000000e+00,-7.260430528282610929e-01,9.969270765175575200e-01,-6.086390287440278657e-01
1.000000000000000000e+00,-3.530587975615819274e-01,9.992618184016295313e-01,-4.274568094047520028e-01,9.974137446786961458e-01,2.037729588827158489e-02,9.987604084014787276e-01,-4.225157256113634685e-01,9.996503907941639566e-01,-6.847027566444274793e-01,9.973065711671296185e-01,-2.482939792799014611e-01,1.000000000000000000e+00,-1.811840860733904268e-01,1.000000000000000000e+00,-3.971642605861195885e-01,1.000000000000000000e+00,-7.263628467058094174e-01,9.969320952551078419e-01,-6.068027606747433689e-01
1.000000000000000000e+00,-3.479170178676193048e-01,9.992573601706088438e-01,-4.225491504420977873e-01,9.974369103149597349e-01,2.482821481858993318e-02,9.987679409698552169e-01,-4.197535607743840824e-01,9.996669409644275417e-01,-6.820483649425173045e-01,9.973069317912963694e-01,-2.468704859370885740e-01,1.000000000000000000e+00,-1.797325431992952416e-01,1.000000000000000000e+00,-3.975710690330012120e-01,1.000000000000000000e+00,-7.267951081097523414e-01,9.969369990631133938e-01,-6.051281545971851639e-01
1.000000000000000000e+00,-3.926516467826539070e-01,9.988543055722814978e-01,-4.603567212243419582e-01,9.976061268937831406e-01,-2.256526040006656686e-02,9.985019169564890440e-01,-5.120885012970888273e-01,9.996708456381728780e-01,-6.529844029849816156e-01,9.980430460391365166e-01,-2.943877387230974807e-01,1.000000000000000000e+00,-2.103664892384349283e-01,1.000000000000000000e+00,-3.810592151189604593e-01,1.000000000000000000e+00,-7.186815235187012929e-01,9.967464298146970769e-01,-5.318488036123060203e-01
1.000000000000000000e+00,-3.465861795733173323e-01,9.993131368210560472e-01,-4.308193863190046824e-01,9.976389824780692583e-01,9.194790730716273508e-03,9.985275114356488846e-01,-4.146300332079442819e-01,9.999292048647463460e-01,-7.131576023584053070e-01,9.975482235387406194e-01,-2.919207124301956280e-01,1.000000000000000000e+00,-1.910586782163660458e-01,1.000000000000000000e+00,-3.969158783968335102e-01,1.000000000000000000e+00,-6.924312488747634831e-01,9.967698374327139677e-01,-5.490611111016885371e-01
1.000000000000000000e+00,-3.292092008776199563e-01,9.992428853014874157e-01,-4.046515894338715835e-01,9.975118419760249378e-01,4.111977201319860775e-02,9.987930892678603678e-01,-4.089180805688881759e-01,9.997210368987348161e-01,-6.713199014388138153e-01,9.973084960395988130e-01,-2.402298522125614344e-01,1.000000000000000000e+00,-1.730483493618366619e-01,1.000000000000000000e+00,-3.969173687723391297e-01,1.000000000000000000e+00,-7.260939929588056119e-01,9.969528217350935861e-01,-5.977153684772030795e-01
1.000000000000000000e+00,-3.251596237279520962e-01,9.992387117249597051e-01,-4.008092869662087110e-01,9.975332893869124362e-01,4.450123010335377272e-02,9.988002563413721502e-01,-4.070862397297924096e-01,9.997363329014797850e-01,-6.694756812344890839e-01,9.973090387646146304e-01,-2.395564588125318195e-01,1.000000000000000000e+00,-1.723909929520400230e-01,1.000000000000000000e+00,-3.980065916071186538e-01,1.000000000000000000e+00,-7.271419215901246957e-01,9.969571910297866379e-01,-5.968830474783169970e-01
1.000000000000000000e+00,-3.213854136167856312e-01,9.992345882231462584e-01,-3.972379421776566222e-01,9.975543654101739488e-01,4.761568569375057569e-02,9.988073089174130947e-01,-4.054908471008943360e-01,9.997513322008872994e-01,-6.678533728849180839e-01,9.973095953170781902e-01,-2.390873958100398211e-01,1.000000000000000000e+00,-1.719430728059589686e-01,1.000000000000000000e+00,-3.992815943833031289e-01,1.000000000000000000e+00,-7.283662676176771988e-01,9.969614593707601946e-01,-5.962711193929433051e-01
1.000000000000000000e+00,-3.296806324267848032e-01,9.992926857398360951e-01,-4.141810787310694630e-01,9.977136274792925974e-01,2.440258017622315423e-02,9.985715644870177821e-01,-4.070000589014086678e-01,9.999751999612579434e-01,-7.032232832179414750e-01,9.975355078473119308e-01,-2.858906320809027624e-01,1.000000000000000000e+00,-1.871727799762827604e-01,1.000000000000000000e+00,-4.008709647346710980e-01,1.000000000000000000e+00,-6.982927331037679375e-01,9.967979796034229789e-01,-5.486283211784825919e-01
1.000000000000000000e+00,-3.136675491341153754e-01,9.992261743264450047e-01,-3.899484252430226450e-01,9.975969118754764997e-01,5.396268166056600313e-02,9.988216225000156046e-01,-4.022017161843167710e-01,9.997816204653313665e-01,-6.644726714173569970e-01,9.973107550512649855e-01,-2.380480829347528249e-01,1.000000000000000000e+00,-1.709481337150051128e-01,1.000000000000000000e+00,-4.017804862120707976e-01,1.000000000000000000e+00,-7.307357496314659251e-01,9.969700911867028781e-01,-5.949557639661702257e-01
1.000000000000000000e+00,-3.108424823444518315e-01,9.992221798775130504e-01,-3.873191153555867183e-01,9.976167725847191470e-01,5.616299634799593044e-02,9.988282038351661285e-01,-4.014202326623012018e-01,9.997955830983341619e-01,-6.636539421037753739e-01,9.973112709719705871e-01,-2.383117703601244919e-01,1.000000000000000000e+00,-1.712334973885889788e-01,1.000000000000000000e+00,-4.037115986681378832e-01,1.000000000000000000e+00,-7.326028951265596278e-01,9.969740913913770486e-01,-5.951117232694057568e-01
1.000000000000000000e+00,-3.083570422403924538e-01,9.992182059170984232e-01,-3.850310372071107379e-01,9.976362496479569408e-01,5.803684653957624784e-02,9.988345975198181792e-01,-4.009329910314960443e-01,9.998091847300303314e-01,-6.631405910607579557e-01,9.973117374854277850e-01,-2.388531616432361671e-01,1.000000000000000000e+00,-1.717898373367702514e-01,1.000000000000000000e+00,-4.058905106928241135e-01,1.000000000000000000e+00,-7.347198671988794949e-01,9.969780342232266168e-01,-5.955499478470174246e-01
1.000000000000000000e+00,-3.502012188460918996e-01,9.988828995482249562e-01,-4.211827203649394225e-01,9.977711825454449457e-01,1.389215351922423736e-02,9.986000485758632639e-01,-4.813683425567611418e-01,9.998099255573759114e-01,-6.423652446707441843e-01,9.979371170214088593e-01,-2.821695555689196500e-01,1.000000000000000000e+00,-2.000168131122039561e-01,1.000000000000000000e+00,-3.931569555430884932e-01,1.000000000000000000e+00,-7.281153083547717841e-01,9.968105310120222162e-01,-5.347432272538841236e-01
1.000000000000000000e+00,-2.999758172802703959e-01,9.992091253493542435e-01,-3.771954603674517181e-01,9.976798290380691769e-01,6.489194900721739767e-02,9.988491758558496469e-01,-3.971802628461368889e-01,9.998400351566899547e-01,-6.593150904123150635e-01,9.973126968574214102e-01,-2.374230770785119571e-01,1.000000000000000000e+00,-1.703388541730097572e-01,1.000000000000000000e+00,-4.080719988297953349e-01,1.000000000000000000e+00,-7.367448648991763438e-01,9.969872288686009165e-01,-5.937954772765031697e-01
1.000000000000000000e+00,-3.414539057247489295e-01,9.988881826186415402e-01,-4.132598000466955468e-01,9.978074639664296086e-01,2.121438861867930292e-02,9.986213475094780634e-01,-4.753171817985539227e-01,9.998398734794990972e-01,-6.406376831798274996e-01,9.979139715374174546e-01,-2.801273252383202905e-01,1.000000000000000000e+00,-1.983195543030255581e-01,1.000000000000000000e+00,-3.964441596495967834e-01,1.000000000000000000e+00,-7.308206681960345286e-01,9.968249632669787808e-01,-5.359732638036891483e-01
1.000000000000000000e+00,-3.352561484614751119e-01,9.988908521606607582e-01,-4.075793477190191583e-01,9.978273808334432449e-01,2.654892730824176539e-02,9.986330492752889532e-01,-4.706845325198837915e-01,9.998564190823703290e-01,-6.383802228513055788e-01,9.979012509755239568e-01,-2.777149481876093340e-01,1.000000000000000000e+00,-1.960497871581513563e-01,1.000000000000000000e+00,-3.969083490754548582e-01,1.000000000000000000e+00,-7.309715531569478397e-01,9.968331221718511603e-01,-5.352787502426259447e-01
1.000000000000000000e+00,-2.883342625799605874e-01,9.991949292786124204e-01,-3.665522793229148979e-01,9.977433159610382685e-01,7.420764335958651703e-02,9.988695317260798401e-01,-3.923333228462521638e-01,9.998840615494822837e-01,-6.546690351235726624e-01,9.973131104016283999e-01,-2.361568721741391652e-01,1.000000000000000000e+00,-1.688270176125206135e-01,1.000000000000000000e+00,-4.119461706749933949e-01,1.000000000000000000e+00,-7.404835583647617625e-01,9.970015761757193840e-01,-5.918847454610958181e-01
1.000000000000000000e+00,-3.301514024277868997e-01,9.987515626127385637e-01,-4.552306397589844789e-01,9.978247653501978176e-01,-1.449501215036674839e-02,9.984983801380585833e-01,-4.335954201377152373e-01,9.997145202438022515e-01,-6.640804407509468543e-01,9.978978460135433659e-01,-2.771990685900454499e-01,1.000000000000000000e+00,-1.867431386716309205e-01,1.000000000000000000e+00,-4.373227843871034248e-01,1.000000000000000000e+00,-7.862509672165574059e-01,9.964907713119756094e-01,-5.309449516405809755e-01
1.000000000000000000e+00,-3.246574600163742996e-01,9.988975543276941149e-01,-3.985457251548502056e-01,9.978780305439097775e-01,3.502999377113680257e-02,9.986617874262000427e-01,-4.637835961688744901e-01,9.998965226637005488e-01,-6.386614150142321256e-01,9.978642636934382804e-01,-2.770620517127029281e-01,1.000000000000000000e+00,-1.954676625787030719e-01,1.000000000000000000e+00,-4.036631218985622382e-01,1.000000000000000000e+00,-7.371586190641796765e-01,9.968560526930549948e-01,-5.392048014932815381e-01
1.000000000000000000e+00,-2.813729533932931570e-01,9.991799101846923215e-01,-3.609434560362074773e-01,9.978000562480416891e-01,7.903064643097851283e-02,9.988846754936080430e-01,-3.913878702843918145e-01,9.999204568508391899e-01,-6.549849497593011050e-01,9.973104098279734764e-01,-2.390907738852588726e-01,1.000000000000000000e+00,-1.709112808911114612e-01,1.000000000000000000e+00,-4.190615018736387754e-01,1.000000000000000000e+00,-7.478887979481388948e-01,9.970169807269594342e-01,-5.937119077236880926e-01
1.000000000000000000e+00,-2.946137880906028461e-01,9.992267808343339164e-01,-3.813947356698174085e-01,9.979194986984356586e-01,5.407780405220496966e-02,9.986884181900007595e-01,-3.980472905050622123e-01,1.000000000000000000e+00,-6.899362373111175284e-01,9.974900386558620546e-01,-2.824041787486685218e-01,1.000000000000000000e+00,-1.882115270977162969e-01,1.000000000000000000e+00,-4.247844592084866200e-01,1.000000000000000000e+00,-7.284299890208723038e-01,9.968850396130530811e-01,-5.604222633597030212e-01
1.000000000000000000e+00,-2.860277247277632218e-01,9.991696831246924537e-01,-3.667485758436550003e-01,9.978276545408906184e-01,7.347647498723797188e-02,9.988870089736439084e-01,-3.986515451684968792e-01,9.999335704626090005e-01,-6.645591969574899949e-01,9.973045954168623384e-01,-2.492718213152531059e-01,1.000000000000000000e+00,-1.797864255203175943e-01,1.000000000000000000e+00,-4.306841097097621196e-01,1.000000000000000000e+00,-7.603500024570137850e-01,9.970277675170594600e-01,-6.026320714075461549e-01
1.000000000000000000e+00,-3.281986459367228770e-01,9.987771502450172312e-01,-4.508979403936890229e-01,9.978940133865531470e-01,-1.023334411058740567e-02,9.985478206899008891e-01,-4.392661822074945821e-01,9.997783237018793567e-01,-6.787111716295036734e-01,9.978232631727359525e-01,-2.907512745370194329e-01,1.000000000000000000e+00,-1.995301823234029437e-01,1.000000000000000000e+00,-4.562908719217489417e-01,1.000000000000000000e+00,-8.041029169906314111e-01,9.965733416637061470e-01,-5.515468503761925545e-01
1.000000000000000000e+00,-2.895575804905421990e-01,9.991558486307164921e-01,-3.723126468726177807e-01,9.978544135813107729e-01,6.871064040313118459e-02,9.988829291737161276e-01,-4.047904539844653926e-01,9.999424936650237461e-01,-6.753654757298841460e-01,9.972925255696272195e-01,-2.598286733770801549e-01,1.000000000000000000e+00,-1.875842903554985897e-01,1.000000000000000000e+00,-4.415426567008744474e-01,1.000000000000000000e+00,-7.730538069384570443e-01,9.970438594862993664e-01,-6.105185230080765191e-01
1.000000000000000000e+00,-3.318805948876024647e-01,9.987895279906818802e-01,-4.542379157115237764e-01,9.979129068469532182e-01,-1.239696734057421645e-02,9.985578241719178516e-01,-4.449856748637222026e-01,9.997939485535334292e-01,-6.932345696595680895e-01,9.977722768847931967e-01,-3.022582097955053837e-01,1.000000000000000000e+00,-2.083089844277646041e-01,1.000000000000000000e+00,-4.675280850354662787e-01,1.000000000000000000e+00,-8.165425445073037913e-01,9.966224145022554159e-01,-5.648706924244690786e-01
1.000000000000000000e+00,-3.410220411741324842e-01,9.989861456476553103e-01,-4.530399339656626667e-01,9.981459616849760463e-01,-2.475509112017587610e-02,9.985628993374526807e-01,-5.040552298096923067e-01,1.000000000000000000e+00,-6.833741373261643659e-01,9.977156724002219645e-01,-3.426264519996115587e-01,1.000000000000000000e+00,-2.318449507169548229e-01,1.000000000000000000e+00,-4.513566752693830009e-01,1.000000000000000000e+00,-7.785757273955409286e-01,9.969150283414243141e-01,-5.361933872026316550e-01
1.000000000000000000e+00,-3.291329975688304099e-01,9.989127028482874815e-01,-4.146006248539548800e-01,9.979523699055405928e-01,2.447112967651149384e-02,9.986590092825835541e-01,-4.681644443471675299e-01,9.999257978319490148e-01,-6.959298341292203816e-01,9.976585202702582533e-01,-3.151880518058001179e-01,1.000000000000000000e+00,-2.183830195474820157e-01,1.000000000000000000e+00,-4.491850720081900228e-01,1.000000000000000000e+00,-7.927365359305600379e-01,9.969682688219371203e-01,-5.815645265628122118e-01
1.000000000000000000e+00,-3.483269734679397822e-01,9.989841418310073662e-01,-4.517137943581255310e-01,9.980240071956504311e-01,-1.901343072843630910e-02,9.984102059390743689e-01,-4.853732886017112502e-01,1.000000000000000000e+00,-7.356686609313269898e-01,9.976008000875324910e-01,-3.626070618015707625e-01,1.000000000000000000e+00,-2.310519051759227227e-01,1.000000000000000000e+00,-4.584136413444247493e-01,1.000000000000000000e+00,-8.095847232291324413e-01,9.970636601646597486e-01,-5.549924091063868081e-01
1.000000000000000000e+00,-4.358660193002311667e-01,9.993522292252884354e-01,-5.062652824588045331e-01,9.969435628389150539e-01,-5.290427244241524551e-02,9.986391436527928267e-01,-4.615424787071263912e-01,9.993242693836061896e-01,-7.117712645517806358e-01,9.973131958152345877e-01,-2.543503133790998572e-01,1.000000000000000000e+00,-1.903676466020088887e-01,1.000000000000000000e+00,-3.696208776254381045e-01,1.000000000000000000e+00,-6.933805857672854511e-01,9.968282321092257758e-01,-6.207649130085620692e-01
1.000000000000000000e+00,-4.953564996405631637e-01,9.987368030535646035e-01,-5.546999180306115829e-01,9.972152685325468280e-01,-1.150103445968535254e-01,9.982747335988272352e-01,-5.958893569857752759e-01,9.993298473627387768e-01,-6.630368733186926544e-01,9.983848165633147920e-01,-3.198949284461242160e-01,1.000000000000000000e+00,-2.337409983577407313e-01,1.000000000000000000e+00,-3.469139093100839233e-01,1.000000000000000000e+00,-6.877337782398345034e-01,9.965708021467866162e-01,-5.156693596014935155e-01
1.000000000000000000e+00,-4.951091200334414300e-01,9.989344244622807567e-01,-6.272748725470924658e-01,9.977544148177472927e-01,-2.088487349052735031e-01,9.980502167519909040e-01,-6.509261787461300131e-01,9.998441553992749586e-01,-6.618520114559239831e-01,9.983090727494626782e-01,-3.920982512914081286e-01,1.000000000000000000e+00,-2.576084521756151213e-01,1.000000000000000000e+00,-3.691612688224352179e-01,1.000000000000000000e+00,-6.828053171329856452e-01,9.965518123958891916e-01,-4.225307336334642727e-01
1.000000000000000000e+00,-4.860863572091503326e-01,9.989385947772677632e-01,-6.172826089427971841e-01,9.977631512327684860e-01,-1.983645153367584180e-01,9.980657743681098371e-01,-6.414334811110893320e-01,9.998518875646948967e-01,-6.583539045803872281e-01,9.982893972160871154e-01,-3.858418000606760323e-01,1.000000000000000000e+00,-2.522890988225000575e-01,1.000000000000000000e+00,-3.669179074297299614e-01,1.000000000000000000e+00,-6.810673614623250494e-01,9.965622612717988105e-01,-4.218713027147988903e-01
1.000000000000000000e+00,-4.055005661320919552e-01,9.993322931944066401e-01,-4.768651241549295428e-01,9.970473278451424948e-01,-2.419108590855884033e-02,9.986603311201099897e-01,-4.404148384426024299e-01,9.993965608611016238e-01,-6.951827378033492710e-01,9.973091847303148239e-01,-2.417032946057466603e-01,1.000000000000000000e+00,-1.764270669115270140e-01,1.000000000000000000e+00,-3.634854278526491456e-01,1.000000000000000000e+00,-6.893927855633754653e-01,9.968526202565991534e-01,-6.055440223050541082e-01
1.000000000000000000e+00,-3.996049093701647403e-01,9.993279686687943641e-01,-4.711932420348634576e-01,9.970697790827759421e-01,-1.872282785593670784e-02,9.986655278124743074e-01,-4.365920116274948914e-01,9.994122667325848752e-01,-6.921757157006668271e-01,9.973084737114636944e-01,-2.396228747127701619e-01,1.000000000000000000e+00,-1.741031209363129439e-01,1.000000000000000000e+00,-3.628728295804521942e-01,1.000000000000000000e+00,-6.891647558391074124e-01,9.968579001618367297e-01,-6.029437016724061849e-01
1.000000000000000000e+00,-3.936719273942067554e-01,9.993236019591691388e-01,-4.654921130513315908e-01,9.970924399048070041e-01,-1.324653386919105724e-02,9.986709759862123503e-01,-4.327781445482862255e-01,9.994281578907011632e-01,-6.891299042469059000e-01,9.973078159769374063e-01,-2.375366513637148791e-01,1.000000000000000000e+00,-1.717834732456648139e-01,1.000000000000000000e+00,-3.622866277333961493e-01,1.000000000000000000e+00,-6.889399451597200130e-01,9.968632270408862572e-01,-6.003445150002989505e-01
1.000000000000000000e+00,-3.877201689511765581e-01,9.993192038259424148e-01,-4.597788394109030841e-01,9.971152565646419497e-01,-7.778577247799955963e-03,9.986766555003718793e-01,-4.289852978658170723e-01,9.994441954028907560e-01,-6.860557515467091694e-01,9.973072178625020934e-01,-2.354520715644197459e-01,1.000000000000000000e+00,-1.694768655350445408e-01,1.000000000000000000e+00,-3.617314591804904889e-01,1.000000000000000000e+00,-6.887220437268525286e-01,9.968685813372510918e-01,-5.977567236764513847e-01
1.000000000000000000e+00,-3.817675690246584708e-01,9.993147846342826934e-01,-4.540699261008853682e-01,9.971381778947309149e-01,-2.334665935089852429e-03,9.986825457600760902e-01,-4.252250640646939583e-01,9.994603421667132004e-01,-6.829637348232697747e-01,9.973066846870322077e-01,-2.333766062147057396e-01,1.000000000000000000e+00,-1.671918821725505155e-01,1.000000000000000000e+00,-3.612119574908526642e-01,1.000000000000000000e+00,-6.885149924156362955e-01,9.968739446830777728e-01,-5.951903221954171208e-01
1.000000000000000000e+00,-3.758313999018748075e-01,9.993103542851099474e-01,-4.483812498797112855e-01,9.971611554741904859e-01,3.070184642940343434e-03,9.986886259220690842e-01,-4.215085564472114688e-01,9.994765629856721123e-01,-6.798643246796225448e-01,9.973062207603757834e-01,-2.313177348727022686e-01,1.000000000000000000e+00,-1.649369348089336496e-01,1.000000000000000000e+00,-3.607327546436784882e-01,1.000000000000000000e+00,-6.883229732350666374e-01,9.968792999813316236e-01,-5.926550202457057104e-01
1.000000000000000000e+00,-3.699282350062137459e-01,9.993059221547239135e-01,-4.427280389649743686e-01,9.971841437595990731e-01,8.421667366724783221e-03,9.986948750885831227e-01,-4.178464062639737353e-01,9.994928246215163403e-01,-6.767679534243324913e-01,9.973058294046825978e-01,-2.292829332425818378e-01,1.000000000000000000e+00,-1.627202522483815750e-01,1.000000000000000000e+00,-3.602984855595508518e-01,1.000000000000000000e+00,-6.881504002624185823e-01,9.968846314653960761e-01,-5.901602318356771182e-01
1.000000000000000000e+00,-3.640739251260458609e-01,9.993014970433514721e-01,-4.371248629730148938e-01,9.972071001803365364e-01,1.370618843489035399e-02,9.987012724867065927e-01,-4.142487674639189765e-01,9.995090958247182522e-01,-6.736849880194453188e-01,9.973055129871003510e-01,-2.272796637070718662e-01,1.000000000000000000e+00,-1.605498755427341162e-01,1.000000000000000000e+00,-3.599137953887817098e-01,1.000000000000000000e+00,-6.880019115283135811e-01,9.968899247376021844e-01,-5.877150712331361548e-01
1.000000000000000000e+00,-3.582835865357208993e-01,9.992970871326390947e-01,-4.315856325997285969e-01,9.972299852003215781e-01,1.891086226703242446e-02,9.987077976310448912e-01,-4.107253285229015005e-01,9.995253473448938442e-01,-6.706257081384359164e-01,9.973052729616784795e-01,-2.253153692032685562e-01,1.000000000000000000e+00,-1.584336582304541330e-01,1.000000000000000000e+00,-3.595833495003051272e-01,1.000000000000000000e+00,-6.878823623212021454e-01,9.968951667885144197e-01,-5.853283554426698121e-01
1.000000000000000000e+00,-3.525716004043419893e-01,9.992926999518657594e-01,-4.261236084958446302e-01,9.972527623483696813e-01,2.402349700853317893e-02,9.987144304680590778e-01,-4.072853308089792179e-01,9.995415519229352563e-01,-6.676002897552144599e-01,9.973051099183163348e-01,-2.233974707194312237e-01,1.000000000000000000e+00,-1.563792716140147143e-01,1.000000000000000000e+00,-3.593118461310472744e-01,1.000000000000000000e+00,-6.877968203696425142e-01,9.969003459990335436e-01,-5.830086129141650586e-01
1.000000000000000000e+00,-2.942518321578249663e-01,9.996861611212072285e-01,-3.262114019872187631e-01,9.974277064897915102e-01,1.132373043828105441e-01,9.983878778863383152e-01,-3.311721192330559504e-01,1.000000000000000000e+00,-7.164451723938407568e-01,9.969623143490917716e-01,-2.840363165742246232e-01,1.000000000000000000e+00,-1.740825932047261326e-01,1.000000000000000000e+00,-4.086553270561130713e-01,1.000000000000000000e+00,-7.501966924681818805e-01,9.971454791135013762e-01,-5.851067759895587361e-01
1.000000000000000000e+00,-3.266491643361350006e-01,9.991834591073988081e-01,-2.360504520523415972e-01,9.975561961124336241e-01,1.331750284232674497e-01,9.983959971040176073e-01,-2.369993819211430042e-01,1.000000000000000000e+00,-7.415018418681118550e-01,9.972096073385031678e-01,-3.237278276018690226e-01,1.000000000000000000e+00,-1.007967926891312205e-02,1.000000000000000000e+00,-4.003919060214257697e-01,1.000000000000000000e+00,-7.337262491893878913e-01,9.973975008602457004e-01,-6.239228988771221562e-01
1.000000000000000000e+00,-3.171398013843307884e-01,9.985685158457960897e-01,-1.762484063360763575e-01,9.978349952706452308e-01,1.575908873937559851e-01,9.974923180739229123e-01,-2.517334820795777972e-01,9.995132369853515497e-01,-7.221093662044908434e-01,9.973099403348354430e-01,-2.389948656333731880e-01,9.997687867476481305e-01,-8.733934075155758148e-02,1.000000000000000000e+00,-3.524561779103434489e-01,1.000000000000000000e+00,-8.224469533276757005e-01,9.970364710803636399e-01,-5.853264417147254761e-01
1.000000000000000000e+00,-3.121684923746984031e-01,9.987767304707041438e-01,-2.203251930925699265e-01,9.982083625615666422e-01,1.784979867025914824e-01,9.972093760283358144e-01,-2.047355888720768513e-01,9.993704338080594551e-01,-6.806573678299867591e-01,9.973830292771331818e-01,-2.037777211734964067e-01,9.997904284851573120e-01,-5.481308584664051908e-02,1.000000000000000000e+00,-3.394871573077308247e-01,9.997282127145492581e-01,-7.916203250239007838e-01,9.968533038716111960e-01,-5.971005603024697184e-01
1.000000000000000000e+00,-3.080889959636920472e-01,9.987765743310585975e-01,-2.185329883281674768e-01,9.982247355505867725e-01,1.807264089058633338e-01,9.972331792409646622e-01,-2.045193247162411521e-01,9.993840026502466278e-01,-6.780494072155444085e-01,9.973843797873084283e-01,-2.028294568081704385e-01,9.998023393312529539e-01,-5.442324016005462006e-02,1.000000000000000000e+00,-3.405630759128988050e-01,9.997287839839993362e-01,-7.912559693554475082e-01,9.968580589805340342e-01,-5.960140381189420467e-01
1.000000000000000000e+00,-3.104144484191438402e-01,9.991618758717422111e-01,-2.271945912763465580e-01,9.976345208970344158e-01,1.433737466346177714e-01,9.984439207648401204e-01,-2.354120196908130458e-01,1.000000000000000000e+00,-7.297814938290754228e-01,9.972197882963306226e-01,-3.156773549520600630e-01,1.000000000000000000e+00,-1.056892727428065948e-02,1.000000000000000000e+00,-4.016783762685102732e-01,1.000000000000000000e+00,-7.348095856299043938e-01,9.973978661971614201e-01,-6.179519630932823748e-01
1.000000000000000000e+00,-3.011813111265500553e-01,9.985715987709448127e-01,-1.699683136628020175e-01,9.979049018421857209e-01,1.666654795219931762e-01,9.975793487727259157e-01,-2.499779731578929409e-01,9.995634001024534809e-01,-7.111746461622285853e-01,9.973165141891855434e-01,-2.346022397622916089e-01,9.998151698868870119e-01,-8.517434522158459642e-02,1.000000000000000000e+00,-3.563082371362846779e-01,1.000000000000000000e+00,-8.203978162884405512e-01,9.970515553229313266e-01,-5.812462371038974451e-01
1.000000000000000000e+00,-9.370214748834196361e-02,9.995220331395578972e-01,-2.511575109629533009e-01,9.991812523483051267e-01,2.728692513947966747e-01,9.985443990646680756e-01,-1.213236023436244648e-01,9.989754679759575984e-01,-7.738829313149034883e-01,9.967412474865411376e-01,-1.840774283794302246e-01,1.000000000000000000e+00,9.627902875049726417e-02,1.000000000000000000e+00,-4.332554078485605364e-01,1.000000000000000000e+00,-7.790189740936384055e-01,9.972269210520393612e-01,-5.526878645747950181e-01
1.000000000000000000e+00,-3.081056083940674206e-01,9.985724271651386097e-01,-1.782526683934263778e-01,9.979156143306852078e-01,1.590122567067738801e-01,9.975921820913110638e-01,-2.587402619110650281e-01,9.995697610598965888e-01,-7.184241283728588501e-01,9.973175869883834643e-01,-2.427854725438376715e-01,9.998219989795698037e-01,-9.392607530102928259e-02,1.000000000000000000e+00,-3.660194362268565094e-01,1.000000000000000000e+00,-8.291471607644327335e-01,9.970529364756226531e-01,-5.898196462717650856e-01
1.000000000000000000e+00,-3.046558592390523623e-01,9.985732350721812089e-01,-1.771138051128026691e-01,9.979326792520193390e-01,1.607955984123142779e-01,9.976132782741733429e-01,-2.587332816724875473e-01,9.995821757153264819e-01,-7.161388239349459894e-01,9.973192748430398380e-01,-2.421090965090327285e-01,9.998331990311098982e-01,-9.383254869561546974e-02,1.000000000000000000e+00,-3.674007434974571606e-01,1.000000000000000000e+00,-8.290636341992523306e-01,9.970564430492266927e-01,-5.892667560304771790e-01
1.000000000000000000e+00,-6.434326997946679394e-02,9.994939823077677588e-01,-2.616576209467432745e-01,9.995999500115269054e-01,2.616004249027849560e-01,9.988637595767106969e-01,-1.385524077735526549e-01,9.995017795536640381e-01,-6.753233742073756485e-01,9.962581198259585769e-01,-2.071626549054224053e-01,1.000000000000000000e+00,8.373985284393137274e-02,1.000000000000000000e+00,-4.227572471064152682e-01,9.996504727898467557e-01,-8.153647477152972112e-01,9.980475376752898642e-01,-5.949085142912404756e-01
1.000000000000000000e+00,-3.152962025939388124e-01,9.985739865739914345e-01,-1.885648496424847664e-01,9.979395705879247069e-01,1.499041784124551246e-01,9.976212347342399145e-01,-2.703330444532812682e-01,9.995852825300943767e-01,-7.267080280931867975e-01,9.973199529447708267e-01,-2.532265698684941224e-01,9.998374481041008011e-01,-1.054561677820811116e-01,1.000000000000000000e+00,-3.796673118872114228e-01,1.000000000000000000e+00,-8.406793847613485138e-01,9.970567635277972629e-01,-6.008519891635242249e-01
1.000000000000000000e+00,-3.120230558155231426e-01,9.985748224565115239e-01,-1.876213134918416903e-01,9.979568912248572010e-01,1.514933501240934288e-01,9.976425892219408231e-01,-2.705432741748515224e-01,9.995979120140190410e-01,-7.245939784642944081e-01,9.973216780273823634e-01,-2.527478258875985317e-01,9.998487793366220844e-01,-1.055830815829829628e-01,1.000000000000000000e+00,-3.812947735725580323e-01,1.000000000000000000e+00,-8.408110211156785141e-01,9.970602619599184813e-01,-6.005168540144119049e-01
1.000000000000000000e+00,-2.841516710805636614e-01,9.995964364970371108e-01,-3.232079676484514996e-01,9.976139314179224282e-01,1.141018520794251923e-01,9.984942848877067512e-01,-3.437785651262642572e-01,1.000000000000000000e+00,-7.148004510767320685e-01,9.970065744947926856e-01,-2.918313085684887676e-01,1.000000000000000000e+00,-1.868771110132966817e-01,1.000000000000000000e+00,-4.343945162709499375e-01,1.000000000000000000e+00,-7.748897683266376957e-01,9.971609511387593550e-01,-5.983206130023843716e-01
1.000000000000000000e+00,-3.081087071211600636e-01,9.985763959232579756e-01,-1.878325026795672481e-01,9.979878865929397991e-01,1.524554462250678477e-01,9.976806195922910403e-01,-2.727920114579248101e-01,9.996203569266947087e-01,-7.226467580602872198e-01,9.973248012303408405e-01,-2.537194648333995217e-01,9.998689581691867501e-01,-1.076981738295860747e-01,1.000000000000000000e+00,-3.861076399816746330e-01,1.000000000000000000e+00,-8.429222863404185473e-01,9.970662741820157660e-01,-6.018311495306525316e-01
1.000000000000000000e+00,-2.752214804104598511e-01,9.990839944636235037e-01,-2.763029511777221336e-01,9.978666049888588185e-01,1.329326406827723295e-01,9.977482001396172917e-01,-3.614847953236053901e-01,1.000000000000000000e+00,-6.985910642215412691e-01,9.970894483364345362e-01,-2.215856032890083926e-01,1.000000000000000000e+00,-2.591684535777897813e-01,1.000000000000000000e+00,-3.987132246236709809e-01,9.998335684892596387e-01,-8.538839773042710135e-01,9.968519282181773633e-01,-5.676223161216389368e-01
1.000000000000000000e+00,-2.821093548268805429e-01,9.995742073060730482e-01,-3.228707157922006687e-01,9.976612523770295171e-01,1.137671800709416647e-01,9.985214096080416990e-01,-3.475082594890008814e-01,1.000000000000000000e+00,-7.147617342453715938e-01,9.970179378848780249e-01,-2.942828845397835735e-01,1.000000000000000000e+00,-1.906673724038601969e-01,1.000000000000000000e+00,-4.415613245454433899e-01,1.000000000000000000e+00,-7.816158226562903710e-01,9.971645638658488409e-01,-6.022634287378497708e-01
1.000000000000000000e+00,-3.370892226324347374e-01,9.993730371495443965e-01,-3.467821326262961468e-01,9.978265271281510085e-01,9.746692102191839568e-02,9.984133520928549776e-01,-3.666190696019624995e-01,1.000000000000000000e+00,-7.190615609459731772e-01,9.973675102192558484e-01,-2.481253494975776963e-01,1.000000000000000000e+00,-1.989361231386720941e-01,1.000000000000000000e+00,-4.423261786579121835e-01,1.000000000000000000e+00,-7.803399601416562970e-01,9.965567564984070259e-01,-6.158179601086344324e-01
1.000000000000000000e+00,-3.252499887484144314e-01,9.992345543985023948e-01,-4.010208361763175078e-01,9.975544131449686214e-01,4.390519050030639026e-02,9.988068338591429285e-01,-4.091856197367180759e-01,9.997506397538596934e-01,-6.715960773210968293e-01,9.973095562076750298e-01,-2.427743818161889333e-01,1.000000000000000000e+00,-1.756623394035454755e-01,1.000000000000000000e+00,-4.030352278753841500e-01,1.000000000000000000e+00,-7.321374023768925099e-01,9.969611661118230606e-01,-6.000621139606703291e-01
1.000000000000000000e+00,-2.973823647215974586e-01,9.985804260539189459e-01,-1.878222115396339098e-01,9.980689052612342627e-01,1.553741724169551142e-01,9.977795274666763081e-01,-2.782199457006248600e-01,9.996798566501126082e-01,-7.170338931361744939e-01,9.973330269397051584e-01,-2.557788018202561409e-01,9.999215734601704098e-01,-1.127964937316380256e-01,1.000000000000000000e+00,-3.982957449180332121e-01,1.000000000000000000e+00,-8.479666271260118959e-01,9.970817919179332245e-01,-6.048435590630262260e-01
1.000000000000000000e+00,-2.746612878613429176e-01,9.995400730410699541e-01,-3.181389349215968387e-01,9.977342421134507422e-01,1.173119160599421229e-01,9.985635637010745747e-01,-3.491902009143971197e-01,1.000000000000000000e+00,-7.105834740236207647e-01,9.970353521540935571e-01,-2.940339278513260934e-01,1.000000000000000000e+00,-1.924291487973881776e-01,1.000000000000000000e+00,-4.485661016164685932e-01,1.000000000000000000e+00,-7.878390536243610187e-01,9.971704806858417980e-01,-6.042059145999227887e-01
1.000000000000000000e+00,-3.036252885952067104e-01,9.991009375214602306e-01,-2.410429336801118705e-01,9.978668365187425282e-01,1.333753707805095945e-01,9.985829470778789796e-01,-2.706162051694518955e-01,1.000000000000000000e+00,-7.337848465159722000e-01,9.972513529782690567e-01,-3.307658678464837632e-01,1.000000000000000000e+00,-5.226180463551688415e-02,1.000000000000000000e+00,-4.463479655239889210e-01,1.000000000000000000e+00,-7.777861082366970269e-01,9.973931441172670942e-01,-6.412491228113078590e-01
1.000000000000000000e+00,-3.274822337317437881e-01,9.993449460121350825e-01,-3.423730009071754843e-01,9.979027961870069463e-01,1.000312882493273881e-01,9.984699200806458341e-01,-3.700589202373804065e-01,1.000000000000000000e+00,-7.165204135427893917e-01,9.973658474742768121e-01,-2.534119093446526305e-01,1.000000000000000000e+00,-2.031455829363205123e-01,1.000000000000000000e+00,-4.532983206245640995e-01,1.000000000000000000e+00,-7.905124227127438008e-01,9.966023408527613370e-01,-6.199763865059182422e-01
1.000000000000000000e+00,-3.242168193824243594e-01,9.993385345010405985e-01,-3.403170311815187365e-01,9.979198905406474474e-01,1.016523946761765940e-01,9.984825950982533227e-01,-3.697769902341929704e-01,1.000000000000000000e+00,-7.149146267641037777e-01,9.973654048654714277e-01,-2.535620444351561198e-01,1.000000000000000000e+00,-2.030248634203202229e-01,1.000000000000000000e+00,-4.547025460497220450e-01,1.000000000000000000e+00,-7.917287793596048395e-01,9.966126730658183552e-01,-6.198324927061782397e-01
1.000000000000000000e+00,-3.153996664157605045e-01,9.992117296321928466e-01,-3.922177308246168059e-01,9.976660287732347365e-01,5.048214720158478164e-02,9.988425987113814797e-01,-4.105436040752505900e-01,9.998275415703801183e-01,-6.730083254232983592e-01,9.973118462177033017e-01,-2.501140846268855022e-01,1.000000000000000000e+00,-1.830668597167389722e-01,1.000000000000000000e+00,-4.197586435015120410e-01,1.000000000000000000e+00,-7.486067191472429716e-01,9.969836336610365946e-01,-6.068527495007451922e-01
1.000000000000000000e+00,-3.138427175110927170e-01,9.992075648467757532e-01,-3.908959513116699314e-01,9.976850573571727221e-01,5.144757393225796172e-02,9.988484727662415574e-01,-4.109159671674711412e-01,9.998404053913632072e-01,-6.734663452070810408e-01,9.973119729027363212e-01,-2.515552656810223775e-01,1.000000000000000000e+00,-1.844613231196236269e-01,1.000000000000000000e+00,-4.227697534471495655e-01,1.000000000000000000e+00,-7.515951200129653564e-01,9.969877214274430743e-01,-6.081558826175823551e-01
1.000000000000000000e+00,-2.692383461131750977e-01,9.994887848289916166e-01,-3.169143633891424172e-01,9.978396839893514114e-01,1.170040097770025933e-01,9.986228754891453008e-01,-3.569155815524954756e-01,1.000000000000000000e+00,-7.101981086950799327e-01,9.970591491306589615e-01,-2.991250980627323530e-01,1.000000000000000000e+00,-2.001602077162419335e-01,1.000000000000000000e+00,-4.641084872502649894e-01,1.000000000000000000e+00,-8.023151687151814926e-01,9.971800512524803262e-01,-6.124060165506753917e-01
1.000000000000000000e+00,-3.171780822959161528e-01,9.992002095393401895e-01,-3.946098232835370534e-01,9.977160386069990894e-01,4.735377975130278250e-02,9.988566156680382946e-01,-4.171378035601291390e-01,9.998596646885431483e-01,-6.801702963808292646e-01,9.973113398900683713e-01,-2.596798159866576805e-01,1.000000000000000000e+00,-1.923963699581560660e-01,1.000000000000000000e+00,-4.334239795512627724e-01,1.000000000000000000e+00,-7.623463611771871262e-01,9.969946072840947249e-01,-6.160569968919757944e-01
1.000000000000000000e+00,-3.169283699184813341e-01,9.991957175230496979e-01,-3.946786761831237444e-01,9.977340620384966829e-01,4.704807890204454335e-02,9.988613869258869959e-01,-4.186804771514633372e-01,9.998710866459078472e-01,-6.820591976217837971e-01,9.973107234465168336e-01,-2.623970455273739177e-01,1.000000000000000000e+00,-1.949231488421551139e-01,1.000000000000000000e+00,-4.375355135936217499e-01,1.000000000000000000e+00,-7.665380771960359496e-01,9.969990503441946705e-01,-6.185280417513631113e-01
1.000000000000000000e+00,-3.172642465292843106e-01,9.991910485937467445e-01,-3.953819296694163765e-01,9.977515289842687762e-01,4.617371946112536207e-02,9.988655322113464408e-01,-4.207359993727061709e-01,9.998817348016117990e-01,-6.846162952497081289e-01,9.973096746829329673e-01,-2.656943563456612423e-01,1.000000000000000000e+00,-1.979435887661054605e-01,1.000000000000000000e+00,-4.421216691933718690e-01,1.000000000000000000e+00,-7.712681209569254293e-01,9.970037152391231228e-01,-6.215085881825801462e-01
1.000000000000000000e+00,-3.482837648147439902e-01,9.988377743079498439e-01,-4.145975422558621504e-01,9.977580345352565772e-01,2.479458692436842249e-02,9.988510975333323438e-01,-4.935542368640890576e-01,9.997085603257614972e-01,-6.393721998826223940e-01,9.976854179634521147e-01,-2.693054554668498635e-01,1.000000000000000000e+00,-2.134924311038192413e-01,1.000000000000000000e+00,-4.334251345473247863e-01,9.999581804845721900e-01,-7.942154772472055368e-01,9.969916090371245820e-01,-6.084489860982916776e-01
1.000000000000000000e+00,-3.157499976285674803e-01,9.991800013485795384e-01,-3.949663735793512154e-01,9.977884100055384176e-01,4.635594643056278885e-02,9.988729629574962798e-01,-4.229925645877124496e-01,9.999034799076701452e-01,-6.885231066281380929e-01,9.973057740528866733e-01,-2.709868053830228884e-01,1.000000000000000000e+00,-2.022484701496806148e-01,1.000000000000000000e+00,-4.498211567070354855e-01,1.000000000000000000e+00,-7.795097077320554124e-01,9.970153049078506191e-01,-6.257043017932972795e-01
1.000000000000000000e+00,-3.184024587664760486e-01,9.991742871666079440e-01,-3.982727721879273375e-01,9.978032455937917433e-01,4.321452975184331136e-02,9.988736050707985870e-01,-4.270251847001200751e-01,9.999103373773029491e-01,-6.940016284945960123e-01,9.973021835546410641e-01,-2.767187181153973885e-01,1.000000000000000000e+00,-2.071680866847076807e-01,1.000000000000000000e+00,-4.562415117943999787e-01,1.000000000000000000e+00,-7.864748903990868012e-01,9.970214426372508987e-01,-6.306523023762462543e-01
1.000000000000000000e+00,-3.590451631281363354e-01,9.989048434905606344e-01,-4.350518175189410641e-01,9.979063426792758040e-01,5.337301388431137106e-04,9.986698415343714386e-01,-4.974276520985715933e-01,9.999066056472715180e-01,-6.855547737556413335e-01,9.978075354462032642e-01,-3.190506883245786129e-01,1.000000000000000000e+00,-2.354550629077992174e-01,1.000000000000000000e+00,-4.505989725715315863e-01,1.000000000000000000e+00,-7.856485402562775056e-01,9.968836196241299685e-01,-5.856088731157270688e-01
1.000000000000000000e+00,-3.673673540294092876e-01,9.989903977471416008e-01,-4.779648374918300524e-01,9.981367277204236110e-01,-5.180352809108462742e-02,9.985473137955130918e-01,-5.307971491103045114e-01,1.000000000000000000e+00,-6.905961566053708811e-01,9.977808569591108956e-01,-3.585734043944793226e-01,1.000000000000000000e+00,-2.507579540581207356e-01,1.000000000000000000e+00,-4.622294409377423197e-01,1.000000000000000000e+00,-7.853862420953920953e-01,9.968732242561879620e-01,-5.440932456365890069e-01
1.000000000000000000e+00,-3.181287731700024879e-01,9.991489104456960924e-01,-4.019253433142851994e-01,9.978492683282846887e-01,4.089833542407200762e-02,9.988620936180991894e-01,-4.313886758058756432e-01,9.999257328105249920e-01,-7.080337927220645700e-01,9.972776949574398975e-01,-2.898021555346524392e-01,1.000000000000000000e+00,-2.144189482878814945e-01,1.000000000000000000e+00,-4.690075990405014883e-01,1.000000000000000000e+00,-8.031891094463815550e-01,9.970523815591809669e-01,-6.380340610294266135e-01
1.000000000000000000e+00,-3.586289803187884262e-01,9.989118309356979086e-01,-4.402682390721057715e-01,9.979334520980560619e-01,-1.846477174573091240e-03,9.986626889229460735e-01,-4.962904292192977795e-01,9.999146326862299317e-01,-7.102971324948884613e-01,9.977083470432061008e-01,-3.340516304108180901e-01,1.000000000000000000e+00,-2.427364406176093503e-01,1.000000000000000000e+00,-4.678708775893394289e-01,1.000000000000000000e+00,-8.081109490268675311e-01,9.969371302925481571e-01,-6.019239759228161013e-01
1.000000000000000000e+00,-3.683116238185249469e-01,9.989850184763361396e-01,-4.811480658686518308e-01,9.981185398315287616e-01,-4.965211803431590631e-02,9.985334379572857744e-01,-5.244076384721980677e-01,1.000000000000000000e+00,-7.268157142935097736e-01,9.976505037001682785e-01,-3.744813239845498076e-01,1.000000000000000000e+00,-2.566588554465114580e-01,1.000000000000000000e+00,-4.810452460348042525e-01,1.000000000000000000e+00,-8.157845064187977391e-01,9.969454020235034575e-01,-5.707413184724956512e-01
1.000000000000000000e+00,-4.913098546290304292e-01,9.989590358040594253e-01,-6.161830515242658901e-01,9.978213282528310968e-01,-1.944003527427702605e-01,9.981598597609494528e-01,-6.436406469273292519e-01,9.998947073426639465e-01,-6.940127205365469454e-01,9.981779353045506786e-01,-4.059580938386751492e-01,1.000000000000000000e+00,-2.788444144295967875e-01,1.000000000000000000e+00,-4.127008369058160486e-01,1.000000000000000000e+00,-7.294569070797293220e-01,9.966200361031987143e-01,-4.765492558036429349e-01
1.000000000000000000e+00,-4.422657638700805416e-01,9.997552026207164877e-01,-5.045642929030123014e-01,9.979121907754626708e-01,-9.199087608651768111e-02,9.984111485956195242e-01,-5.893155859350402981e-01,1.000000000000000000e+00,-7.271862890271811874e-01,9.975639801400401074e-01,-4.096961686960336468e-01,1.000000000000000000e+00,-2.740492462392653539e-01,1.000000000000000000e+00,-3.713477352319913827e-01,1.000000000000000000e+00,-6.113492813816207017e-01,9.972231703245774126e-01,-5.038377401438964842e-01
1.000000000000000000e+00,-4.048132852716652130e-01,9.992935050668635411e-01,-4.772403413432172448e-01,9.972487845116954075e-01,-2.640777843972802463e-02,9.987083481953288322e-01,-4.571461188276721987e-01,9.995313093433816354e-01,-7.174524247497902074e-01,9.973063038008366243e-01,-2.725337254370752138e-01,1.000000000000000000e+00,-2.061568885332543954e-01,1.000000000000000000e+00,-4.091626869095916774e-01,1.000000000000000000e+00,-7.375690679222055568e-01,9.968947586205318956e-01,-6.337546141563316082e-01
1.000000000000000000e+00,-3.983742715190294326e-01,9.992886180236167926e-01,-4.710661751531911579e-01,9.972742602555514368e-01,-2.061874409397185248e-02,9.987158070518302733e-01,-4.532296447725271960e-01,9.995493150238382585e-01,-7.139764972108169072e-01,9.973061259741404783e-01,-2.702993414118116111e-01,1.000000000000000000e+00,-2.037852556504937962e-01,1.000000000000000000e+00,-4.087899651099737852e-01,1.000000000000000000e+00,-7.373939370108173463e-01,9.969004923664133155e-01,-6.310952886053385891e-01
1.000000000000000000e+00,-3.920566806805558802e-01,9.992837584859622924e-01,-4.650124525199300085e-01,9.972995855638872031e-01,-1.496695969377814794e-02,9.987233755232731713e-01,-4.494381035365567212e-01,9.995672488670332978e-01,-7.105693134589152749e-01,9.973060368374672136e-01,-2.681461759036906090e-01,1.000000000000000000e+00,-2.015120258085905947e-01,1.000000000000000000e+00,-4.085105391359477034e-01,1.000000000000000000e+00,-7.372834009792291754e-01,9.969061481935841407e-01,-6.285410394312960225e-01
1.000000000000000000e+00,-3.858789811849355211e-01,9.992789337334534450e-01,-4.590964801624514147e-01,9.973247215523377562e-01,-9.468126866650827811e-03,9.987310280848890054e-01,-4.457839970937435559e-01,9.995850798098381285e-01,-7.072456462053499093e-01,9.973060343621411583e-01,-2.660855736648112813e-01,1.000000000000000000e+00,-1.993483704101409459e-01,1.000000000000000000e+00,-4.083324146194551307e-01,1.000000000000000000e+00,-7.372464540733756344e-01,9.969117150678757922e-01,-6.261039592077886073e-01
1.000000000000000000e+00,-3.798588828079409452e-01,9.992741500141318900e-01,-4.533349685442276122e-01,9.973496332534758091e-01,-4.137282506190553821e-03,9.987387400496807732e-01,-4.422794819746407868e-01,9.996027790640317212e-01,-7.040203110996774427e-01,9.973061153892867070e-01,-2.641290448320826045e-01,1.000000000000000000e+00,-1.973054131642700826e-01,1.000000000000000000e+00,-4.082638468507638341e-01,1.000000000000000000e+00,-7.372925388202560271e-01,9.969171838676367248e-01,-6.237959699496622434e-01
1.000000000000000000e+00,-3.740134131511470006e-01,9.992694125166892150e-01,-4.477441172169216443e-01,9.973742895071069370e-01,1.011113311673306203e-03,9.987464876333410624e-01,-4.389364480978568128e-01,9.996203199897848446e-01,-7.009082122126135683e-01,9.973062756804934592e-01,-2.622883142839197435e-01,1.000000000000000000e+00,-1.953942867451867738e-01,1.000000000000000000e+00,-4.083133969674886954e-01,1.000000000000000000e+00,-7.374315830962054896e-01,9.969225473473347643e-01,-6.216288890574523940e-01
1.000000000000000000e+00,-3.683590110146496843e-01,9.992647253461091061e-01,-4.423397162718988307e-01,9.973986628175590674e-01,5.963075343093537928e-03,9.987542479788666938e-01,-4.357666083761079778e-01,9.996376779423573611e-01,-6.979244051805422178e-01,9.973065099566656988e-01,-2.605753840948515920e-01,1.000000000000000000e+00,-1.936262003951767230e-01,1.000000000000000000e+00,-4.084899965926180876e-01,1.000000000000000000e+00,-7.376740485545832948e-01,9.969278000977469523e-01,-6.196145068607770146e-01
1.000000000000000000e+00,-3.629116367205696969e-01,9.992600914998355233e-01,-4.371372647239896159e-01,9.974227291804965700e-01,1.070497687478572102e-02,9.987619991390485064e-01,-4.327815995368899382e-01,9.996548300905907514e-01,-6.950841801255839281e-01,9.973068119199964832e-01,-2.590026108509572156e-01,1.000000000000000000e+00,-1.920125192174836626e-01,1.000000000000000000e+00,-4.088030219638941754e-01,1.000000000000000000e+00,-7.380309922495512653e-01,9.969329385081384665e-01,-6.177646763129207574e-01
1.000000000000000000e+00,-3.576868998661946186e-01,9.992555128410004484e-01,-4.321521072068602587e-01,9.974464678809028539e-01,1.522341840410684766e-02,9.987697200141814058e-01,-4.299930949598257390e-01,9.996717552044028787e-01,-6.924031670388819393e-01,9.973071742533415884e-01,-2.575828000325658951e-01,1.000000000000000000e+00,-1.905648561930031182e-01,1.000000000000000000e+00,-4.092623788843445798e-01,1.000000000000000000e+00,-7.385141436538986692e-01,9.969379607362863771e-01,-6.160914157174575134e-01
1.000000000000000000e+00,-4.019737544596285184e-01,9.988564539677554643e-01,-4.696087162216661670e-01,9.976142913734311612e-01,-3.174503156830255080e-02,9.985061500557502745e-01,-5.214460743926865316e-01,9.996760404017903667e-01,-6.636818061625190390e-01,9.980363094924560308e-01,-3.047181672711928857e-01,1.000000000000000000e+00,-2.209374661342809187e-01,1.000000000000000000e+00,-3.929397403822655344e-01,1.000000000000000000e+00,-7.304674681684810711e-01,9.967491612755485786e-01,-5.434854435905307479e-01
1.000000000000000000e+00,-3.440419478758484639e-01,9.992453305153995435e-01,-4.190900766496715724e-01,9.974990673944026387e-01,2.716694024591514989e-02,9.987873571874537060e-01,-4.218840045940162042e-01,9.997097205610325776e-01,-6.843973608469304803e-01,9.973081786314401675e-01,-2.524409180318401003e-01,1.000000000000000000e+00,-1.853743917857040568e-01,1.000000000000000000e+00,-4.083012194942280404e-01,1.000000000000000000e+00,-7.375344236634582273e-01,9.969491621304082951e-01,-6.103793216830470936e-01
1.000000000000000000e+00,-3.396859343335857928e-01,9.992409657405330048e-01,-4.149546524140077519e-01,9.975214658254130118e-01,3.083189811126296753e-02,9.987947944656851984e-01,-4.198399439265937394e-01,9.997256654724037128e-01,-6.823668719438116259e-01,9.973086805482300754e-01,-2.516250277843172789e-01,1.000000000000000000e+00,-1.845639114365571487e-01,1.000000000000000000e+00,-4.093115767424611584e-01,1.000000000000000000e+00,-7.385158755473815173e-01,9.969537735457565386e-01,-6.093811589126723050e-01
1.000000000000000000e+00,-3.356150970493397834e-01,9.992366508762032806e-01,-4.111002884215557707e-01,9.975434822711630733e-01,3.421896829322584876e-02,9.988021189770134312e-01,-4.180421545162626984e-01,9.997413073087823010e-01,-6.805659201929304958e-01,9.973091994915261882e-01,-2.510212979885140250e-01,1.000000000000000000e+00,-1.839711354538287880e-01,1.000000000000000000e+00,-4.105157046037212765e-01,1.000000000000000000e+00,-7.396804356573440931e-01,9.969582807558432513e-01,-6.086121840723892618e-01
1.000000000000000000e+00,-3.383488711308887953e-01,9.986244105766717283e-01,-3.731673446793059568e-01,9.975643558315105963e-01,2.692248953159109837e-02,9.987555330927452291e-01,-3.619323999990440299e-01,9.994275109380899025e-01,-6.835038006162394986e-01,9.976241195862914912e-01,-2.739509286952465095e-01,1.000000000000000000e+00,-1.476818588375883035e-01,1.000000000000000000e+00,-3.820864065962315537e-01,1.000000000000000000e+00,-7.313763295191617608e-01,9.969331835911099393e-01,-6.159891600226770070e-01
1.000000000000000000e+00,-3.345878349135698038e-01,9.993563944221987017e-01,-3.472990670453373618e-01,9.978717167332952220e-01,9.592398395644635700e-02,9.984466680339790789e-01,-3.717150561482316373e-01,1.000000000000000000e+00,-7.206206497996408000e-01,9.973665004091886166e-01,-2.542960880420281899e-01,1.000000000000000000e+00,-2.044986488415318493e-01,1.000000000000000000e+00,-4.519094060265284041e-01,1.000000000000000000e+00,-7.894721012723562303e-01,9.965836542255548380e-01,-6.214049896117046501e-01
1.000000000000000000e+00,-3.306286724072615146e-01,9.993498365924041726e-01,-3.445861883445381357e-01,9.978895599927872784e-01,9.816974560656949178e-02,9.984600213966164928e-01,-3.708777732504907609e-01,1.000000000000000000e+00,-7.183784757096427498e-01,9.973661316859883108e-01,-2.539003608535392309e-01,1.000000000000000000e+00,-2.038368676650710865e-01,1.000000000000000000e+00,-4.528202438362352589e-01,1.000000000000000000e+00,-7.901845531967186531e-01,9.965943733927125070e-01,-6.207007051516167939e-01
1.000000000000000000e+00,-3.207171721065346093e-01,9.992192877804969564e-01,-3.971073486415186427e-01,9.976300342148018974e-01,4.634625430344024855e-02,9.988308951904329991e-01,-4.121230390468463289e-01,9.998024804339640248e-01,-6.745661609385318336e-01,9.973112312107429434e-01,-2.497386936766886056e-01,1.000000000000000000e+00,-1.827238104442549527e-01,1.000000000000000000e+00,-4.164032663356891373e-01,1.000000000000000000e+00,-7.453425643465481087e-01,9.969760508006677568e-01,-6.067351920340264826e-01
1.000000000000000000e+00,-3.183966485979972671e-01,9.992151355307038463e-01,-3.950045400116812266e-01,9.976499097701693186e-01,4.804473483731319661e-02,9.988372889593812864e-01,-4.118348612132240461e-01,9.998162154250989087e-01,-6.742952702772970763e-01,9.973115773301729492e-01,-2.505267392890239142e-01,1.000000000000000000e+00,-1.835028594549187042e-01,1.000000000000000000e+00,-4.188475785786529570e-01,1.000000000000000000e+00,-7.477400252176431561e-01,9.969801711401704569e-01,-6.073996337338258833e-01
1.000000000000000000e+00,-2.721679419740188344e-01,9.995049782298955909e-01,-3.184407813450380598e-01,9.978072257971432046e-01,1.159423973119760309e-01,9.986047217331350812e-01,-3.557065267093739713e-01,1.000000000000000000e+00,-7.114043617205982883e-01,9.970521207014485521e-01,-2.986666911091401810e-01,1.000000000000000000e+00,-1.989754932601821569e-01,1.000000000000000000e+00,-4.604984705066251793e-01,1.000000000000000000e+00,-7.990080585408041447e-01,9.971766900439037462e-01,-6.110877691563652014e-01
1.000000000000000000e+00,-3.256027319474660842e-01,9.993265824881555348e-01,-3.438461303058765184e-01,9.979498338732242235e-01,9.755734470468580000e-02,9.985039959807534560e-01,-3.761743805984896771e-01,1.000000000000000000e+00,-7.191572971805232362e-01,9.973639192446362989e-01,-2.607772760125500189e-01,1.000000000000000000e+00,-2.096867372248305272e-01,1.000000000000000000e+00,-4.641371636353623931e-01,1.000000000000000000e+00,-8.009255237634234081e-01,9.966312871915443683e-01,-6.266071388972241918e-01
1.000000000000000000e+00,-2.744545589460523627e-01,9.994890439552585049e-01,-3.220307285415473508e-01,9.978382363838940172e-01,1.120529892543933315e-01,9.986214277234876091e-01,-3.617362746011730801e-01,1.000000000000000000e+00,-7.152207845094560312e-01,9.970586191351590299e-01,-3.039683958700850619e-01,1.000000000000000000e+00,-2.049706608972551580e-01,1.000000000000000000e+00,-4.688570595128939145e-01,1.000000000000000000e+00,-8.071417363669588507e-01,9.971797595592248875e-01,-6.173182447923379890e-01
1.000000000000000000e+00,-3.278977329346327019e-01,9.993153819127685855e-01,-3.481849673024920988e-01,9.979758699457840221e-01,9.282767177525735880e-02,9.985222454085440624e-01,-3.828816065249176503e-01,1.000000000000000000e+00,-7.241871675589708346e-01,9.973617639387731826e-01,-2.683394942918299053e-01,1.000000000000000000e+00,-2.165873900260504581e-01,1.000000000000000000e+00,-4.735140100392095652e-01,1.000000000000000000e+00,-8.101948855342817613e-01,9.966485830896932852e-01,-6.336432921347153746e-01
1.000000000000000000e+00,-2.787945818595056191e-01,9.994725873600012189e-01,-3.278001494980294361e-01,9.978677786306311415e-01,1.061666919807859877e-01,9.986365403200989643e-01,-3.696157592935881420e-01,1.000000000000000000e+00,-7.212666365033445492e-01,9.970640147791547392e-01,-3.112717840964071003e-01,1.000000000000000000e+00,-2.127542347292079306e-01,1.000000000000000000e+00,-4.789573145370042417e-01,1.000000000000000000e+00,-8.171757745844184795e-01,9.971833908735080465e-01,-6.253931118612666706e-01
1.000000000000000000e+00,-3.324538407620262759e-01,9.993034548583114018e-01,-3.549716909245980156e-01,9.980002929942000112e-01,8.586637212510866979e-02,9.985387047885551093e-01,-3.916550072709556463e-01,1.000000000000000000e+00,-7.317512986065316527e-01,9.973581594290766850e-01,-2.781818481961862988e-01,1.000000000000000000e+00,-2.254795011351297673e-01,1.000000000000000000e+00,-4.848431409379329038e-01,1.000000000000000000e+00,-8.216230301095058808e-01,9.966668575441287592e-01,-6.427325774995920060e-01
1.000000000000000000e+00,-3.095626340034748902e-01,9.990548849192771863e-01,-2.622874021803954792e-01,9.980146477736721033e-01,1.157694717669602302e-01,9.986656392183207442e-01,-3.041890775256276269e-01,1.000000000000000000e+00,-7.487936643304644591e-01,9.972637618714834673e-01,-3.518246337448323047e-01,1.000000000000000000e+00,-8.976487015799639035e-02,1.000000000000000000e+00,-4.858441740429711997e-01,1.000000000000000000e+00,-8.169024975918532938e-01,9.973949560859682872e-01,-6.666548785014161371e-01
1.000000000000000000e+00,-3.363849299613980715e-01,9.992891709331063188e-01,-3.617511170615115845e-01,9.980249189456299463e-01,7.912624747698576710e-02,9.985545137884470623e-01,-4.001571908150707846e-01,1.000000000000000000e+00,-7.396491137292222628e-01,9.973519133169956863e-01,-2.882542408592397298e-01,1.000000000000000000e+00,-2.339842727055381211e-01,1.000000000000000000e+00,-4.959648464932673861e-01,1.000000000000000000e+00,-8.331817270433210521e-01,9.966889602129707093e-01,-6.514634015229399111e-01
1.000000000000000000e+00,-3.378440858579330741e-01,9.992807029175474476e-01,-3.650003828855621912e-01,9.980368873333546054e-01,7.603406960670239245e-02,9.985615968850093394e-01,-4.040526494211637565e-01,1.000000000000000000e+00,-7.436903129837031390e-01,9.973470576203072868e-01,-2.932617283796675745e-01,1.000000000000000000e+00,-2.377970793568241759e-01,1.000000000000000000e+00,-5.011646007844386963e-01,1.000000000000000000e+00,-8.388399115516242954e-01,9.967022482340730516e-01,-6.554074719473473865e-01
1.000000000000000000e+00,-2.994728256451630877e-01,9.988551837402791511e-01,-3.150721040395115802e-01,9.979455402395932540e-01,7.772868874049576604e-02,9.986079039797358670e-01,-3.417808470279772859e-01,1.000000000000000000e+00,-7.506365331645372674e-01,9.973557378930365536e-01,-3.600530002803834506e-01,1.000000000000000000e+00,-2.036344900148048531e-01,1.000000000000000000e+00,-4.827536974461205110e-01,1.000000000000000000e+00,-8.419713295506545681e-01,9.971799566731978093e-01,-6.582262623806095503e-01
1.000000000000000000e+00,-3.507172789799897217e-01,9.992623769966065828e-01,-3.819124806297540808e-01,9.980502880213393269e-01,6.028109099862644094e-02,9.985644816925034473e-01,-4.202878919821768089e-01,1.000000000000000000e+00,-7.628001833775850393e-01,9.973307268049497187e-01,-3.127602871674345364e-01,1.000000000000000000e+00,-2.534714015844209412e-01,1.000000000000000000e+00,-5.191826433380040129e-01,1.000000000000000000e+00,-8.589679943214458824e-01,9.967314105440953087e-01,-6.716395681465353595e-01
1.000000000000000000e+00,-3.511081997449841952e-01,9.991521740652372641e-01,-4.340856346039905778e-01,9.978285041219154827e-01,9.875263531948452744e-03,9.988467812852043215e-01,-4.605738336499745067e-01,9.999050197556180741e-01,-7.391215479848920467e-01,9.972738717178366574e-01,-3.187953325598061882e-01,1.000000000000000000e+00,-2.428933711366871584e-01,1.000000000000000000e+00,-4.960839489788165801e-01,1.000000000000000000e+00,-8.312224043760425563e-01,9.970476648498328709e-01,-6.671992229808731967e-01
1.000000000000000000e+00,-3.364126331797913649e-01,9.985667452670401456e-01,-2.731101538101356474e-01,9.982608382422788473e-01,8.932155840468469776e-02,9.980194030824149909e-01,-3.628756046460851481e-01,9.997645172795203150e-01,-7.893440208990543105e-01,9.972890485535262917e-01,-3.398358379654584649e-01,1.000000000000000000e+00,-1.917769922315936681e-01,1.000000000000000000e+00,-4.997319056659103587e-01,1.000000000000000000e+00,-9.359356591655524360e-01,9.971726969060954460e-01,-6.793294129937930137e-01
1.000000000000000000e+00,-3.268787588625634566e-01,9.989044929177622878e-01,-3.742735367213783082e-01,9.981469365890035528e-01,4.359239518492141752e-02,9.980343385295422642e-01,-4.387668768571489908e-01,1.000000000000000000e+00,-8.036805363340220332e-01,9.971027036162172230e-01,-3.372981839987050923e-01,1.000000000000000000e+00,-3.085138715734623283e-01,1.000000000000000000e+00,-5.180150600414097362e-01,9.999142287459741318e-01,-9.687702374966198349e-01,9.969490037367314539e-01,-6.727049653022341147e-01
1.000000000000000000e+00,-3.809697938828622288e-01,9.992797537913119532e-01,-4.542720870949361611e-01,9.973204196396430188e-01,-4.651153845402544729e-03,9.987303206817076395e-01,-4.406837132059327478e-01,9.995829408806787830e-01,-7.020751256818456021e-01,9.973059202854095417e-01,-2.607640351138780788e-01,1.000000000000000000e+00,-1.939724355535021871e-01,1.000000000000000000e+00,-4.025710325052191951e-01,1.000000000000000000e+00,-7.314631975696659349e-01,9.969113135363502076e-01,-6.206649493266601647e-01
1.000000000000000000e+00,-3.750126637535443064e-01,9.992750276005925025e-01,-4.485715248674374545e-01,9.973450339495365524e-01,6.242229113134212248e-04,9.987379300976144680e-01,-4.372129107463682551e-01,9.996004411699329628e-01,-6.988848718767313173e-01,9.973059970029423127e-01,-2.588263223596201090e-01,1.000000000000000000e+00,-1.919473201010551688e-01,1.000000000000000000e+00,-4.024956186887641563e-01,1.000000000000000000e+00,-7.315035224069109665e-01,9.969167239152267879e-01,-6.183765729379441245e-01
1.000000000000000000e+00,-3.692233711704649424e-01,9.992703475805468916e-01,-4.430347317664753426e-01,9.973693983570277588e-01,5.724096101069275910e-03,9.987455765367687643e-01,-4.338971580068250455e-01,9.996177874127193386e-01,-6.958017480897153995e-01,9.973061526820010680e-01,-2.569985134996815024e-01,1.000000000000000000e+00,-1.900481325088671791e-01,1.000000000000000000e+00,-4.025326807527846995e-01,1.000000000000000000e+00,-7.316314171208131434e-01,9.969220301609459378e-01,-6.162229882174433682e-01
1.000000000000000000e+00,-3.140605182167222065e-01,9.983671185914493318e-01,-2.558355701238879676e-01,9.977769115564124602e-01,9.827862053273100917e-02,9.975295761754785495e-01,-3.129143322078724032e-01,9.996789437962815272e-01,-7.312386849851340020e-01,9.974387855247086598e-01,-2.655729511091358130e-01,9.998156643133691013e-01,-2.412288863609575451e-01,1.000000000000000000e+00,-3.703725053052039362e-01,1.000000000000000000e+00,-8.625242109535278257e-01,9.967822010052225234e-01,-5.923398110860000898e-01
1.000000000000000000e+00,-3.435914381709481713e-01,9.991515161318136329e-01,-2.635198569743130159e-01,9.976745347869645508e-01,1.085479031344033785e-01,9.984646324066173140e-01,-2.745966788519035862e-01,1.000000000000000000e+00,-7.633530670780781513e-01,9.972253146985700090e-01,-3.507052506888710952e-01,1.000000000000000000e+00,-5.111646956489462879e-02,1.000000000000000000e+00,-4.425994684232852361e-01,1.000000000000000000e+00,-7.755958728065136532e-01,9.973935891861019920e-01,-6.555468979596693613e-01
1.000000000000000000e+00,-3.663077420750844304e-01,9.994026868208343295e-01,-3.700480182696436193e-01,9.977446875632804968e-01,7.638472286204101014e-02,9.983504562628303658e-01,-3.810901987123361812e-01,1.000000000000000000e+00,-7.399248726223650596e-01,9.973696130493096002e-01,-2.603629418242485172e-01,1.000000000000000000e+00,-2.125648246773303440e-01,1.000000000000000000e+00,-4.489617354989036691e-01,1.000000000000000000e+00,-7.876991058805848933e-01,9.965058009045194565e-01,-6.299482673350971229e-01
1.000000000000000000e+00,-3.282718533826307072e-01,9.985757672279101937e-01,-2.046812849062461526e-01,9.979640940479930222e-01,1.351604046462875353e-01,9.976506757036464057e-01,-2.876136681083095725e-01,9.996002601709688129e-01,-7.405513182224079394e-01,9.973223189497488761e-01,-2.692288278416988256e-01,9.998531416895027890e-01,-1.227000841710897405e-01,1.000000000000000000e+00,-3.991079852685394114e-01,1.000000000000000000e+00,-8.579209572590646982e-01,9.970601722070752126e-01,-6.176572836473663841e-01
1.000000000000000000e+00,-3.005739984680388388e-01,9.995918306781562679e-01,-3.396286396106175109e-01,9.976230173839384374e-01,9.785806134914942778e-02,9.984979009656351767e-01,-3.605902170365199999e-01,1.000000000000000000e+00,-7.309211515611767629e-01,9.970088827681736765e-01,-3.082295160263359701e-01,1.000000000000000000e+00,-2.037195507167331443e-01,1.000000000000000000e+00,-4.520202466367335692e-01,1.000000000000000000e+00,-7.924687929450153767e-01,9.971603766470008567e-01,-6.155382184357883757e-01
1.000000000000000000e+00,-3.561233858845324618e-01,9.993842831575993069e-01,-3.634103933147934673e-01,9.977949401761123660e-01,8.184696901813842684e-02,9.983884577594132059e-01,-3.796619925212654789e-01,1.000000000000000000e+00,-7.346210725784299012e-01,9.973681329972392540e-01,-2.602791120140903192e-01,1.000000000000000000e+00,-2.116666788436361302e-01,1.000000000000000000e+00,-4.524145183617532817e-01,1.000000000000000000e+00,-7.907623782830353054e-01,9.965369593372040979e-01,-6.288880217812586881e-01
1.000000000000000000e+00,-3.191342202633824510e-01,9.985783611023927309e-01,-2.027042961616599415e-01,9.980176585679653156e-01,1.391009711694378148e-01,9.977164411839686275e-01,-2.892187664917472145e-01,9.996394315958351262e-01,-7.349282791702856921e-01,9.973276298482341984e-01,-2.686693956104020398e-01,9.998880962462669553e-01,-1.240623897103803053e-01,1.000000000000000000e+00,-4.051350468087124845e-01,1.000000000000000000e+00,-8.592796058608985765e-01,9.970707973674756142e-01,-6.176090363521036242e-01
1.000000000000000000e+00,-2.995246512302957576e-01,9.989140112164326402e-01,-2.950484324771294742e-01,9.976834629734377957e-01,9.251816523688588534e-02,9.984630894861145078e-01,-2.996051858321294725e-01,1.000000000000000000e+00,-7.332155154374779826e-01,9.973551864954325330e-01,-3.343710098145336596e-01,1.000000000000000000e+00,-1.656872722818825416e-01,1.000000000000000000e+00,-4.255052709514763332e-01,1.000000000000000000e+00,-7.877507480381620297e-01,9.971398790115666433e-01,-6.249226411176544982e-01
1.000000000000000000e+00,-3.479827288756057735e-01,9.993663819285250050e-01,-3.586467204059470282e-01,9.978438481342901678e-01,8.543818521060164706e-02,9.984251084577863145e-01,-3.799599731330945418e-01,1.000000000000000000e+00,-7.311007847656153524e-01,9.973669385148457023e-01,-2.618111576828832110e-01,1.000000000000000000e+00,-2.124710252619524953e-01,1.000000000000000000e+00,-4.575022011536211686e-01,1.000000000000000000e+00,-7.953937163639221986e-01,9.965666321599672139e-01,-6.295950335755767791e-01
1.000000000000000000e+00,-3.433938154058797099e-01,9.993595257102496632e-01,-3.553745108666189756e-01,9.978626002461603584e-01,8.822206180730940428e-02,9.984392312141825432e-01,-3.786657506027411024e-01,1.000000000000000000e+00,-7.283322507159153414e-01,9.973665274811932546e-01,-2.609906982867911673e-01,1.000000000000000000e+00,-2.113647054941144576e-01,1.000000000000000000e+00,-4.580359194760084685e-01,1.000000000000000000e+00,-7.957312474194511154e-01,9.965779845879136900e-01,-6.284293703540555498e-01
1.000000000000000000e+00,-2.866319463082380725e-01,9.995370184679522874e-01,-3.301135905948470728e-01,9.977395929639635286e-01,1.055255266407048587e-01,9.985653336936037849e-01,-3.612949802651792552e-01,1.000000000000000000e+00,-7.223532005740080919e-01,9.970364873591041066e-01,-3.059042952342526100e-01,1.000000000000000000e+00,-2.045400216680191563e-01,1.000000000000000000e+00,-4.611687161371073596e-01,1.000000000000000000e+00,-8.004543880066776751e-01,9.971701675750852534e-01,-6.165927460095745882e-01
1.000000000000000000e+00,-3.096403199821848862e-01,9.985822695735142585e-01,-2.044158468011320062e-01,9.981014223735488189e-01,1.404847448725778936e-01,9.978185375229868814e-01,-2.964511737809046310e-01,9.997004537959925941e-01,-7.307996933679450358e-01,9.973356211409041272e-01,-2.724337300211713275e-01,9.999428676764217094e-01,-1.309356343360435493e-01,1.000000000000000000e+00,-4.193955473667271838e-01,1.000000000000000000e+00,-8.661313989677175140e-01,9.970870975495863542e-01,-6.223469944690298572e-01
1.000000000000000000e+00,-3.153687858299982771e-01,9.990944784807134216e-01,-2.548243406035985981e-01,9.978896744430706400e-01,1.203445989226185620e-01,9.985950718574054807e-01,-2.861235690017413513e-01,1.000000000000000000e+00,-7.462316346227153563e-01,9.972538003323283551e-01,-3.440788189393941265e-01,1.000000000000000000e+00,-6.847785612778845010e-02,1.000000000000000000e+00,-4.628367104718975056e-01,1.000000000000000000e+00,-7.941875422115808325e-01,9.973918311574724305e-01,-6.557135264983233736e-01
1.000000000000000000e+00,-2.885507196715490497e-01,9.995134270227802320e-01,-3.338587241138734618e-01,9.977879235129648583e-01,1.011855551492535921e-01,9.985921365172861774e-01,-3.690257385382095801e-01,1.000000000000000000e+00,-7.263885863227920181e-01,9.970474233169838163e-01,-3.123828412608989913e-01,1.000000000000000000e+00,-2.122826078171263231e-01,1.000000000000000000e+00,-4.725043011177355590e-01,1.000000000000000000e+00,-8.113425404461143131e-01,9.971741875456120452e-01,-6.246303351419314476e-01
1.000000000000000000e+00,-2.917292066422311758e-01,9.995064076241226836e-01,-3.375604011501928126e-01,9.978014994954119699e-01,9.740173528415813076e-02,9.985992498577068721e-01,-3.737397867027666409e-01,1.000000000000000000e+00,-7.301437347223191932e-01,9.970502815829616061e-01,-3.167563499460582799e-01,1.000000000000000000e+00,-2.169854029508042903e-01,1.000000000000000000e+00,-4.782511826586429704e-01,1.000000000000000000e+00,-8.170077405527083059e-01,9.971753527718779653e-01,-6.294774277381289806e-01
1.000000000000000000e+00,-2.953826939111647842e-01,9.994992338259626186e-01,-3.417608989335174097e-01,9.978149451978205464e-01,9.315091506146916389e-02,9.986061421815064509e-01,-3.789032736649619038e-01,1.000000000000000000e+00,-7.344050683883978081e-01,9.970529768196281228e-01,-3.216012781409275934e-01,1.000000000000000000e+00,-2.221272256602027095e-01,1.000000000000000000e+00,-4.844391148633966360e-01,1.000000000000000000e+00,-8.231406609036848732e-01,9.971766153420607015e-01,-6.347765141981642767e-01
1.000000000000000000e+00,-2.951884089492877172e-01,9.993656375632166133e-01,-4.011704154130381617e-01,9.975591486117012519e-01,3.508463963377778105e-02,9.989593006664685415e-01,-4.260687509226044889e-01,1.000000000000000000e+00,-6.984291287512762736e-01,9.970116118510096159e-01,-3.217180176063977881e-01,1.000000000000000000e+00,-2.076501994701302478e-01,1.000000000000000000e+00,-4.540951410521606446e-01,9.997761431286075196e-01,-7.846615593326252691e-01,9.975242062973640467e-01,-6.276332596303894062e-01
1.000000000000000000e+00,-3.048409790218359894e-01,9.994844591957546820e-01,-3.523938341461141377e-01,9.978407533635876847e-01,8.256527260738938390e-02,9.986186550640896442e-01,-3.912005668453127916e-01,1.000000000000000000e+00,-7.451908303832506242e-01,9.970575465488912270e-01,-3.333712698034922983e-01,1.000000000000000000e+00,-2.343354046291498960e-01,1.000000000000000000e+00,-4.987076731645068151e-01,9.999999500545498909e-01,-8.374287781039235767e-01,9.971795094100851520e-01,-6.473531501167806290e-01
1.000000000000000000e+00,-3.102371902841369877e-01,9.994764506653033287e-01,-3.584767340654115841e-01,9.978535907097011437e-01,7.658213346144548961e-02,9.986244710086280563e-01,-3.980105229578990711e-01,1.000000000000000000e+00,-7.513984627513080605e-01,9.970594105978930477e-01,-3.399867868513473668e-01,1.000000000000000000e+00,-2.410669400764845482e-01,1.000000000000000000e+00,-5.064924574305313953e-01,9.999989835161569030e-01,-8.453081187119174666e-01,9.971813377404996626e-01,-6.542934168266780759e-01
1.000000000000000000e+00,-3.206335464236320654e-01,9.988771703083721976e-01,-3.286111570800579473e-01,9.978745359519183289e-01,6.229495243768590207e-02,9.985712356706902826e-01,-3.498303854515424915e-01,1.000000000000000000e+00,-7.636690648227707490e-01,9.973624127351705670e-01,-3.715986471257813339e-01,1.000000000000000000e+00,-2.134397081403963670e-01,1.000000000000000000e+00,-4.870769281193650380e-01,1.000000000000000000e+00,-8.462254074165166395e-01,9.971612540189924712e-01,-6.696760250765964040e-01
1.000000000000000000e+00,-3.407993946167672261e-01,9.985830384783971336e-01,-2.534048425173245356e-01,9.982102972583462019e-01,9.861850668961136268e-02,9.979513368322912026e-01,-3.494976673745825990e-01,9.997635015403516512e-01,-7.708242581112967340e-01,9.973352522694617361e-01,-3.214894694478659387e-01,1.000000000000000000e+00,-1.829398020437388306e-01,1.000000000000000000e+00,-4.819590624495408426e-01,1.000000000000000000e+00,-9.192826428338382039e-01,9.971149580747834529e-01,-6.720054662477549234e-01
1.000000000000000000e+00,-3.280925892874711480e-01,9.994476866285844086e-01,-3.791978726767776808e-01,9.978918429109490118e-01,5.663102417147591883e-02,9.986387749308580641e-01,-4.202227586673175641e-01,1.000000000000000000e+00,-7.729947787008972782e-01,9.970618637799232298e-01,-3.621910017320211228e-01,1.000000000000000000e+00,-2.627695406617268081e-01,1.000000000000000000e+00,-5.315339323146379691e-01,9.999956786562115285e-01,-8.713107901279870671e-01,9.971899300967608237e-01,-6.767490321229003847e-01
1.000000000000000000e+00,-3.828182627692444107e-01,9.992824182667006117e-01,-4.091274325230763176e-01,9.980173331589250463e-01,3.365401720672034358e-02,9.985415140472824191e-01,-4.445679605246309896e-01,1.000000000000000000e+00,-7.873978298371883122e-01,9.973407637385263147e-01,-3.342557126303536963e-01,1.000000000000000000e+00,-2.779601555920825917e-01,1.000000000000000000e+00,-5.402365603430372420e-01,1.000000000000000000e+00,-8.792547553795981852e-01,9.966975287937236416e-01,-6.964712342749266316e-01
1.000000000000000000e+00,-3.367815157435454232e-01,9.993112210381270843e-01,-4.432145992292164660e-01,9.976744580637229021e-01,-5.046747622498515273e-03,9.989475072756914820e-01,-4.722300004095998371e-01,1.000000000000000000e+00,-7.540588537680431580e-01,9.970186297198554426e-01,-3.739082764459126795e-01,1.000000000000000000e+00,-2.593654622346204253e-01,1.000000000000000000e+00,-5.153797774767757689e-01,9.997942206190076897e-01,-8.498634599912311405e-01,9.975070753654384781e-01,-6.803468276594955011e-01
1.000000000000000000e+00,-3.698977502438925424e-01,9.985729444790454323e-01,-2.961467814252554120e-01,9.982380871059983729e-01,6.297851287792083363e-02,9.979886436087068713e-01,-3.875860105369757225e-01,9.997557096223640416e-01,-8.116686113152262738e-01,9.973081860648280728e-01,-3.618618735828901256e-01,1.000000000000000000e+00,-2.185911290589755973e-01,1.000000000000000000e+00,-5.225706665064410172e-01,1.000000000000000000e+00,-9.591709691132987992e-01,9.971461739085262233e-01,-7.070944850053435538e-01
1.000000000000000000e+00,-3.776616905439206806e-01,9.987494043249522946e-01,-3.522421039412524379e-01,9.985566684643182311e-01,6.680619279647109776e-02,9.977326557505418192e-01,-3.594025616737647200e-01,9.996107803973603989e-01,-7.944402505106337165e-01,9.973510603279333031e-01,-3.471222402149841679e-01,1.000000000000000000e+00,-2.013689465372530407e-01,1.000000000000000000e+00,-5.237304120980046385e-01,9.997308351882360222e-01,-9.469590576263395842e-01,9.970013405819927454e-01,-7.289861113028784922e-01
1.000000000000000000e+00,-3.938027737959484686e-01,9.985321261182251718e-01,-3.436654523098349179e-01,9.982515808702601134e-01,3.006009670585352289e-02,9.979634389430510621e-01,-4.059173985568085841e-01,9.997233556572843183e-01,-8.604217453190039500e-01,9.972652428772464939e-01,-4.028718555761893194e-01,1.000000000000000000e+00,-2.260816101579466997e-01,1.000000000000000000e+00,-5.446893285990582756e-01,1.000000000000000000e+00,-9.909001195640864124e-01,9.971429388312941233e-01,-7.326272474330626228e-01
1.000000000000000000e+00,-4.190921743642463393e-01,9.994942622400778687e-01,-4.043447019425737143e-01,9.975060371344135479e-01,4.641908739030731201e-02,9.981684517186857342e-01,-3.915307238451758987e-01,9.999636451210026644e-01,-7.671249182249283427e-01,9.973840753031888440e-01,-2.627481724359521653e-01,1.000000000000000000e+00,-2.204406949407075322e-01,1.000000000000000000e+00,-4.365803467574106422e-01,1.000000000000000000e+00,-7.753710599828849137e-01,9.963432262390387040e-01,-6.389380761793258534e-01
1.000000000000000000e+00,-3.784021418472999221e-01,9.985642336347557713e-01,-2.174357853575653032e-01,9.976985362923530554e-01,1.106179356771652134e-01,9.973189082122710936e-01,-2.842025121368979557e-01,9.994161881967101868e-01,-7.715686247591928559e-01,9.972990772116433478e-01,-2.757997323429118297e-01,9.996755173702542852e-01,-1.209551613179863927e-01,1.000000000000000000e+00,-3.745054098764091788e-01,1.000000000000000000e+00,-8.554589631150513185e-01,9.970020044817754501e-01,-6.230383407994923850e-01
1.000000000000000000e+00,-3.342822711697099325e-01,9.991523975423663995e-01,-3.151408115720347736e-01,9.975845858551215528e-01,9.315651834534649511e-02,9.974273557987342054e-01,-3.838184214692520468e-01,9.999928336238306237e-01,-7.394714005000883050e-01,9.970277996223899653e-01,-2.362818167219710719e-01,1.000000000000000000e+00,-2.908911992742433394e-01,1.000000000000000000e+00,-3.892313530371502850e-01,9.998111427498541648e-01,-8.659920151707672931e-01,9.967663012982870274e-01,-5.813515020756085949e-01
1.000000000000000000e+00,-3.370841361251215029e-01,9.997214445173197017e-01,-3.653529431771531666e-01,9.973570558697169020e-01,7.511108897567797538e-02,9.983448211726045907e-01,-3.639449514697691290e-01,1.000000000000000000e+00,-7.541823579287736390e-01,9.969467499901407681e-01,-3.180959779759706674e-01,1.000000000000000000e+00,-2.068807319031097103e-01,1.000000000000000000e+00,-4.370163410137968829e-01,1.000000000000000000e+00,-7.785287841723602664e-01,9.971358742044873491e-01,-6.185504491336579758e-01
1.000000000000000000e+00,-3.992448500612699736e-01,9.994675467339489972e-01,-3.901206732734237015e-01,9.975732681068970598e-01,5.961437517997686397e-02,9.982201769881107190e-01,-3.839132749138652323e-01,9.999969482433996859e-01,-7.551335706437227735e-01,9.973784469404559649e-01,-2.577739558565749212e-01,1.000000000000000000e+00,-2.135422091141042089e-01,1.000000000000000000e+00,-4.352886536549924745e-01,1.000000000000000000e+00,-7.744225334850090015e-01,9.963922371285949264e-01,-6.316035962716408658e-01
1.000000000000000000e+00,-3.590047246707956385e-01,9.985670578929303209e-01,-2.092955812078616806e-01,9.977752559756136730e-01,1.224965792111721852e-01,9.974159555780797159e-01,-2.804831721509634113e-01,9.994678722263636850e-01,-7.582369766119417820e-01,9.973050778413418138e-01,-2.694152820217846633e-01,9.997278969796563608e-01,-1.166354334762825518e-01,1.000000000000000000e+00,-3.767330725929194934e-01,1.000000000000000000e+00,-8.515027921919785525e-01,9.970203154897671061e-01,-6.165987547235174393e-01
1.000000000000000000e+00,-3.234846544063085805e-01,9.996892324840936928e-01,-3.545896868455428175e-01,9.974211509640317219e-01,8.530521568209947780e-02,9.983816973513561788e-01,-3.584708780228720859e-01,1.000000000000000000e+00,-7.441633021932545500e-01,9.969613809634765289e-01,-3.111813836883723372e-01,1.000000000000000000e+00,-2.014199566291742793e-01,1.000000000000000000e+00,-4.357901916315340962e-01,1.000000000000000000e+00,-7.773115467311746407e-01,9.971425856586826342e-01,-6.130074588510859845e-01
1.000000000000000000e+00,-3.509062232508105561e-01,9.985685329524931486e-01,-2.063668974673004142e-01,9.978114234480564004e-01,1.270727331058941201e-01,9.974613868063033628e-01,-2.797302770453317100e-01,9.994927750226868524e-01,-7.528552575564428917e-01,9.973081209404045522e-01,-2.673500899899956540e-01,9.997522747025392453e-01,-1.156336216394059924e-01,1.000000000000000000e+00,-3.788326415934954450e-01,1.000000000000000000e+00,-8.506258685401938413e-01,9.970285422133003950e-01,-6.146075704785152194e-01
1.000000000000000000e+00,-3.461455356060609834e-01,9.985693383633240661e-01,-2.043583495932718708e-01,9.978308662689500119e-01,1.299239950010795397e-01,9.974857571460076233e-01,-2.789290311106618625e-01,9.995063879106015348e-01,-7.495478495010073905e-01,9.973098078264532873e-01,-2.658404049027343619e-01,9.997653163347954841e-01,-1.147038321459908361e-01,1.000000000000000000e+00,-3.795711697913710103e-01,1.000000000000000000e+00,-8.497523915119011839e-01,9.970329209179419339e-01,-6.131412057569169960e-01
1.000000000000000000e+00,-3.408140088084213315e-01,9.987772317413389223e-01,-2.481747335579618796e-01,9.982049227628639887e-01,1.510594403756820858e-01,9.972051506736914206e-01,-2.319081161179879780e-01,9.993646501887248901e-01,-7.078739202550667908e-01,9.973828436927663077e-01,-2.305095996275691728e-01,9.997878644538810144e-01,-8.211988120494567722e-02,1.000000000000000000e+00,-3.666319097930608173e-01,9.997265269853516934e-01,-8.188710719312770614e-01,9.968503693940191646e-01,-6.247417030939340643e-01
1.000000000000000000e+00,-3.372083557976147117e-01,9.985709813522435363e-01,-2.007514149191486630e-01,9.978689850854799426e-01,1.351245284288669635e-01,9.975333658881988530e-01,-2.777347799022262809e-01,9.995333585568380030e-01,-7.433924484112912623e-01,9.973132307335408342e-01,-2.632293270083996828e-01,9.997907320743715243e-01,-1.132738015201290305e-01,1.000000000000000000e+00,-3.814186608856297567e-01,1.000000000000000000e+00,-8.484090452334716037e-01,9.970413048473306672e-01,-6.106650619095568278e-01
1.000000000000000000e+00,-3.055253886326665946e-01,9.996405473521475793e-01,-3.407876470294238236e-01,9.975208046982410037e-01,9.796696143583799588e-02,9.984394287720780303e-01,-3.531077909083448207e-01,1.000000000000000000e+00,-7.313879081019699635e-01,9.969845589847785572e-01,-3.034410465374053900e-01,1.000000000000000000e+00,-1.961203055816829743e-01,1.000000000000000000e+00,-4.372342071197228286e-01,1.000000000000000000e+00,-7.784103345605339896e-01,9.971522014759567343e-01,-6.076614502620877323e-01
1.000000000000000000e+00,-3.308850022478976305e-01,9.985725664805178425e-01,-1.991284854983479402e-01,9.979031897549393015e-01,1.381455222719028542e-01,9.975758332695987551e-01,-2.782928686987315436e-01,9.995576662848109084e-01,-7.394356448714654029e-01,9.973164299344261519e-01,-2.624629611243906036e-01,9.998133454097395401e-01,-1.136438898666011776e-01,1.000000000000000000e+00,-3.847421578001362641e-01,1.000000000000000000e+00,-8.488297886828353178e-01,9.970484930900639364e-01,-6.101191805252640377e-01
1.000000000000000000e+00,-3.011138089979919497e-01,9.983685947190509280e-01,-2.444595579090080850e-01,9.977915157674378532e-01,1.098588684551934924e-01,9.975475025325842848e-01,-3.028219635378286978e-01,9.996897837967688716e-01,-7.196390105956615990e-01,9.974394008727088812e-01,-2.552942831403761659e-01,9.998250157352470691e-01,-2.304843823502569777e-01,1.000000000000000000e+00,-3.616002826253731928e-01,1.000000000000000000e+00,-8.524546614193919680e-01,9.967875090872827526e-01,-5.819317817735865095e-01
1.000000000000000000e+00,-2.993615067084758885e-01,9.996152539728037079e-01,-3.366780534236263889e-01,9.975737255024577088e-01,1.013911003425977952e-01,9.984700081887648571e-01,-3.535260941099890308e-01,1.000000000000000000e+00,-7.277206684049425389e-01,9.969970905423173324e-01,-3.025125228600736293e-01,1.000000000000000000e+00,-1.965922272945499483e-01,1.000000000000000000e+00,-4.413779194245633919e-01,1.000000000000000000e+00,-7.822132222884846664e-01,9.971567715730219605e-01,-6.081950076262565563e-01
1.000000000000000000e+00,-3.224849129110904378e-01,9.987765494485458806e-01,-2.429099198447912666e-01,9.983000845366111209e-01,1.588189010257372580e-01,9.973432665965908939e-01,-2.358533736098177291e-01,9.994435363704811115e-01,-6.977164974412487508e-01,9.973908210112538697e-01,-2.300169217062393856e-01,9.998567029092213510e-01,-8.511502670262130477e-02,1.000000000000000000e+00,-3.781997500429140069e-01,9.997296140872660164e-01,-8.219493822443483255e-01,9.968771753764178456e-01,-6.237347091036202773e-01
1.000000000000000000e+00,-2.894492100456823591e-01,9.990920762443440406e-01,-2.880315163842127602e-01,9.978315582876915446e-01,1.214165107264585375e-01,9.977084136962567351e-01,-3.708005348621304931e-01,1.000000000000000000e+00,-7.104239862481617207e-01,9.970816024936252076e-01,-2.300317916714587629e-01,1.000000000000000000e+00,-2.695801352150042907e-01,1.000000000000000000e+00,-4.041229157299857100e-01,9.998300984428291072e-01,-8.620604187245721750e-01,9.968414449573760328e-01,-5.760384273132602706e-01
1.000000000000000000e+00,-2.956266049918708227e-01,9.995914068162572441e-01,-3.348171666084049369e-01,9.976241249876328654e-01,1.025661858491050404e-01,9.984990016483678010e-01,-3.559866727926961349e-01,1.000000000000000000e+00,-7.262207003341294431e-01,9.970091118646887685e-01,-3.036451641045197491e-01,1.000000000000000000e+00,-1.991119556914072442e-01,1.000000000000000000e+00,-4.474512576295857080e-01,1.000000000000000000e+00,-7.878799990456080149e-01,9.971608314618181090e-01,-6.108328577982422569e-01
1.000000000000000000e+00,-2.952654321061192744e-01,9.995839488203975831e-01,-3.350231756213870593e-01,9.976399238715711881e-01,1.021487231558398934e-01,9.985080158519922255e-01,-3.575367514089913268e-01,1.000000000000000000e+00,-7.265210945844046142e-01,9.970128874800336938e-01,-3.047682126100165201e-01,1.000000000000000000e+00,-2.006816212825059675e-01,1.000000000000000000e+00,-4.501494391300429054e-01,1.000000000000000000e+00,-7.904384737233084435e-01,9.971620297822002543e-01,-6.124598120211541818e-01
1.000000000000000000e+00,-3.245629612999177405e-01,9.991254590959933735e-01,-2.534653708298447161e-01,9.977730380592602089e-01,1.199594343913832351e-01,9.985251227686401387e-01,-2.739088459989964530e-01,1.000000000000000000e+00,-7.496189083794522201e-01,9.972385710348888876e-01,-3.418174344247459917e-01,1.000000000000000000e+00,-5.306718809973298701e-02,1.000000000000000000e+00,-4.457974105723523373e-01,1.000000000000000000e+00,-7.781264511009887697e-01,9.973932837127460482e-01,-6.495506114445620538e-01
1.000000000000000000e+00,-3.476329486330390073e-01,9.993732160380947027e-01,-3.570805854410507019e-01,9.978254125725020129e-01,8.738789236691679729e-02,9.984116165689920219e-01,-3.765632086605592566e-01,1.000000000000000000e+00,-7.291322232222954280e-01,9.973674161116102832e-01,-2.579749796721814148e-01,1.000000000000000000e+00,-2.088812373890965857e-01,1.000000000000000000e+00,-4.522634973540753389e-01,1.000000000000000000e+00,-7.903226164345809046e-01,9.965556337437833090e-01,-6.259708816492874917e-01
1.000000000000000000e+00,-3.114034217802484350e-01,9.985798165167902862e-01,-1.992501144517708211e-01,9.980496895602587459e-01,1.436179259304588562e-01,9.977556989861386949e-01,-2.880035294049387296e-01,9.996635087830889610e-01,-7.293818128292417491e-01,9.973308592293451680e-01,-2.661853973838009813e-01,9.999089928264791594e-01,-1.226990725792799219e-01,1.000000000000000000e+00,-4.065637475363224063e-01,1.000000000000000000e+00,-8.578993035634043807e-01,9.970772651211096127e-01,-6.153782806665920591e-01
1.000000000000000000e+00,-2.877016720676011108e-01,9.995489165804221088e-01,-3.302523712009621804e-01,9.977145201067599833e-01,1.057571703869583657e-01,9.985510755283020234e-01,-3.592820407319571308e-01,1.000000000000000000e+00,-7.223220514060278985e-01,9.970306129124740790e-01,-3.045535276679613990e-01,1.000000000000000000e+00,-2.025064878362743681e-01,1.000000000000000000e+00,-4.573085120071996856e-01,1.000000000000000000e+00,-7.968528489196112785e-01,9.971681423266373079e-01,-6.144592967456210530e-01
1.000000000000000000e+00,-2.889626466767328261e-01,9.995419173050623662e-01,-3.320230479104141486e-01,9.977291285763418838e-01,1.038114247807250257e-01,9.985591933153674660e-01,-3.622568220887484869e-01,1.000000000000000000e+00,-7.241534838968526344e-01,9.970340280227961705e-01,-3.071266709632364256e-01,1.000000000000000000e+00,-2.054943499248212402e-01,1.000000000000000000e+00,-4.613748358925045534e-01,1.000000000000000000e+00,-8.007789298100201902e-01,9.971691969653464493e-01,-6.175439441699204224e-01
1.000000000000000000e+00,-2.905541171083984575e-01,9.995348994984090130e-01,-3.341253762505567715e-01,9.977436364855241102e-01,1.015461476485389203e-01,9.985671907217786858e-01,-3.655398836749128022e-01,1.000000000000000000e+00,-7.263139009684349556e-01,9.970373774370072661e-01,-3.100141330178317056e-01,1.000000000000000000e+00,-2.087873890842475155e-01,1.000000000000000000e+00,-4.657460492148943199e-01,1.000000000000000000e+00,-8.050157753416258277e-01,9.971702618613647040e-01,-6.209423734332515377e-01
1.000000000000000000e+00,-3.379170164502336982e-01,9.992214886259633833e-01,-4.138821511417951626e-01,9.976180972385648715e-01,3.015659689998906323e-02,9.988247474606245513e-01,-4.273812277591526598e-01,9.997910065079230746e-01,-6.901300540825081598e-01,9.973105211455119967e-01,-2.643865526670675092e-01,1.000000000000000000e+00,-1.974432409000104749e-01,1.000000000000000000e+00,-4.302596584270806379e-01,1.000000000000000000e+00,-7.593497861795963644e-01,9.969726083083063628e-01,-6.218183777196056861e-01
1.000000000000000000e+00,-3.352591921118681095e-01,9.992170856693610714e-01,-4.114626654181637866e-01,9.976390982028616738e-01,3.215762196838750642e-02,9.988314601319642216e-01,-4.268725558049183411e-01,9.998055043577821488e-01,-6.896683328590120787e-01,9.973108119521496562e-01,-2.650361138570574981e-01,1.000000000000000000e+00,-1.980680828615144218e-01,1.000000000000000000e+00,-4.326413478850101302e-01,1.000000000000000000e+00,-7.616970532423615881e-01,9.969770298773200645e-01,-6.223155291629374197e-01
1.000000000000000000e+00,-2.885642426533153726e-01,9.995086121268630386e-01,-3.342655365354568198e-01,9.977975834175318859e-01,1.006608574820987423e-01,9.985974730197693106e-01,-3.702254809596078888e-01,1.000000000000000000e+00,-7.268704227322979605e-01,9.970495341385279264e-01,-3.133479880431747633e-01,1.000000000000000000e+00,-2.134782079524611131e-01,1.000000000000000000e+00,-4.744222665321347621e-01,1.000000000000000000e+00,-8.131781065524107399e-01,9.971750975928008742e-01,-6.258807529813464887e-01
1.000000000000000000e+00,-3.420540890528003253e-01,9.993286344853608005e-01,-3.596438611548199438e-01,9.979421726077608579e-01,8.231570662902143454e-02,9.984969253246724907e-01,-3.907520267775966283e-01,1.000000000000000000e+00,-7.345309900083507593e-01,9.973632509664057677e-01,-2.751857093654611064e-01,1.000000000000000000e+00,-2.241928401024280704e-01,1.000000000000000000e+00,-4.781108680095027541e-01,1.000000000000000000e+00,-8.151313705154301648e-01,9.966269542006063187e-01,-6.414211288492583929e-01
1.000000000000000000e+00,-3.340462890386741157e-01,9.992046317130950372e-01,-4.109269432831904600e-01,9.976946320574404670e-01,3.179119592121304461e-02,9.988476435412898535e-01,-4.311192999638941425e-01,9.998420278853565879e-01,-6.944272893548883996e-01,9.973105658126013573e-01,-2.725387906639539226e-01,1.000000000000000000e+00,-2.053469472735787449e-01,1.000000000000000000e+00,-4.446786563575150231e-01,1.000000000000000000e+00,-7.737836527446717572e-01,9.969891576126088673e-01,-6.293830977054117870e-01
1.000000000000000000e+00,-3.331712819662474012e-01,9.991999457482552138e-01,-4.103752448046720791e-01,9.977140007714494496e-01,3.206251392957321089e-02,9.988529607078062700e-01,-4.321865848281370992e-01,9.998545364461479679e-01,-6.958153341417785409e-01,9.973100514657581295e-01,-2.748408104099968052e-01,1.000000000000000000e+00,-2.074712031554233338e-01,1.000000000000000000e+00,-4.484885975517681200e-01,1.000000000000000000e+00,-7.776634754627724799e-01,9.969938326073787271e-01,-6.314320282576744159e-01
1.000000000000000000e+00,-3.328848521783878134e-01,9.991951027041110489e-01,-4.104568535234655036e-01,9.977327862007190351e-01,3.176228716220846904e-02,9.988576674810997202e-01,-4.337677942314411839e-01,9.998662762490642120e-01,-6.978614184936215992e-01,9.973091346041863536e-01,-2.777151450390590304e-01,1.000000000000000000e+00,-2.100873750399228079e-01,1.000000000000000000e+00,-4.527684040467306881e-01,1.000000000000000000e+00,-7.820717608712539626e-01,9.969986983863035057e-01,-6.339893676956664947e-01
1.000000000000000000e+00,-2.911449501086597058e-01,9.994617734210995419e-01,-3.410698564786503462e-01,9.978829719446800084e-01,9.326545755899878776e-02,9.986422848633679239e-01,-3.834370743838998452e-01,1.000000000000000000e+00,-7.346622653152861115e-01,9.970654455444438735e-01,-3.249415635669641866e-01,1.000000000000000000e+00,-2.264257373027427911e-01,1.000000000000000000e+00,-4.939627462131089830e-01,9.999998131794626266e-01,-8.324619605955352331e-01,9.971859575879363780e-01,-6.394528136114192574e-01
1.000000000000000000e+00,-2.984598800456443879e-01,9.994536228677939338e-01,-3.491692765189693959e-01,9.978934698166096462e-01,8.545880497203012238e-02,9.986459522835404723e-01,-3.918558880232934638e-01,1.000000000000000000e+00,-7.429538496652665636e-01,9.970659802530595917e-01,-3.333533286956669728e-01,1.000000000000000000e+00,-2.346986599273596097e-01,1.000000000000000000e+00,-5.031764255004937958e-01,9.999986594536030005e-01,-8.419627200473855932e-01,9.971883018220620842e-01,-6.479830075582717619e-01
1.000000000000000000e+00,-3.478858684547088131e-01,9.991811431191064408e-01,-4.266403994012927248e-01,9.977741613407375976e-01,1.590454064294227754e-02,9.988610422880901396e-01,-4.521881222338957063e-01,9.998859649034774755e-01,-7.194071567855482296e-01,9.973018629372329968e-01,-3.001969662475076905e-01,1.000000000000000000e+00,-2.310109112780070195e-01,1.000000000000000000e+00,-4.777428173256815791e-01,1.000000000000000000e+00,-8.082025334193942978e-01,9.970125887317505819e-01,-6.550979966028058765e-01
1.000000000000000000e+00,-3.502833212599979484e-01,9.991745380957287592e-01,-4.298319955146452931e-01,9.977903048532075214e-01,1.292559688962036102e-02,9.988608174432570541e-01,-4.560899904444896125e-01,9.998932237730292494e-01,-7.252091324899936353e-01,9.972971887296200322e-01,-3.061659837499660641e-01,1.000000000000000000e+00,-2.359013997804226825e-01,1.000000000000000000e+00,-4.843073875206730383e-01,1.000000000000000000e+00,-8.155087734003885203e-01,9.970199077688368661e-01,-6.600176560865345099e-01
1.000000000000000000e+00,-3.537347793051383027e-01,9.991670236367510283e-01,-4.343038597826684999e-01,9.978048511974910717e-01,8.873774605936024518e-03,9.988574794306386284e-01,-4.608236907839942109e-01,9.998980675200201951e-01,-7.327398634558980328e-01,9.972902703585517781e-01,-3.134554859626812462e-01,1.000000000000000000e+00,-2.415897544784682272e-01,1.000000000000000000e+00,-4.916833394882204611e-01,1.000000000000000000e+00,-8.240239924051280251e-01,9.970286464895844469e-01,-6.657876545514420652e-01
1.000000000000000000e+00,-3.193614190979604528e-01,9.994025524127428950e-01,-3.764098536440435017e-01,9.979389821499679014e-01,6.051383068527754761e-02,9.986515961110226103e-01,-4.186178765519996681e-01,1.000000000000000000e+00,-7.734546916486045864e-01,9.970576013556919914e-01,-3.623456893606104012e-01,1.000000000000000000e+00,-2.597796619945701435e-01,1.000000000000000000e+00,-5.330338553077945685e-01,9.999937717384920211e-01,-8.755526507722128926e-01,9.972099244609643476e-01,-6.743827225069375375e-01
1.000000000000000000e+00,-3.717412017742894315e-01,9.991486683786149348e-01,-4.551279074418922432e-01,9.978216429881335836e-01,-1.013278767903957878e-02,9.988292869141929264e-01,-4.792805557455939724e-01,9.998924221037395199e-01,-7.624028728422511669e-01,9.972635737267271372e-01,-3.399149676295459277e-01,1.000000000000000000e+00,-2.616321177949321175e-01,1.000000000000000000e+00,-5.150503625245228534e-01,1.000000000000000000e+00,-8.522843641189761232e-01,9.970523318519153300e-01,-6.865256888764253995e-01
1.000000000000000000e+00,-3.788569063747491139e-01,9.991348139389715222e-01,-4.647142167324537221e-01,9.978288463713358425e-01,-1.859801359679180699e-02,9.987960010623357920e-01,-4.858094756432387307e-01,9.998847945294431216e-01,-7.809474235188793578e-01,9.972367827687940167e-01,-3.546730582815810773e-01,1.000000000000000000e+00,-2.690516544905214302e-01,1.000000000000000000e+00,-5.252570447365957351e-01,1.000000000000000000e+00,-8.680608976661061682e-01,9.970734607739757394e-01,-6.948890933771108003e-01
1.000000000000000000e+00,-3.961307519360788287e-01,9.991152571337836852e-01,-4.745842734175703126e-01,9.977467351309613486e-01,-2.764416291722104901e-02,9.986188878424109294e-01,-4.853662856167222928e-01,9.998256867787365110e-01,-8.239799215078006389e-01,9.972250047759165792e-01,-3.815823404760981807e-01,1.000000000000000000e+00,-2.766809600710897765e-01,1.000000000000000000e+00,-5.322220492331994901e-01,1.000000000000000000e+00,-8.937950244199794891e-01,9.971841307046220848e-01,-7.013940029610608029e-01
1.000000000000000000e+00,-3.712562991674548951e-01,9.992782432316298369e-01,-4.448108810692958937e-01,9.973282406046793946e-01,4.570672670686448669e-03,9.987335287483199986e-01,-4.320774066188632356e-01,9.995897051553405133e-01,-6.935398498520883859e-01,9.973057968985119537e-01,-2.527124481426341607e-01,1.000000000000000000e+00,-1.857982597006451186e-01,1.000000000000000000e+00,-3.949566142286692338e-01,1.000000000000000000e+00,-7.238882811271525330e-01,9.969137568967239016e-01,-6.122629137142100442e-01
1.000000000000000000e+00,-3.654697447316715975e-01,9.992736169734243168e-01,-4.392761027967304610e-01,9.973523329604970789e-01,9.680898980369279094e-03,9.987410268410649161e-01,-4.287324441184732216e-01,9.996068636599625412e-01,-6.904508029364162525e-01,9.973059111400057741e-01,-2.508565135407126445e-01,1.000000000000000000e+00,-1.838624361689714104e-01,1.000000000000000000e+00,-3.949311348166847369e-01,1.000000000000000000e+00,-7.239662681368552732e-01,9.969190350039737192e-01,-6.100708867716948536e-01
1.000000000000000000e+00,-3.598507929788943849e-01,9.992690392034928593e-01,-4.339043605965809958e-01,9.973761675101477930e-01,1.461734257340591148e-02,9.987485517244886202e-01,-4.255402326385076539e-01,9.996238605116335441e-01,-6.874686830500260637e-01,9.973061014251620726e-01,-2.491089415458599132e-01,1.000000000000000000e+00,-1.820506108401265255e-01,1.000000000000000000e+00,-3.950152856703922355e-01,1.000000000000000000e+00,-7.241300715896390461e-01,9.969242073422656114e-01,-6.080117597205917379e-01
1.000000000000000000e+00,-3.544139872875689545e-01,9.992645136584250576e-01,-4.287096097364341274e-01,9.973997199816794224e-01,1.936768149069628686e-02,9.987560829672694762e-01,-4.225111010526761968e-01,9.996406739691972021e-01,-6.846068815721835232e-01,9.973063629284554255e-01,-2.474803902225234942e-01,1.000000000000000000e+00,-1.803727140728655920e-01,1.000000000000000000e+00,-3.952169561734784065e-01,1.000000000000000000e+00,-7.243889960641567427e-01,9.969292691978737242e-01,-6.060959518859219131e-01
1.000000000000000000e+00,-3.491733990211116079e-01,9.992600430948573864e-01,-4.237054951232523958e-01,9.974229693275221686e-01,2.391995212953668126e-02,9.987636010688427657e-01,-4.196552808698638670e-01,9.996572840292617945e-01,-6.818789390141510864e-01,9.973066899912763628e-01,-2.459817904084518059e-01,1.000000000000000000e+00,-1.788387861300596571e-01,1.000000000000000000e+00,-3.955444114381384546e-01,1.000000000000000000e+00,-7.247528423237555861e-01,9.969342174291639935e-01,-6.043339095411881523e-01
1.000000000000000000e+00,-3.441427373558331726e-01,9.992556292760006453e-01,-4.189054665482158102e-01,9.974458975453240894e-01,2.826243708488962447e-02,9.987710874132007532e-01,-4.169830022369729328e-01,9.996736722488243077e-01,-6.792986297839103127e-01,9.973070761353557412e-01,-2.446244221825333853e-01,1.000000000000000000e+00,-1.774590546258196233e-01,1.000000000000000000e+00,-3.960063627364275307e-01,1.000000000000000000e+00,-7.252319687799082537e-01,9.969390504261388397e-01,-6.027361929042405198e-01
1.000000000000000000e+00,-3.514813352179978478e-01,9.993178038437923183e-01,-4.356386671645146036e-01,9.976218562914017651e-01,4.699162550133750837e-03,9.985173483988560861e-01,-4.173713156111301115e-01,9.999185254665675648e-01,-7.163939013669103906e-01,9.975512522573298790e-01,-2.942643638320895372e-01,1.000000000000000000e+00,-1.929274972944627631e-01,1.000000000000000000e+00,-3.969999868584920266e-01,1.000000000000000000e+00,-6.920475333252941175e-01,9.967632317921051310e-01,-5.501557645629497895e-01
1.000000000000000000e+00,-3.338284045460382932e-01,9.992466805239061944e-01,-4.090634928502903667e-01,9.974922543022041177e-01,3.713663104081332822e-02,9.987864742810358409e-01,-4.114791185799249185e-01,9.997069144002626029e-01,-6.738821397839177552e-01,9.973080297853975651e-01,-2.417162881397833252e-01,1.000000000000000000e+00,-1.745340145005087606e-01,1.000000000000000000e+00,-3.968192134725415654e-01,1.000000000000000000e+00,-7.260252520181785796e-01,9.969487391780722518e-01,-5.993816429547236257e-01
1.000000000000000000e+00,-3.295337432105697184e-01,9.992424491306314271e-01,-4.049812955970924500e-01,9.975140756433984457e-01,4.075571769033525804e-02,9.987937437148333153e-01,-4.094399300099994532e-01,9.997224948367328112e-01,-6.718486639585923292e-01,9.973085490700829281e-01,-2.408697212294562129e-01,1.000000000000000000e+00,-1.736968145321951817e-01,1.000000000000000000e+00,-3.977532645281882662e-01,1.000000000000000000e+00,-7.269286475643357281e-01,9.969532151624261873e-01,-5.983593281456187629e-01
1.000000000000000000e+00,-3.255030244811220053e-01,9.992382709785520012e-01,-4.011580181216921059e-01,9.975355301665299601e-01,4.411793931019708515e-02,9.988009126722302566e-01,-4.076274812247970281e-01,9.997377904002846538e-01,-6.700230167478913312e-01,9.973090920855606223e-01,-2.402153109285059540e-01,1.000000000000000000e+00,-1.730586486788130152e-01,1.000000000000000000e+00,-3.988629818389227699e-01,1.000000000000000000e+00,-7.279963429979935396e-01,9.969575848365167525e-01,-5.975469447380212795e-01
1.000000000000000000e+00,-4.611828859955145354e+00,9.970620557134927120e-01,-2.934411341092046932e+00,9.956074630230717926e-01,-1.451868419267901222e+00,9.979828011006471877e-01,-3.197813679968649403e+00,9.944228792871402378e-01,-1.418893234946474902e+00,9.981251813194457201e-01,-2.781346082336892511e+00,9.935266982824328963e-01,-7.582133116188662925e-01,1.000000000000000000e+00,1.606022336399689276e+00,9.991308841765945692e-01,-9.979917294577627107e-01,9.930327910193089691e-01,-8.346002851033009762e-01
1.000000000000000000e+00,-4.252460052307357685e+00,9.969963242179702423e-01,-2.928992062852708855e+00,9.958423154515148035e-01,-1.526117098973976738e+00,9.972820559544828267e-01,-3.166970502119560216e+00,9.958486304341626072e-01,-1.399244612757845951e+00,9.990124873954734364e-01,-2.262398748890283695e+00,9.948711782338274245e-01,-7.122458396310238360e-01,1.000000000000000000e+00,1.125442171308546735e+00,9.990979493122229549e-01,-1.076635389855072011e+00,9.933792420425725522e-01,-7.521126706852545585e-01
1.000000000000000000e+00,-3.401329008570868950e+00,9.973919405597122534e-01,-2.650905027037817163e+00,9.962087031131895420e-01,-1.338377925845139593e+00,9.969157147633931348e-01,-2.723926677105856342e+00,9.974568468929732035e-01,-1.281523565280625832e+00,9.997518900978130674e-01,-1.494185965487728307e+00,9.971096562384283990e-01,-5.789210971431073549e-01,1.000000000000000000e+00,5.210457010394589084e-01,9.994901583545026114e-01,-1.078926774669096034e+00,9.941833596275999607e-01,-6.505663107765088382e-01
1.000000000000000000e+00,-2.591789297662560720e+00,9.980592895704465395e-01,-2.235766482409589528e+00,9.964511405707840996e-01,-9.530871773893050403e-01,9.969737877480244759e-01,-2.148851049772760646e+00,9.984604399609209313e-01,-1.214714450035720983e+00,9.996792418382038914e-01,-9.679538783377092948e-01,9.988089353829566752e-01,-4.171779183637678301e-01,1.000000000000000000e+00,1.546591372248065088e-01,9.999316988954372043e-01,-1.023300953189095086e+00,9.949683879185835522e-01,-6.819812247013248285e-01
1.000000000000000000e+00,-1.991847023295628683e+00,9.985698633439443750e-01,-1.834710328078234642e+00,9.966079911381293677e-01,-5.429378785157017440e-01,9.971385607763523229e-01,-1.660078521205046842e+00,9.989869875382106912e-01,-1.231582915221125729e+00,9.992207261986016942e-01,-7.009340354839932452e-01,9.996505905713837237e-01,-2.558195651448276764e-01,1.000000000000000000e+00,2.513861973586439813e-03,1.000000000000000000e+00,-9.928759355179670454e-01,9.955456475668922334e-01,-7.487380579294644622e-01
1.000000000000000000e+00,-1.538546547522586572e+00,9.988406822657887041e-01,-1.506712979957775866e+00,9.967702940731902883e-01,-1.945743753112765262e-01,9.973223286068698679e-01,-1.293652760852485706e+00,9.992560047099147136e-01,-1.273472311747597452e+00,9.987518218486176602e-01,-5.658297265730691805e-01,1.000000000000000000e+00,-1.087227829668979684e-01,1.000000000000000000e+00,-6.063834388990513302e-02,1.000000000000000000e+00,-9.980183779343987371e-01,9.959463328833869644e-01,-7.861704596842769011e-01
1.000000000000000000e+00,-1.184254443262259926e+00,9.989497999592195088e-01,-1.254802504009389974e+00,9.969479349556007453e-01,7.709472593640492866e-02,9.975082038003826312e-01,-1.030547438874273691e+00,9.993950872324548484e-01,-1.304279009537465228e+00,9.983786908780093450e-01,-4.894457574561351665e-01,1.000000000000000000e+00,1.498836769718248085e-02,1.000000000000000000e+00,-9.516605507298514510e-02,1.000000000000000000e+00,-1.019487619171433490e+00,9.962252291918365366e-01,-7.932537892720462613e-01
1.000000000000000000e+00,-9.072925611820347180e-01,9.989757431575027047e-01,-1.066104582984992000e+00,9.971208341094885963e-01,2.815106599153668343e-01,9.976798568458891125e-01,-8.449439181940138210e-01,9.994719595425737291e-01,-1.316468539684692907e+00,9.981053131002692869e-01,-4.400721046817396287e-01,1.000000000000000000e+00,1.125763747175999308e-01,1.000000000000000000e+00,-1.202419325140181988e-01,1.000000000000000000e+00,-1.043048131697947856e+00,9.964217063881983805e-01,-7.837878782312883708e-01
1.000000000000000000e+00,-6.937253193285115582e-01,9.989665368842723936e-01,-9.260136798559811533e-01,9.972729647526406005e-01,4.330721416393306100e-01,9.978260401214731345e-01,-7.144487613659603609e-01,9.995192409729096727e-01,-1.314707493034556807e+00,9.979105508500009103e-01,-4.045875647544278086e-01,1.000000000000000000e+00,1.865929113465533695e-01,1.000000000000000000e+00,-1.406243456678045456e-01,1.000000000000000000e+00,-1.062812921293540880e+00,9.965616306590486806e-01,-7.685354525578086404e-01
1.000000000000000000e+00,-5.311044309331084401e-01,9.989457669023442676e-01,-8.221941390858285015e-01,9.973985722751772531e-01,5.449533055999423725e-01,9.979439881283154179e-01,-6.221556685649682894e-01,9.995513935071964617e-01,-1.305553212115916795e+00,9.977726126922877858e-01,-3.776731587694561743e-01,1.000000000000000000e+00,2.416219083000063772e-01,1.000000000000000000e+00,-1.573184322884423336e-01,1.000000000000000000e+00,-1.077786113289290748e+00,9.966622644918980978e-01,-7.530800502047683143e-01
1.000000000000000000e+00,-4.082814281137175372e-01,9.989235960932412173e-01,-7.451707732264321038e-01,9.974984436192559922e-01,6.275807845819630915e-01,9.980361097266582382e-01,-5.562207796982143737e-01,9.995746669326144307e-01,-1.293851596722499941e+00,9.976743996244417101e-01,-3.569010796275659536e-01,1.000000000000000000e+00,2.822232302601324627e-01,1.000000000000000000e+00,-1.707723688376963089e-01,1.000000000000000000e+00,-1.088729835509452570e+00,9.967352973039455000e-01,-7.396508093047874377e-01
1.000000000000000000e+00,-3.159220881114689350e-01,9.989037839436925026e-01,-6.879288548163946526e-01,9.975761267147621458e-01,6.887433125128409328e-01,9.981067167007461327e-01,-5.085953627394215193e-01,9.995919698086950245e-01,-1.282411684004821417e+00,9.976037100282513226e-01,-3.409009388439768196e-01,1.000000000000000000e+00,3.121549732216319928e-01,1.000000000000000000e+00,-1.814757386068128753e-01,1.000000000000000000e+00,-1.096734862127580534e+00,9.967887561778717709e-01,-7.288186743459936778e-01
1.000000000000000000e+00,-2.466237481647091112e-01,9.988873312965772522e-01,-6.453345986551083380e-01,9.976357719258729384e-01,7.341345314696762214e-01,9.981602444011709041e-01,-4.738447764977676280e-01,9.996048679316960062e-01,-1.272575062073269425e+00,9.975521337709934988e-01,-3.287107131245826652e-01,1.000000000000000000e+00,3.342633938730897314e-01,1.000000000000000000e+00,-1.899571460633466824e-01,1.000000000000000000e+00,-1.102737471926596324e+00,9.968282036980381511e-01,-7.204701319899869949e-01
1.000000000000000000e+00,-1.946970916570903709e-01,9.988741499097607557e-01,-6.136338922626058956e-01,9.976812046052278005e-01,7.678913025904837708e-01,9.982005472581253480e-01,-4.482692573919518919e-01,9.996143617137503989e-01,-1.264817748848239498e+00,9.975139274894903041e-01,-3.195738307218375374e-01,1.000000000000000000e+00,3.506318424775751730e-01,1.000000000000000000e+00,-1.967126980766027433e-01,1.000000000000000000e+00,-1.107430484202122312e+00,9.968575325396092923e-01,-7.142666537359774193e-01
1.000000000000000000e+00,-1.558391210377024771e-01,9.988637851074723129e-01,-5.900713517145093068e-01,9.977156309808762336e-01,7.930238014732666763e-01,9.982307376947252564e-01,-4.293133866078565619e-01,9.996211748879566539e-01,-1.259166824265821605e+00,9.974851541642902886e-01,-3.128753793580555942e-01,1.000000000000000000e+00,3.627689540722080497e-01,1.000000000000000000e+00,-2.021672961524435264e-01,1.000000000000000000e+00,-1.111297173619770540e+00,9.968794956716512390e-01,-7.098369471108670892e-01
1.000000000000000000e+00,-1.268182487332489006e-01,9.988557121997304611e-01,-5.726143795150208105e-01,9.977416175415166899e-01,8.117326814159333548e-01,9.982532408823741044e-01,-4.151834294428430883e-01,9.996258639699334703e-01,-1.255447446649057497e+00,9.974630870976701758e-01,-3.081165547373067581e-01,1.000000000000000000e+00,3.717678361264348808e-01,1.000000000000000000e+00,-2.066658648434606949e-01,1.000000000000000000e+00,-1.114667200079362486e+00,9.968960612572363988e-01,-7.068471346112702447e-01
1.000000000000000000e+00,-2.520782589587505784e-01,9.989506595222668039e-01,-5.407068600299279604e-01,9.975141697316914913e-01,7.749688471027413872e-01,9.976818771121201967e-01,-4.428578648849522126e-01,9.996791493791811201e-01,-1.453669435354958406e+00,9.972669536500868848e-01,-3.975688207879383707e-01,1.000000000000000000e+00,4.797266957329603398e-01,1.000000000000000000e+00,-1.313374250922161868e-01,1.000000000000000000e+00,-1.089967224726709816e+00,9.967577975114118027e-01,-6.771885767200985784e-01
1.000000000000000000e+00,-1.257046768588023222e-01,9.986313510279192229e-01,-6.798552450065390440e-01,9.979389303673082967e-01,6.910005742300033837e-01,9.979394158772121326e-01,-4.886807518161679909e-01,9.993161473244289716e-01,-1.550296639659568543e+00,9.970990703050022219e-01,-3.525941836648931460e-01,1.000000000000000000e+00,4.610597032175296484e-01,1.000000000000000000e+00,-1.510278349432385703e-01,1.000000000000000000e+00,-1.126733875559378095e+00,9.968041525280374460e-01,-5.869380857692301223e-01
1.000000000000000000e+00,-3.596279388263593502e-01,9.989054077595779235e-01,-7.623674246338634219e-01,9.967751977548231501e-01,2.828427736917780155e-01,9.971662594369269383e-01,-1.954976030688186095e-01,1.000000000000000000e+00,-1.911734566104056787e+00,9.970614526132984823e-01,-8.711590961440005554e-01,9.998991845046732996e-01,6.617307039663883339e-01,1.000000000000000000e+00,-4.804992441227573519e-02,1.000000000000000000e+00,-1.056032616987659489e+00,9.975843568641050707e-01,-4.139825594717725377e-01
1.000000000000000000e+00,-2.748771983302334965e-01,9.988790253470624103e-01,-7.167311567981642373e-01,9.968024855562869213e-01,3.169083709374443947e-01,9.971842751027977236e-01,-1.405648230225378659e-01,1.000000000000000000e+00,-1.931350195865700226e+00,9.969722929688920043e-01,-8.851515838316421636e-01,9.998977451265325112e-01,7.093578364173982465e-01,1.000000000000000000e+00,-4.786614885538699460e-02,1.000000000000000000e+00,-1.057518608999892473e+00,9.976738517130521178e-01,-3.775598701095347343e-01
1.000000000000000000e+00,-5.007481592639209111e-01,9.994490195608694005e-01,-8.817989150390372899e-01,9.967006040178720827e-01,3.874884203915504033e-01,9.976162748558311533e-01,-3.090506638138742490e-01,1.000000000000000000e+00,-1.789003613665911763e+00,9.981962742278088774e-01,-8.505550797399360485e-01,1.000000000000000000e+00,2.920994343518916736e-01,1.000000000000000000e+00,-5.787586694481261507e-02,1.000000000000000000e+00,-1.276296974900333669e+00,9.972140490897024590e-01,-4.915093735800664110e-01
1.000000000000000000e+00,-3.841588993454010392e-01,9.990277929183573047e-01,-6.160638303738525945e-01,9.966263021505719077e-01,4.715858860719489565e-01,9.973643659948774332e-01,-1.497990411728570281e-01,1.000000000000000000e+00,-1.957201912882062356e+00,9.983350376338602228e-01,-1.012454409250530096e+00,1.000000000000000000e+00,4.571933153203255884e-01,1.000000000000000000e+00,-5.585545197418294305e-02,1.000000000000000000e+00,-1.183492252861966243e+00,9.982301972128858614e-01,-3.860255882238361469e-01
1.000000000000000000e+00,-2.873572214741938469e-01,9.994804217815037584e-01,-7.783700362964605102e-01,9.967796964231566692e-01,4.832065652901046948e-01,9.977685032732657167e-01,-1.735878288661400481e-01,1.000000000000000000e+00,-1.800892734857487243e+00,9.980638631860997423e-01,-8.938127321913342804e-01,1.000000000000000000e+00,3.709176360680719875e-01,1.000000000000000000e+00,-6.725565569810840194e-02,1.000000000000000000e+00,-1.312716793040805241e+00,9.974127191891523081e-01,-3.814918479353305858e-01
1.000000000000000000e+00,-2.115355831703930045e-01,9.994911624272925232e-01,-7.419911693275916820e-01,9.968059222040649425e-01,5.163178514741428859e-01,9.978208050298160714e-01,-1.257375311425970033e-01,1.000000000000000000e+00,-1.800743464513767877e+00,9.980190511750278715e-01,-9.072104926837335492e-01,1.000000000000000000e+00,3.994036169105241174e-01,1.000000000000000000e+00,-6.969960566677430025e-02,1.000000000000000000e+00,-1.323937458704530945e+00,9.974811639804530561e-01,-3.387755160328954074e-01
1.000000000000000000e+00,-1.501326524924805061e-01,9.994997800849432235e-01,-7.122246104046212611e-01,9.968264341718261479e-01,5.432458020104792284e-01,9.978623661832043412e-01,-8.692409179550822373e-02,1.000000000000000000e+00,-1.798988543112399752e+00,9.979837445596358991e-01,-9.168453759282032545e-01,1.000000000000000000e+00,4.230110598969288316e-01,1.000000000000000000e+00,-7.060581690490902451e-02,1.000000000000000000e+00,-1.331799851405856439e+00,9.975354617940505042e-01,-3.032549166622443004e-01
1.000000000000000000e+00,9.861309057646135134e-02,9.991322930869738217e-01,-5.425545413612412604e-01,9.968880094066762121e-01,7.592264648880616695e-01,9.972299481522045594e-01,-1.732528205178792136e-01,1.000000000000000000e+00,-2.169775740335994296e+00,9.983361586287595735e-01,-7.535460860078956324e-01,1.000000000000000000e+00,5.846581424750493250e-01,1.000000000000000000e+00,9.940476038070450437e-02,1.000000000000000000e+00,-1.049495563046668911e+00,9.989384951828809145e-01,-7.728235928719283387e-02
1.000000000000000000e+00,-3.774392375770725394e-01,9.988813758594451420e-01,-6.719658164168069714e-01,9.971530202140190813e-01,6.291273294582702125e-01,9.978457250462542394e-01,-1.517091475170858905e-01,1.000000000000000000e+00,-1.835270545432299727e+00,9.982628333369645279e-01,-6.543038972621272320e-01,9.999670266258334772e-01,4.129860616851470656e-01,1.000000000000000000e+00,-8.350520827769575272e-02,1.000000000000000000e+00,-1.240684962464958963e+00,9.971156788703955387e-01,-5.916624290213072790e-01
1.000000000000000000e+00,-1.951139372868839761e-01,9.986765130453675310e-01,-4.977997876712886849e-01,9.972526304327545832e-01,6.126929831308514096e-01,9.982891183733996199e-01,-2.193445017498456551e-01,1.000000000000000000e+00,-2.123808014166053582e+00,9.983447002816889793e-01,-7.455842051335435094e-01,9.997511339177673761e-01,4.658590303252868048e-01,1.000000000000000000e+00,-5.120366190842598475e-02,1.000000000000000000e+00,-1.280313209464588819e+00,9.971225186388577022e-01,-5.950859119682228027e-01
1.000000000000000000e+00,2.700094971718683401e-02,9.978950286679758586e-01,-5.426444261310823247e-01,9.969589613776844716e-01,5.877650621227858974e-01,9.972960935886626688e-01,7.880436089015908918e-02,1.000000000000000000e+00,-1.945638924951261339e+00,9.975168727048397965e-01,-7.546200217092370321e-01,9.999796182134251810e-01,8.163585242616199222e-01,1.000000000000000000e+00,-6.094106740470731087e-02,1.000000000000000000e+00,-1.160327553231387920e+00,9.964012442631497990e-01,-6.748327942496447074e-01
1.000000000000000000e+00,-2.022390342710642108e-01,9.988253554719933591e-01,-5.643860387214045815e-01,9.972616063498855876e-01,7.317559751305406923e-01,9.979811841240895376e-01,-3.171084343450294996e-02,1.000000000000000000e+00,-1.818337207673360156e+00,9.981924075719134093e-01,-6.403613075961402945e-01,9.999532393779403394e-01,4.946444053021425424e-01,1.000000000000000000e+00,-7.932249872869384655e-02,1.000000000000000000e+00,-1.242207702231266975e+00,9.972310232444659972e-01,-5.037988069423096071e-01
1.000000000000000000e+00,8.175517990655474521e-02,9.993790085260896294e-01,-5.473943089232398140e-01,9.977956699341273827e-01,7.890128746722717690e-01,9.982917112406192173e-01,5.551761303245507373e-02,1.000000000000000000e+00,-1.738754743713347262e+00,9.967301628265661240e-01,-3.936521855232651412e-01,9.987929909716561916e-01,7.381424058857939396e-01,1.000000000000000000e+00,-2.833488721594595861e-02,1.000000000000000000e+00,-1.087205844828337931e+00,9.977013783164414562e-01,-1.362782614904493039e-01
1.000000000000000000e+00,5.965628428157396801e-01,9.989752510928918694e-01,-2.589821454401499135e-01,9.962758474136401698e-01,8.301443769953387175e-01,9.975414968547200445e-01,2.486195168271895239e-01,9.997355387728713572e-01,-2.175998395030775967e+00,9.962177175228275061e-01,-6.933406534657216014e-01,1.000000000000000000e+00,1.154469882986423501e+00,1.000000000000000000e+00,1.251938401645438237e-01,1.000000000000000000e+00,-9.583443965046665181e-01,9.982269018343105094e-01,-1.040339147235902484e-01
1.000000000000000000e+00,7.302963668629203209e-02,9.994989536327625324e-01,-5.855527205792226964e-01,9.968997895414724031e-01,6.554786176527015451e-01,9.979982911800132639e-01,6.905864843164190303e-02,1.000000000000000000e+00,-1.778829619459759925e+00,9.978816236227207037e-01,-9.176596122925587684e-01,1.000000000000000000e+00,5.338254329703110423e-01,1.000000000000000000e+00,-4.494527984225335504e-02,1.000000000000000000e+00,-1.332567331249400411e+00,9.976977034938145916e-01,-1.718839523454628315e-01
1.000000000000000000e+00,2.156960951058550791e-03,9.993576006019028179e-01,-5.755777071807153256e-01,9.977270107760612960e-01,7.499318171175196612e-01,9.982271268466974545e-01,2.733108470898014397e-02,1.000000000000000000e+00,-1.752555871780168806e+00,9.968168470349125787e-01,-4.084014717874893119e-01,9.988343184971275601e-01,7.151834236044560811e-01,1.000000000000000000e+00,-2.294710576452083095e-02,1.000000000000000000e+00,-1.091639707988772523e+00,9.976189042617157332e-01,-1.906746219635631900e-01
1.000000000000000000e+00,4.511674066586761067e-01,9.986234885149536389e-01,-3.141427123657143383e-01,9.969980041903936385e-01,6.282256799094548816e-01,9.973066108446090317e-01,3.207971536308283911e-01,1.000000000000000000e+00,-1.989673439341132610e+00,9.963892141287260529e-01,-9.119797979161504697e-01,9.999110597537552714e-01,1.142669220654835227e+00,1.000000000000000000e+00,3.194791760721651941e-02,1.000000000000000000e+00,-9.847663393240789764e-01,9.983372130264338562e-01,4.775849505548240836e-03
1.000000000000000000e+00,5.584819271879957192e-01,9.990010222885670199e-01,-5.396339800363990635e-01,9.969717164663977060e-01,9.798348456595014078e-01,9.977394411888662606e-01,4.878021985751035405e-02,9.998533866523138247e-01,-2.090842439318879808e+00,9.961121163589022887e-01,-4.915958238309734440e-01,1.000000000000000000e+00,1.030603063319898594e+00,1.000000000000000000e+00,5.334523850685284063e-02,1.000000000000000000e+00,-8.426363815748936226e-01,9.979431456946984413e-01,-2.668046278754030443e-01
1.000000000000000000e+00,1.043731808779924108e-01,9.989207657938219409e-01,-5.929480559840976106e-01,9.967048722524373128e-01,7.273730946837635436e-01,9.977919086104568569e-01,-3.186437937469639714e-02,9.990375719985131742e-01,-2.079203934361969264e+00,9.963745494071435393e-01,-3.519071375045950134e-01,9.994858645524526963e-01,8.884262017037614090e-01,1.000000000000000000e+00,5.190944714678354110e-02,1.000000000000000000e+00,-1.056445171372706993e+00,9.967046060233192284e-01,-5.745756841736470166e-01
1.000000000000000000e+00,2.478293927499893301e-01,9.989311798053157609e-01,-7.818486674693940763e-01,9.973320966610306204e-01,9.443428854110502702e-01,9.979924463618824459e-01,-1.474493112041009857e-01,9.992261656556625793e-01,-2.016548988457660396e+00,9.961167876619014816e-01,-1.685631375171245949e-01,9.992424353429640860e-01,8.590248649078273679e-01,1.000000000000000000e+00,1.615345141945556673e-03,1.000000000000000000e+00,-9.135019572590790116e-01,9.966451408148934155e-01,-6.336610650516532051e-01
1.000000000000000000e+00,3.542434508019284833e-02,9.985149351610377311e-01,-4.248165069456347753e-01,9.966238706584190643e-01,7.234849644682128655e-01,9.974549143325935896e-01,3.758064635807623066e-02,9.991278963747440844e-01,-2.246285682912259940e+00,9.966802284598968997e-01,-5.215641371128200143e-01,9.998682301257550975e-01,9.706438415834505173e-01,1.000000000000000000e+00,3.522168939058926973e-02,1.000000000000000000e+00,-9.853870702272239379e-01,9.975849876321750687e-01,-5.552044618587606006e-01
1.000000000000000000e+00,3.607210435305925333e-01,9.989865471573396993e-01,-6.137455835165779305e-01,9.969938553743014076e-01,8.734908152588345409e-01,9.977029792307463563e-01,5.377919360529857806e-03,9.997553140464321420e-01,-2.150096349775766580e+00,9.962662500419890987e-01,-5.457272409980228334e-01,9.999799989347201157e-01,9.558658441807535988e-01,1.000000000000000000e+00,-3.228154260270545139e-03,1.000000000000000000e+00,-9.400609074098544848e-01,9.978137996320493031e-01,-3.807439750263444389e-01
1.000000000000000000e+00,2.549627848645832362e-01,9.989823336459375813e-01,-6.640531422124178462e-01,9.970068833286207521e-01,8.124496573762344243e-01,9.976827031424823078e-01,-2.431441338417258610e-02,9.996998158348691099e-01,-2.196029670575850634e+00,9.963236621604694143e-01,-5.840583002030216297e-01,9.999192820356964662e-01,9.128188354574630070e-01,1.000000000000000000e+00,-4.535121322658866583e-02,1.000000000000000000e+00,-1.001097325831450391e+00,9.977577952118344973e-01,-4.491941747252711781e-01
1.000000000000000000e+00,1.715082281837551070e-01,9.989626615059129522e-01,-7.101111369859979261e-01,9.970462207523622666e-01,7.602065159524917792e-01,9.976776936335892687e-01,-3.622202597262976637e-02,9.996399417492574102e-01,-2.247460275903331528e+00,9.963658877774184131e-01,-6.174720098992537709e-01,9.998427774121444456e-01,8.879378835487371502e-01,1.000000000000000000e+00,-9.143193052719861269e-02,1.000000000000000000e+00,-1.064351065163792409e+00,9.977111698965785980e-01,-5.082241932958735386e-01
1.000000000000000000e+00,-1.417448212397104945e-01,9.981574544010028971e-01,-3.423231673525079510e-01,9.961945278419942484e-01,8.621013200114693298e-01,9.970783035908628023e-01,-4.828040631363739177e-02,9.982140099758241014e-01,-1.921635001163050971e+00,9.959589437879073914e-01,-6.592622602957167732e-01,9.995244608131415021e-01,9.470746101847449250e-01,1.000000000000000000e+00,3.472532929494910880e-01,1.000000000000000000e+00,-7.859979055421804084e-01,9.981914357999071008e-01,-4.290248481599534536e-03
1.000000000000000000e+00,-1.001204421417599688e-01,9.984380120938523007e-01,-4.935460772663625706e-01,9.966669674474737395e-01,4.981812013392775129e-01,9.969114525899303025e-01,6.042595211714085757e-02,9.999815127551149319e-01,-1.636510924781915843e+00,9.959555781645976769e-01,-1.269286277099425320e+00,9.992930177211464260e-01,8.917509783861201633e-01,1.000000000000000000e+00,2.787248880929122929e-01,1.000000000000000000e+00,-9.371526354818325855e-01,9.987273212374550013e-01,4.798765243610281228e-01
1.000000000000000000e+00,5.008271408075976039e-02,9.988337106673226273e-01,-7.280762715174269317e-01,9.966094487643492039e-01,8.848241381162464947e-01,9.974623053415748730e-01,-2.386213086132891736e-01,9.989966027035096507e-01,-1.760149370826355364e+00,9.957292437561398035e-01,-7.950369899001881180e-01,9.994899114146418295e-01,7.891077026692383534e-01,1.000000000000000000e+00,3.348491656320871090e-01,9.995865438806194048e-01,-7.637976436444462447e-01,9.982106784168829350e-01,1.788746011904625843e-01
1.000000000000000000e+00,1.728527523666619214e-01,9.974119557464659058e-01,-2.723401064340108535e-01,9.991852101342736381e-01,1.116766593029225429e+00,9.985257136152378976e-01,-5.217160666186788642e-01,9.984137039823446358e-01,-8.326968029182433284e-01,9.967168952664489101e-01,-2.853527906077273357e-01,9.999583653634144254e-01,3.912008750168138871e-01,1.000000000000000000e+00,1.532713189750038174e-01,9.995440870531216992e-01,-1.140463936073132345e+00,9.967950226193691421e-01,3.583307101358401692e-03
1.000000000000000000e+00,1.855635483753014237e-01,9.974070432495105720e-01,-2.674839678530877007e-01,9.992065790483066756e-01,1.121676704510980782e+00,9.985332255044951921e-01,-5.219792464114194619e-01,9.984236694692179004e-01,-8.348900147377606995e-01,9.967083307039874551e-01,-2.831828054186227295e-01,9.999797922915327764e-01,3.896966250183521163e-01,1.000000000000000000e+00,1.435670635424666219e-01,9.995408395559265413e-01,-1.146986471587845058e+00,9.968037619394650717e-01,-5.375035853919518658e-04
1.000000000000000000e+00,-2.078996496183427301e-04,9.987584552032556795e-01,6.464216777031392414e-02,9.980860576346999302e-01,1.632741157796371523e+00,9.996238357660225393e-01,-6.044619855670771980e-01,9.981319442045830659e-01,-2.524917133075229581e-01,9.970768659408096868e-01,-2.856845315438952260e-02,1.000000000000000000e+00,1.339153427192736612e-01,1.000000000000000000e+00,1.336536129841962850e-01,9.993415838857268030e-01,-1.489001352552335566e+00,9.964058464323152231e-01,-2.464129859817973389e-02
1.000000000000000000e+00,-1.431801629688632949e-01,9.984602487376366131e-01,1.293879467243245207e-01,9.989873645585233275e-01,1.430210843312686775e+00,9.987952316571389044e-01,-7.807344512332763387e-01,9.979015645146781521e-01,-4.815641533860844925e-01,9.971732887031538040e-01,-7.465889294673680454e-02,9.999579703132857045e-01,1.242386013139775008e-01,1.000000000000000000e+00,1.712986464691730604e-01,9.985894053785455693e-01,-1.453675943805494253e+00,9.966311510779699567e-01,-3.827219573677389519e-01
1.000000000000000000e+00,-1.769412968918828155e-01,9.987174524534185860e-01,-5.820913063517013653e-02,9.979771382428005433e-01,1.493109198071087107e+00,9.995202622787121571e-01,-6.878899255078417818e-01,9.980475314581378488e-01,-3.329984141792271535e-01,9.971554396070377857e-01,-1.432120005963926079e-01,1.000000000000000000e+00,8.356542579790021685e-02,1.000000000000000000e+00,1.697560919091614662e-01,9.993555381163947704e-01,-1.478635482837911574e+00,9.963425120351492303e-01,-5.274251043328265220e-02
1.000000000000000000e+00,2.304692969503877864e-01,9.982983699196973371e-01,-8.407015351122479330e-02,9.990068455160572292e-01,1.688831407038130283e+00,1.000000000000000000e+00,-1.667253012838415260e-01,9.996187932873551452e-01,2.522147694095167592e-01,9.991287902343520821e-01,-5.734749883000130888e-01,1.000000000000000000e+00,1.096224666227168798e-01,1.000000000000000000e+00,2.321392651218442960e-02,9.993677292267443280e-01,-7.848233274712861363e-01,9.979282544254753917e-01,-7.306593869101211114e-01
1.000000000000000000e+00,4.882246874252665902e-01,9.978272102951857292e-01,1.959576618488366451e-01,9.989067472082394650e-01,1.541448513453825164e+00,9.998132792650047396e-01,1.379367621801101951e-01,1.000000000000000000e+00,3.850395365635252976e-01,9.988662591785836264e-01,-2.887685705177135409e-01,1.000000000000000000e+00,1.277556194454599336e-01,1.000000000000000000e+00,-4.677124411361305301e-01,1.000000000000000000e+00,-1.133459803755133555e+00,9.986379793063159260e-01,-1.065907277969736500e+00
1.000000000000000000e+00,6.677669084621142837e-01,9.977770832476628993e-01,3.015732108673505052e-01,9.990644828646023656e-01,1.635784181615704380e+00,9.999089389626675262e-01,2.450428899061072585e-01,1.000000000000000000e+00,4.894973144730357939e-01,9.989100951710695453e-01,-2.191504262538441217e-01,1.000000000000000000e+00,1.564177270939474118e-01,1.000000000000000000e+00,-5.508324979449081837e-01,1.000000000000000000e+00,-1.134221392782528426e+00,9.988329045108635951e-01,-1.120127479104237267e+00
1.000000000000000000e+00,9.004997993327431560e-01,9.976956178895640681e-01,4.359401250329325017e-01,9.992711290985691885e-01,1.753025552375278462e+00,1.000000000000000000e+00,3.841687364633228352e-01,1.000000000000000000e+00,6.314487912915799361e-01,9.989706721104604226e-01,-1.318504626918605427e-01,1.000000000000000000e+00,1.945941505784029579e-01,1.000000000000000000e+00,-6.551423513240945962e-01,1.000000000000000000e+00,-1.130437332075737489e+00,9.990823610012290468e-01,-1.191956807736265889e+00
1.000000000000000000e+00,1.176015107650835612e+00,9.975697308194310109e-01,5.890162427765748276e-01,9.995197093355338014e-01,1.880846010050050143e+00,1.000000000000000000e+00,5.481459675979742929e-01,1.000000000000000000e+00,8.089490385093909275e-01,9.990483766850853931e-01,-3.435437322637330260e-02,1.000000000000000000e+00,2.405366408797845468e-01,1.000000000000000000e+00,-7.735262837357710364e-01,1.000000000000000000e+00,-1.118469208700256790e+00,9.993716152522509333e-01,-1.278954046567094327e+00
1.000000000000000000e+00,6.228393502075164623e-01,9.988906823146722624e-01,4.747748343336225529e-01,9.985396607144547687e-01,2.121594479792603405e+00,1.000000000000000000e+00,-4.086992992180615292e-01,9.983302524871980888e-01,2.378821603293640452e-02,9.967805261564457453e-01,3.338402137680210324e-01,1.000000000000000000e+00,2.398645613830700518e-01,1.000000000000000000e+00,-5.159805406677536732e-02,9.992958720638479564e-01,-1.605551460833140709e+00,9.965848351931042570e-01,1.233890958368560886e-02
1.000000000000000000e+00,7.188282392499412143e-01,9.989006287077781820e-01,5.319880658334665835e-01,9.986060018358797752e-01,2.193415592341640075e+00,1.000000000000000000e+00,-3.817095574166497474e-01,9.983366715091408494e-01,6.988208799325218434e-02,9.967351618908626421e-01,3.887630375725603660e-01,1.000000000000000000e+00,2.598068668379013846e-01,1.000000000000000000e+00,-7.186978415131217712e-02,9.993040290290817751e-01,-1.615427254834878923e+00,9.966025058844396600e-01,2.284712532292537679e-02
1.000000000000000000e+00,8.204932503562807344e-01,9.989066667738265570e-01,5.888429808578981017e-01,9.986744474567335050e-01,2.266404143605057264e+00,1.000000000000000000e+00,-3.543175939426944088e-01,9.983355768174373424e-01,1.182582420105663390e-01,9.966874357427076836e-01,4.458277798214911325e-01,1.000000000000000000e+00,2.825233260356703746e-01,1.000000000000000000e+00,-9.046744367174175405e-02,9.993201877556103785e-01,-1.622126328911871251e+00,9.966193857603016237e-01,3.593250367496642061e-02
1.000000000000000000e+00,8.665600520089131731e-01,9.984756163663248696e-01,8.491517269742785423e-01,1.000000000000000000e+00,2.147397874833487208e+00,9.992375961972315146e-01,-5.396718375375679777e-01,9.980258607835885698e-01,-1.185183918658000435e-01,9.967094613286910931e-01,5.301222946276820114e-01,1.000000000000000000e+00,3.295239244163225556e-01,1.000000000000000000e+00,-9.151402119818141667e-02,9.981701635257875793e-01,-1.590171780015761538e+00,9.970380623531496234e-01,-4.897972036935358542e-01
1.000000000000000000e+00,1.532446634138313168e+00,1.000000000000000000e+00,1.935080874452241584e-01,9.980485261122410412e-01,1.709966697736779562e+00,9.969842764341474428e-01,-2.451620227078841752e-01,9.999055667490084343e-01,-1.726802419393733912e+00,9.939172085752391306e-01,-2.381701617878832500e-01,1.000000000000000000e+00,1.373970164753217427e+00,1.000000000000000000e+00,-8.882182609410377294e-02,9.992062560658381276e-01,-1.019408287866854224e+00,9.994389216864310033e-01,3.240118753354616077e-01
1.000000000000000000e+00,1.314100766623333527e+00,9.974472164500838289e-01,4.120058584728736317e-01,9.959055031679504566e-01,9.106912461492778776e-01,9.957747818027404829e-01,1.056639036769406292e+00,1.000000000000000000e+00,-2.157681021969461543e+00,9.958056628417863987e-01,-1.986940935524567742e+00,1.000000000000000000e+00,1.562085447289651263e+00,1.000000000000000000e+00,-2.110355027436748854e-01,9.999632281757379060e-01,-1.175463478127073191e+00,1.000000000000000000e+00,5.175783194817378252e-01
9.997916413292456950e-01,7.378330408117708128e-01,9.988548636506893175e-01,-1.643927150892105504e-01,9.980798986168473164e-01,6.774246422793250844e-01,9.990670089203310678e-01,5.085078907946244398e-02,1.000000000000000000e+00,-1.681059905769230367e+00,9.975675736338736055e-01,-1.109401493677155237e+00,1.000000000000000000e+00,5.102359981438383540e-01,1.000000000000000000e+00,-6.012698354118645172e-02,1.000000000000000000e+00,-1.316336334961279331e+00,9.989486149026959305e-01,-4.153759411100052534e-01
1.000000000000000000e+00,-3.784355615380641247e-01,9.965424731933412161e-01,3.888979473881044036e-01,9.973586548444062228e-01,5.733167862237007473e-01,9.982182690940730740e-01,9.214773797557401780e-02,1.000000000000000000e+00,-2.388563063295103372e+00,9.980292129562706727e-01,-5.584744031020332233e-01,9.987878616303700330e-01,1.186573343126262836e+00,1.000000000000000000e+00,7.649127825496507826e-01,1.000000000000000000e+00,-1.607845335564155320e+00,9.960692054712911858e-01,-4.977531645895907353e-01
1.000000000000000000e+00,7.051276441806197948e-03,9.993144884371442105e-01,1.452769487911314272e-01,9.980109419053174724e-01,1.061656438524579471e+00,9.977547046370064399e-01,8.486367531040334145e-02,1.000000000000000000e+00,-1.881044101329270246e+00,9.949239050617451063e-01,-1.184889098727769596e+00,9.999335321529283505e-01,3.501103186055043448e-01,1.000000000000000000e+00,6.889909752985878821e-02,1.000000000000000000e+00,-2.233468121698458653e+00,9.983276167210030083e-01,-1.278815262299179301e+00
9.998193167597331232e-01,7.007758820209193384e-01,9.988470513246796578e-01,-1.818342228391093274e-01,9.980624686066794649e-01,6.605960539468883619e-01,9.990514153373674100e-01,2.581837983425083749e-02,1.000000000000000000e+00,-1.690898066301299796e+00,9.975784026260050563e-01,-1.119633724900461980e+00,1.000000000000000000e+00,4.892977556709578457e-01,1.000000000000000000e+00,-6.306968402415408237e-02,1.000000000000000000e+00,-1.323367361430896505e+00,9.989292164844278954e-01,-4.180036720494845204e-01
1.000000000000000000e+00,-3.521158961194983950e-01,9.962303849041617143e-01,6.496703022960670371e-01,9.972266341151694302e-01,4.585244023546116710e-01,9.985463982666119565e-01,-1.308117416530684696e-01,1.000000000000000000e+00,-2.543418337126562179e+00,9.977277601597548395e-01,-7.204138593411666402e-01,9.986308361957114688e-01,1.058486257848853862e+00,1.000000000000000000e+00,6.057077336248001265e-01,1.000000000000000000e+00,-1.679374009163558057e+00,9.962197798445009411e-01,-4.388385076783430372e-01
1.000000000000000000e+00,-4.637787263809104443e-01,9.966132973528025740e-01,3.221926433438735415e-01,9.973094031715009633e-01,5.395028733758195916e-01,9.981740226976840713e-01,1.669141913039973169e-02,1.000000000000000000e+00,-2.368776635084956617e+00,9.980438808183669241e-01,-5.892255945698241515e-01,9.987833525561948811e-01,1.101681978716944954e+00,1.000000000000000000e+00,7.512649848460679625e-01,1.000000000000000000e+00,-1.597390726099837899e+00,9.960983307710974399e-01,-4.821027509313636772e-01
1.000000000000000000e+00,3.165325389505384557e-01,9.964858151784461437e-01,-1.023674004236633239e-01,9.974235147689514136e-01,1.440871524206859822e-01,9.995291479882966179e-01,-8.037739772592161769e-02,9.995364431459299315e-01,-2.077103038699574356e+00,1.000000000000000000e+00,-6.064034100090884838e-01,9.991793469569829611e-01,1.115651444856957886e+00,1.000000000000000000e+00,5.171121510965965840e-01,1.000000000000000000e+00,-6.577825924431448534e-01,9.970584267671418477e-01,3.807141233586096574e-01
1.000000000000000000e+00,3.352699247333970067e-01,9.964702562767756566e-01,-9.736710852560465090e-02,9.974352410346041253e-01,1.423325601384890782e-01,9.995513301826336461e-01,-7.297154624654150767e-02,9.995388784911989344e-01,-2.083877724664803033e+00,1.000000000000000000e+00,-6.068841533119331277e-01,9.991860821631366463e-01,1.124946621462332708e+00,1.000000000000000000e+00,5.111755674935064553e-01,1.000000000000000000e+00,-6.566755497003318176e-01,9.970664187040372273e-01,3.827475460092436554e-01
1.000000000000000000e+00,-5.106735926102576872e-01,9.966471292535750148e-01,2.838953780099457425e-01,9.972850321823522046e-01,5.172861585863810507e-01,9.981542972553721915e-01,-2.570759409118988925e-02,1.000000000000000000e+00,-2.362854100505924926e+00,9.980528817411776776e-01,-6.103087069342996163e-01,9.987776271261851191e-01,1.055241969711409267e+00,1.000000000000000000e+00,7.410925560266785617e-01,1.000000000000000000e+00,-1.595910004755137113e+00,9.961110459102384684e-01,-4.778616621904313022e-01
1.000000000000000000e+00,2.435448595592472620e-01,9.965271642671128527e-01,-1.380306854180827769e-01,9.973916341933939389e-01,1.266597168237315052e-01,9.994748009488229057e-01,-1.261785157095806076e-01,9.995295311807549377e-01,-2.076250105812052826e+00,1.000000000000000000e+00,-6.302077831411290187e-01,9.991579539462338566e-01,1.064026888735630338e+00,1.000000000000000000e+00,5.131075237210325213e-01,1.000000000000000000e+00,-6.774719525897865413e-01,9.970442021274916744e-01,3.637219978891251815e-01
1.000000000000000000e+00,4.759782417089558626e-02,9.970568432231114997e-01,-3.998058778983786810e-01,9.973046343672310465e-01,3.303535854071057987e-01,9.986070280023408019e-01,1.682189207619235183e-01,9.981040749965810477e-01,-1.431638794541482129e+00,1.000000000000000000e+00,-4.179685510816225080e-01,9.996581239815865993e-01,1.014901700411766861e+00,1.000000000000000000e+00,4.103433599028453171e-01,1.000000000000000000e+00,-6.297734951107651913e-01,9.971817588122761089e-01,4.165346445627785554e-01
1.000000000000000000e+00,2.562474965883171363e-02,9.970684618747885919e-01,-4.108746200770524992e-01,9.972952411191714495e-01,3.242855301161128301e-01,9.985919971063510481e-01,1.538318464423027443e-01,9.981026173013471947e-01,-1.432385066224016956e+00,1.000000000000000000e+00,-4.258800821191261465e-01,9.996508907510495145e-01,9.991803130568692737e-01,1.000000000000000000e+00,4.087999515119670191e-01,1.000000000000000000e+00,-6.360582622484096671e-01,9.971771661372055284e-01,4.109883278454389832e-01
1.000000000000000000e+00,-4.660927236542389274e-02,9.974078132186504630e-01,-2.378650435129355811e-01,9.974491129223556074e-01,1.019823366502532691e+00,9.985141078138929371e-01,3.139284137793929563e-01,9.988986858402038038e-01,-1.772841957776717159e+00,9.988488834584627885e-01,-4.100726569842720881e-01,9.994041684577910090e-01,7.564051423568013410e-01,9.998098124259423569e-01,-2.432339448516200875e-01,9.999799882110099736e-01,-1.307212478534602429e+00,9.969254564011584829e-01,5.837315002203113945e-01
1.000000000000000000e+00,8.903087933743633053e-01,9.969460357555943730e-01,2.697470299856627451e-01,9.974480049518652525e-01,1.069136897912986495e+00,9.961198332212273243e-01,6.993176055852832196e-01,1.000000000000000000e+00,-2.213287302742232399e+00,9.947409382109626552e-01,-9.260046597327608042e-01,9.997009032545512985e-01,1.641080480452171475e+00,1.000000000000000000e+00,-1.660014288978972630e-01,1.000000000000000000e+00,-7.608216958496599736e-01,9.999965379393477294e-01,2.142007725105707916e-01
9.998478642081476409e-01,3.593419239169404200e-01,9.991382603260928752e-01,-4.754323230719958993e-01,9.978740292557021219e-01,7.437549216390830775e-01,9.982541776069688844e-01,1.831106583871346394e-01,1.000000000000000000e+00,-1.179599808688299278e+00,9.974411291161152660e-01,-9.377141076773307660e-01,1.000000000000000000e+00,4.072895020027235136e-01,1.000000000000000000e+00,-1.215192875160914787e-01,9.999025271260979508e-01,-1.262541158628643245e+00,9.988492156042370063e-01,-3.302153316574170105e-01
1.000000000000000000e+00,1.027415672413934666e-01,9.970056942845597625e-01,-3.878667098730073648e-01,9.973428017844597759e-01,3.192389255663009018e-01,9.986810217829845682e-01,1.848152335231983412e-01,9.981182180107802671e-01,-1.460163890522083507e+00,1.000000000000000000e+00,-4.260105842351183392e-01,9.996796459114934974e-01,1.037879800667432573e+00,1.000000000000000000e+00,3.858264789346247392e-01,1.000000000000000000e+00,-6.312424286608506740e-01,9.972102262472140044e-01,4.196770229094894944e-01
1.000000000000000000e+00,5.467651308618065586e-01,9.988654809151565894e-01,-3.378109347130254791e-01,9.984967560902546779e-01,1.128737723583278951e+00,9.988381784768997074e-01,2.888156413921483812e-01,9.993960370294587836e-01,-1.741116098703082926e+00,9.959911015428066783e-01,1.932459028633765896e-01,9.970780617376777677e-01,1.173467954500239774e+00,1.000000000000000000e+00,-4.343152208928569014e-02,1.000000000000000000e+00,-9.081547186572848096e-01,9.980166359805928700e-01,1.121661904396124232e+00
9.997655029059746568e-01,4.260117053910358886e-01,9.991492402683582741e-01,-4.598474448847835183e-01,9.979240994200938575e-01,7.522283782002572305e-01,9.983107507266749669e-01,2.077392192979367058e-01,1.000000000000000000e+00,-1.191482503431992468e+00,9.974269425474102668e-01,-9.505106386531358975e-01,1.000000000000000000e+00,4.215931577108116279e-01,1.000000000000000000e+00,-1.502576625590563708e-01,9.999087875696370808e-01,-1.273969577076928816e+00,9.989166258767839812e-01,-3.433842904048198252e-01
9.997269778853627997e-01,4.584737247939937865e-01,9.991536669744666144e-01,-4.517529005728344038e-01,9.979472600134500215e-01,7.567921850789655069e-01,9.983380658130743823e-01,2.204350401747633970e-01,1.000000000000000000e+00,-1.196137988737117075e+00,9.974219627552288747e-01,-9.552510462214787168e-01,1.000000000000000000e+00,4.302332340708827640e-01,1.000000000000000000e+00,-1.619090689721564558e-01,9.999136860718613740e-01,-1.277642347162565972e+00,9.989463695191094228e-01,-3.486595541945555765e-01
1.000000000000000000e+00,3.111899809327807187e-01,9.968618275211920121e-01,7.943214492288541706e-02,9.976677528888554525e-01,9.660541635627966084e-01,9.994577094411766227e-01,1.838862445432342674e-01,1.000000000000000000e+00,-2.435622705230866103e+00,9.991825053744943785e-01,-5.744805850829839411e-01,9.990041080428850861e-01,8.681680738605981329e-01,1.000000000000000000e+00,-3.149584606432503930e-01,1.000000000000000000e+00,-1.440296177209569040e+00,9.968384281383038115e-01,5.986645226941406106e-01
9.996659871301687428e-01,5.086693696459694269e-01,9.991586348942710361e-01,-4.405081611848289946e-01,9.979833306402928761e-01,7.617983323821515551e-01,9.983833540513133986e-01,2.388029747046166440e-01,1.000000000000000000e+00,-1.205071810072133154e+00,9.974182067510637406e-01,-9.639853130171549545e-01,1.000000000000000000e+00,4.435012405448724992e-01,1.000000000000000000e+00,-1.803665138779942390e-01,9.999238296337835674e-01,-1.283241963901408988e+00,9.989911325447794477e-01,-3.572783043754976240e-01
1.000000000000000000e+00,4.844061392799080545e-01,9.963315458997594742e-01,-7.725267765271170983e-02,9.975382539654694680e-01,1.050791821546664673e-01,9.997564397604515873e-01,-2.718229294700352794e-02,9.995435999722249720e-01,-2.154914167134037939e+00,1.000000000000000000e+00,-6.307716766575479639e-01,9.992351686313751813e-01,1.190468951798055564e+00,1.000000000000000000e+00,4.453521864506512218e-01,1.000000000000000000e+00,-6.536642874458448160e-01,9.971349562197179273e-01,3.920406129371368231e-01
1.000000000000000000e+00,5.186059960891785670e-01,9.963056933030219886e-01,-6.950738461923700040e-02,9.975570897898294875e-01,1.027031244670977284e-01,9.997948612834463011e-01,-1.147404329983103821e-02,9.995396277472524682e-01,-2.162679488453596477e+00,1.000000000000000000e+00,-6.286452673218678733e-01,9.992421698435922650e-01,1.211194118182248314e+00,1.000000000000000000e+00,4.395253539653212194e-01,1.000000000000000000e+00,-6.468654727641827140e-01,9.971426359748951640e-01,3.966970431545880360e-01
1.000000000000000000e+00,5.538732493320150940e-01,9.962793739125116455e-01,-6.224974846837261211e-02,9.975762441374413925e-01,9.985577153406027806e-02,9.998346898212100431e-01,4.789819123104666065e-03,9.995340941742685281e-01,-2.170435096545341835e+00,1.000000000000000000e+00,-6.264405713022938027e-01,9.992486104536237868e-01,1.232966639839937040e+00,1.000000000000000000e+00,4.338750250305050682e-01,1.000000000000000000e+00,-6.392969647207481509e-01,9.971494102420374039e-01,4.012438064491345990e-01
1.000000000000000000e+00,1.061438814626536109e+00,9.968156620045071081e-01,-6.245695108675441976e-01,9.970392235368875644e-01,-3.432549232612541190e-01,1.000000000000000000e+00,1.219485028861177767e-01,9.984391581354398193e-01,-2.028695646957371146e+00,1.000000000000000000e+00,-4.889535697192006203e-01,9.995056881081127997e-01,1.664365216189607422e+00,1.000000000000000000e+00,5.863329965829180423e-01,1.000000000000000000e+00,-1.760018869482983805e-01,9.971025893731629841e-01,9.727452839752187552e-02
1.000000000000000000e+00,-5.662862107850146209e-01,9.992642039129245868e-01,-1.428928033007028864e+00,9.958467671724985371e-01,7.003770474397610357e-01,9.979975300691995566e-01,-5.459115546366449800e-02,1.000000000000000000e+00,-1.361958005832507590e+00,9.964187826257789871e-01,1.811205716594838089e-02,1.000000000000000000e+00,7.570202368694118888e-01,1.000000000000000000e+00,4.433746891735762530e-01,1.000000000000000000e+00,4.136229168763733144e-01,9.933990973376943812e-01,-8.027765033997519284e-02
1.000000000000000000e+00,7.357803349382119329e-02,9.975205678803269471e-01,-6.546895837289430364e-01,9.975717891861215492e-01,5.891430529327229548e-02,9.981129805153372558e-01,5.423931059915826358e-01,9.990368368576736380e-01,-2.198621562954564901e+00,1.000000000000000000e+00,-2.964115150647588237e-01,9.989877855889455205e-01,1.964861577497927225e+00,1.000000000000000000e+00,1.070542050849192517e+00,1.000000000000000000e+00,-1.076699492818704584e+00,9.952952648522049861e-01,-1.207675514299005659e+00
1.000000000000000000e+00,-4.190898627294564194e-01,9.967525409507831391e-01,5.276955351649753601e-02,9.982070552270722041e-01,5.633829004701740306e-01,9.976453857487956878e-01,3.677901677873101072e-01,1.000000000000000000e+00,-2.365923512004708851e+00,9.982011224569725671e-01,-4.863302608938588345e-01,9.987300445397011561e-01,1.416031676127820438e+00,1.000000000000000000e+00,8.214104266947781507e-01,1.000000000000000000e+00,-1.550588866198093330e+00,9.955529725138316799e-01,-6.859416117812311420e-01
1.000000000000000000e+00,3.605405089219248516e-01,9.968317998407130176e-01,-3.176594054588665061e-01,9.974783871848391659e-01,3.003966257393950734e-01,9.989702742347561504e-01,3.048223397054566908e-01,9.981502627000351513e-01,-1.549721827770501603e+00,1.000000000000000000e+00,-4.126257376117168363e-01,9.997862448012946324e-01,1.151430354164847847e+00,1.000000000000000000e+00,3.117563548994525258e-01,1.000000000000000000e+00,-6.153245137848448731e-01,9.973319063132730644e-01,4.563099541687575256e-01
1.000000000000000000e+00,5.526400684671000096e-01,9.962738676142408600e-01,-6.911400130798200925e-02,9.975807191125538598e-01,9.096445121582391602e-02,9.998445797520439937e-01,-1.828224562528235619e-03,9.995340850103318076e-01,-2.179393366556819256e+00,1.000000000000000000e+00,-6.354973610692178365e-01,9.992504955438881176e-01,1.226902416139936669e+00,1.000000000000000000e+00,4.240512307425292615e-01,1.000000000000000000e+00,-6.444951462712222856e-01,9.971551515353070938e-01,3.976335973650305666e-01
1.000000000000000000e+00,5.881378622153388136e-01,9.962479901116438885e-01,-6.284772695085777405e-02,9.975996910547507701e-01,8.757762701228793967e-02,9.998848248554915719e-01,1.464596825016972748e-02,9.995266972542510286e-01,-2.187005974960036347e+00,1.000000000000000000e+00,-6.332398804191196051e-01,9.992561725348032553e-01,1.249349441844261221e+00,1.000000000000000000e+00,4.187198653441972507e-01,1.000000000000000000e+00,-6.361701775582772056e-01,9.971604891613068400e-01,4.016975295963419734e-01
1.000000000000000000e+00,6.420238169788824445e-01,9.962153087507853444e-01,-4.796953976999157598e-02,9.976213462738972027e-01,8.526844513475193010e-02,9.999076574269517570e-01,4.326157252248247209e-02,9.995587774321148533e-01,-2.203412800205260424e+00,1.000000000000000000e+00,-6.158290810533250115e-01,9.992826312060942850e-01,1.272329481064145451e+00,1.000000000000000000e+00,3.997915833783594053e-01,1.000000000000000000e+00,-6.331505103860117778e-01,9.971923201018928484e-01,4.142972759065369770e-01
1.000000000000000000e+00,-3.335019468836948886e-01,9.963911434821444146e-01,4.087063509868116840e-01,9.974706943511084667e-01,5.265631235604895100e-01,9.983153342928133833e-01,1.160585372686861738e-01,1.000000000000000000e+00,-2.544877481265443997e+00,9.979875587426318972e-01,-6.331406793200169414e-01,9.987762638045832864e-01,1.228031401322737137e+00,1.000000000000000000e+00,6.810831172635098962e-01,1.000000000000000000e+00,-1.742893849423926333e+00,9.960192151940353567e-01,-6.262830489562842828e-01
1.000000000000000000e+00,6.386444158431544560e-01,9.962162067309476843e-01,-5.010521299804443496e-02,9.976207965814414269e-01,8.342903636593895778e-02,9.999062394247624219e-01,4.023729174565932043e-02,9.995598591378447306e-01,-2.205028712334861307e+00,1.000000000000000000e+00,-6.181143987417960783e-01,9.992828358428101909e-01,1.268769930144016511e+00,1.000000000000000000e+00,3.976868517290031435e-01,1.000000000000000000e+00,-6.352629207104523168e-01,9.971936179502358666e-01,4.131558209589840103e-01
1.000000000000000000e+00,6.712854050836294384e-01,9.961933318632327783e-01,-4.749303576960262063e-02,9.976384544815044553e-01,7.876899082653299189e-02,9.999487821556825029e-01,5.510252416905053741e-02,9.995435990115517644e-01,-2.211293466429696597e+00,1.000000000000000000e+00,-6.180359604482921210e-01,9.992841739584765737e-01,1.292069578484585257e+00,1.000000000000000000e+00,3.949415828085416358e-01,1.000000000000000000e+00,-6.249661600072533574e-01,9.971916739810103847e-01,4.142223608240320210e-01
1.000000000000000000e+00,-3.486550476407940247e-02,9.979955687319400637e-01,-8.852170028623486120e-01,9.970410452025465498e-01,1.421148577148482472e-01,9.992559777351230910e-01,3.745832261695545840e-01,9.974799337065679561e-01,-1.900980539157459681e+00,9.986337578721716790e-01,3.267199362806219032e-01,9.973001149526188325e-01,1.418081500388274296e+00,1.000000000000000000e+00,8.284108022019900375e-01,1.000000000000000000e+00,-4.947951103300781694e-01,9.944722127157399338e-01,-1.052193588897439191e+00
1.000000000000000000e+00,-5.456722864747676205e-01,9.972807864391399768e-01,-2.342594493367903263e-01,9.980636317655674494e-01,7.595378953941462896e-01,9.968524214460295907e-01,6.954304137753433146e-01,9.986585260068877590e-01,-1.646349722948036831e+00,9.979085489526448027e-01,-2.600050065433809898e-01,9.993262207876651981e-01,1.376157023643505450e+00,1.000000000000000000e+00,6.701422633437317256e-01,1.000000000000000000e+00,-1.453279333132896589e+00,9.958003021258606813e-01,-5.779708318373472098e-01
9.999098269708915909e-01,7.234578307419199383e-01,9.989640698076033276e-01,-2.150817149432365794e-02,9.982859169859612525e-01,1.354480042662731476e+00,9.990997377405504976e-01,2.743968525156528782e-01,1.000000000000000000e+00,-2.105116495213027683e+00,9.966140913652402622e-01,-1.069813175798300264e+00,9.999485893684196824e-01,3.166642467695442997e-01,9.989570620820311664e-01,-8.522205989360820411e-01,9.995221897583109749e-01,-2.017679561180569792e+00,9.986170802776810351e-01,-1.583070931802726955e-01
9.994567784784619269e-01,9.190787168277094743e-01,9.988423394416282575e-01,-2.005178230757375668e-01,9.982521115791265220e-01,6.161400104372474207e-01,9.993122579628695989e-01,7.594439558070625873e-02,1.000000000000000000e+00,-1.774558917562041538e+00,9.976571819977106959e-01,-1.216277124291755163e+00,1.000000000000000000e+00,5.183721640460969837e-01,1.000000000000000000e+00,-2.141784773547993903e-01,1.000000000000000000e+00,-1.374466742626843763e+00,9.991497458017698508e-01,-4.877980925170662396e-01
1.000000000000000000e+00,7.202558163818515435e-01,9.961608520284424007e-01,-4.950508654232543826e-02,9.976653799006404144e-01,6.736197234205909545e-02,1.000000000000000000e+00,7.600240732482010930e-02,9.995149931637224983e-01,-2.224421066687968906e+00,1.000000000000000000e+00,-6.207266389866090694e-01,9.992858320079122114e-01,1.327009889285592825e+00,1.000000000000000000e+00,3.881281121642571330e-01,1.000000000000000000e+00,-6.095302846116819051e-01,9.971851332426482362e-01,4.107738245953272416e-01
1.000000000000000000e+00,1.180826671791761262e+00,9.967004166771937790e-01,-6.206615227808038870e-01,9.971380463983696707e-01,-3.694019975667496847e-01,1.000000000000000000e+00,1.686978806042226386e-01,9.983656755998246979e-01,-2.072415022419940911e+00,1.000000000000000000e+00,-5.165473920987790901e-01,9.994928431932676993e-01,1.750274607642025249e+00,1.000000000000000000e+00,5.626785336143906857e-01,1.000000000000000000e+00,-1.450846519763976938e-01,9.970766114460006824e-01,9.118329548298753640e-02
1.000000000000000000e+00,-5.389996581125755526e-01,9.990540529984811569e-01,-1.031833052313311239e+00,9.952893121090972128e-01,1.247902769459291905e+00,9.993540448078718219e-01,-5.662468253712966693e-01,1.000000000000000000e+00,-2.106087323947505308e+00,9.964089594407355976e-01,6.084454854055869610e-01,9.999963083607446013e-01,7.114904958117853617e-01,1.000000000000000000e+00,2.496444144899941653e-01,1.000000000000000000e+00,6.306626529169970796e-01,9.944261070951685433e-01,-4.377733580249920098e-01
1.000000000000000000e+00,1.029435977085657594e-02,9.979407707571351649e-01,-8.543787997555265523e-01,9.970535869117165273e-01,1.499120128310207078e-01,9.993363101553640604e-01,4.038482278410032711e-01,9.974803881516530746e-01,-1.940542101746993042e+00,9.985761537045128033e-01,3.360617853412247724e-01,9.972517380669810860e-01,1.449250362159905992e+00,1.000000000000000000e+00,8.096134315591123620e-01,1.000000000000000000e+00,-5.082768684211422805e-01,9.944211928844595150e-01,-1.082805441762547005e+00
1.000000000000000000e+00,-3.116005373814372814e-01,9.966317736383982773e-01,1.076764082720188531e-01,9.982562815621448538e-01,5.595656440222342987e-01,9.977644686459649082e-01,4.416145854226464773e-01,1.000000000000000000e+00,-2.453928696164704437e+00,9.982110527421041990e-01,-4.928393670459700338e-01,9.987161367556360858e-01,1.521136551372766155e+00,1.000000000000000000e+00,8.017955961565401690e-01,1.000000000000000000e+00,-1.601187169247130671e+00,9.954846332794849983e-01,-7.693625330395847950e-01
1.000000000000000000e+00,7.194639512982055063e-01,9.961601990192737732e-01,-5.581405467166861145e-02,9.976684030659854763e-01,6.479097578099585197e-02,1.000000000000000000e+00,7.392953487726672268e-02,9.994826667033080980e-01,-2.220801504257966741e+00,1.000000000000000000e+00,-6.296317209975965667e-01,9.992724564337892579e-01,1.335569717973835946e+00,1.000000000000000000e+00,3.966923166437917869e-01,1.000000000000000000e+00,-6.016455565606244615e-01,9.971643255860660471e-01,4.037783922782497981e-01
1.000000000000000000e+00,7.425512412989727640e-01,9.961500891580290507e-01,-5.788548441478130746e-02,9.976786470093128578e-01,6.025584273473216790e-02,1.000000000000000000e+00,8.555635429568816952e-02,9.994712312275574329e-01,-2.227154734905102185e+00,1.000000000000000000e+00,-6.282068038233344920e-01,9.992745123248337746e-01,1.353021792243616073e+00,1.000000000000000000e+00,3.942421337419107497e-01,1.000000000000000000e+00,-5.937723415611652067e-01,9.971582158141117924e-01,3.994388061683121771e-01
1.000000000000000000e+00,1.636439508533236165e-01,9.973635446389607084e-01,-5.833111992924979727e-01,9.976367583314614818e-01,6.482780845233138134e-02,9.982817704182942453e-01,6.031104310196494511e-01,9.990570039722314055e-01,-2.300318026744063715e+00,1.000000000000000000e+00,-3.360941149236014724e-01,9.989327415121206366e-01,2.070804685941845413e+00,1.000000000000000000e+00,1.055426813406982189e+00,1.000000000000000000e+00,-1.138467252111886152e+00,9.951827927641990756e-01,-1.304959966441375130e+00
1.000000000000000000e+00,1.640260468093115154e-01,9.973635363177382196e-01,-5.829302171650387887e-01,9.976367264098716658e-01,6.521065370437140185e-02,9.982817442520537377e-01,6.035011155833279739e-01,9.990569446052838254e-01,-2.299856453851898852e+00,1.000000000000000000e+00,-3.356592501316907895e-01,9.989327335532953711e-01,2.071182036041432362e+00,1.000000000000000000e+00,1.055827184181104217e+00,1.000000000000000000e+00,-1.138062336406421959e+00,9.951827336186656048e-01,-1.304540533468092844e+00
1.000000000000000000e+00,-2.920097182290469773e-01,9.966221893050354330e-01,1.116255890197924705e-01,9.982535285797601299e-01,5.575141502723854892e-01,9.977876591367048631e-01,4.526241578386823727e-01,1.000000000000000000e+00,-2.466511762402734842e+00,9.982235713337737071e-01,-4.923553336166455185e-01,9.987154131398411350e-01,1.539290025245937166e+00,1.000000000000000000e+00,8.004873820409736940e-01,1.000000000000000000e+00,-1.602010759988039990e+00,9.954703238300915968e-01,-7.854049799942867116e-01
9.993546244367211839e-01,7.927462103258777759e-01,9.990860075843577270e-01,-3.976224197815015349e-01,9.981627728385478182e-01,7.357617977623709393e-01,9.987231226255519623e-01,3.225372179128806471e-01,1.000000000000000000e+00,-1.310043937896437249e+00,9.975894265837821351e-01,-1.013073786066950088e+00,1.000000000000000000e+00,5.600239548547544244e-01,1.000000000000000000e+00,-2.533085205713141996e-01,1.000000000000000000e+00,-1.274882752330713354e+00,9.991199303689585198e-01,-4.038326746104738407e-01
1.000000000000000000e+00,-4.234150013230497667e-01,9.968910751523997194e-01,1.155839091885557390e-01,9.974186897264935014e-01,6.980272261159810032e-01,9.975789875814715657e-01,4.492317819480154961e-01,9.991052568470782935e-01,-1.908823571157323151e+00,9.977863320348926424e-01,-4.148406575831692367e-01,9.992918912200221548e-01,1.244492615987278228e+00,1.000000000000000000e+00,5.657255821411089070e-01,1.000000000000000000e+00,-1.628534476101747064e+00,9.961547778289202570e-01,-5.642708124090748401e-01
1.000000000000000000e+00,4.001431783850861734e-01,9.971043402775225939e-01,-8.955613331744799455e-02,9.977332049243566869e-01,1.102437932748232985e+00,9.990805710047522270e-01,5.171517808641192815e-01,9.991565471233696538e-01,-2.020619476188270980e+00,9.991501941473721615e-01,-4.065130308382163271e-01,9.994091249726513304e-01,9.775373460408463000e-01,9.996518863402563682e-01,-4.506279886161876913e-01,1.000000000000000000e+00,-1.364334953590958577e+00,9.969549526960014285e-01,6.531951988712154655e-01
1.000000000000000000e+00,1.725258302379921060e+00,9.969920033603344445e-01,-4.074361126367509467e-01,9.976332396065379360e-01,1.364166955181130625e+00,9.959078658222068059e-01,1.646677799776780360e-01,1.000000000000000000e+00,-2.529217142518689343e+00,9.955456638708922723e-01,-2.224977768791327470e-01,9.990145834550998583e-01,1.373179111768317195e+00,9.966441220493778008e-01,-8.854586017517673824e-02,1.000000000000000000e+00,-1.019801558571147737e+00,9.969937172241208900e-01,-1.547499163615921880e-01
1.000000000000000000e+00,7.790653854047107085e-01,9.961616324568263181e-01,-7.686671120340438090e-02,9.976874919670111197e-01,5.074310255945463366e-02,1.000000000000000000e+00,1.090843746282331994e-01,9.994416997520526591e-01,-2.245233769723042005e+00,1.000000000000000000e+00,-6.239726629357671417e-01,9.992791464532678747e-01,1.389875922985091439e+00,1.000000000000000000e+00,3.930067362160836186e-01,1.000000000000000000e+00,-5.765596342782726147e-01,9.971180742830353383e-01,3.642204037901362046e-01
1.000000000000000000e+00,1.201140265475665991e+00,9.966968632290548191e-01,-6.179909355883255184e-01,9.971775469711235962e-01,-3.558570066139397081e-01,1.000000000000000000e+00,1.966776962907317849e-01,9.983894724013213651e-01,-2.108255538990004840e+00,1.000000000000000000e+00,-5.160245313474766116e-01,9.994870758340077543e-01,1.778162193328014062e+00,1.000000000000000000e+00,5.528572493478784988e-01,1.000000000000000000e+00,-1.474425425785368393e-01,9.970156347290848320e-01,5.077875030131584477e-02
1.000000000000000000e+00,-1.064359613848824715e+00,1.000000000000000000e+00,-1.065143904692636756e+00,9.943449263393770998e-01,6.951667365472229410e-01,9.949650264948712852e-01,-6.415065165645631451e-01,9.989940122213967211e-01,-6.963759770527441217e-01,1.000000000000000000e+00,2.448128619213915669e-01,1.000000000000000000e+00,-4.896546120272934344e-01,1.000000000000000000e+00,1.238329381661900763e+00,1.000000000000000000e+00,-1.281883592959751628e-01,9.953764244271591233e-01,-4.915626160975571368e-01
1.000000000000000000e+00,1.818958528215952886e-01,9.970047046425192239e-01,-1.902484972924277651e-01,9.969012649546625804e-01,7.590769959750087725e-02,9.988862172628742986e-01,3.093320296014507864e-01,9.994451701193235449e-01,-2.473449637092199449e+00,9.997953383410764783e-01,-4.933077811880710595e-01,9.989711712904014718e-01,1.800235165721940866e+00,1.000000000000000000e+00,8.967374158847405408e-01,1.000000000000000000e+00,-1.335228501812482316e+00,9.956831768912838276e-01,-1.186031391595501860e+00
1.000000000000000000e+00,-2.282697869771495580e-01,9.963706596442011287e-01,3.996235690440241295e-01,9.975185360106324506e-01,5.175160694472421552e-01,9.983903635192822312e-01,2.000503963563821375e-01,1.000000000000000000e+00,-2.607433136464389900e+00,9.980768119141045780e-01,-6.196340629548440226e-01,9.987728793039596376e-01,1.346910700516309678e+00,1.000000000000000000e+00,6.818916246424561178e-01,1.000000000000000000e+00,-1.733791364096031407e+00,9.958975196215960057e-01,-7.299304143958189606e-01
1.000000000000000000e+00,7.854458496376648391e-01,9.961637879170384124e-01,-7.033872934927165588e-02,9.976855941630865532e-01,5.791371481285378930e-02,1.000000000000000000e+00,1.170867695764621907e-01,9.994414210267396070e-01,-2.238539811798509138e+00,1.000000000000000000e+00,-6.161494022005863380e-01,9.992785476631039776e-01,1.398268243389087839e+00,1.000000000000000000e+00,4.011496274537044160e-01,1.000000000000000000e+00,-5.707662126072029496e-01,9.971127586675384569e-01,3.671310983020262819e-01
1.000000000000000000e+00,-2.535136470308262391e-01,9.966515953969129482e-01,1.000633430188261896e-01,9.982084897817060654e-01,5.513954119800084097e-01,9.978344409444827035e-01,4.653604479042835473e-01,1.000000000000000000e+00,-2.483491883616371521e+00,9.982802342854452116e-01,-4.859426931424920548e-01,9.987281973050353701e-01,1.568645968959570869e+00,1.000000000000000000e+00,8.025132479047756284e-01,1.000000000000000000e+00,-1.577051418100289926e+00,9.954402135309423638e-01,-8.239632043651944349e-01
1.000000000000000000e+00,5.868394406494160664e-01,9.966300192028685334e-01,-2.899662847202226224e-01,9.975895660150129185e-01,2.315688230982380080e-01,9.993338302384001670e-01,3.431300709445028185e-01,9.982812394908161524e-01,-1.698587927695292432e+00,1.000000000000000000e+00,-4.401173409184249707e-01,9.996758288765481559e-01,1.338695789784407175e+00,1.000000000000000000e+00,3.306270564903555087e-01,1.000000000000000000e+00,-5.356715425336571190e-01,9.972100323816062151e-01,4.057034896592822681e-01
1.000000000000000000e+00,7.842911538710887198e-01,9.961834909003318694e-01,-7.738435091838208324e-02,9.976789888253503324e-01,5.970724304197283505e-02,1.000000000000000000e+00,1.211690438371967049e-01,9.994369224925332418e-01,-2.241001258344101021e+00,1.000000000000000000e+00,-6.126302738654556546e-01,9.992798003193084089e-01,1.403968898662368625e+00,1.000000000000000000e+00,4.053689507051001506e-01,1.000000000000000000e+00,-5.674088478658811940e-01,9.970934197430847412e-01,3.505033118434544015e-01
1.000000000000000000e+00,-2.222268669718573397e-01,9.964087715849415661e-01,3.808163415526739648e-01,9.975049692107420540e-01,5.164559166257093326e-01,9.983858539744533411e-01,2.033810443454233674e-01,1.000000000000000000e+00,-2.603910060836461149e+00,9.981077208274629076e-01,-6.124796035365476232e-01,9.987827764859329438e-01,1.353244501037798031e+00,1.000000000000000000e+00,6.869954598388987588e-01,1.000000000000000000e+00,-1.711989188137476692e+00,9.958813674201008048e-01,-7.431982714075543450e-01
1.000000000000000000e+00,7.837700602925894433e-01,9.961928484220426983e-01,-7.851857000334760972e-02,9.976751148311451267e-01,6.250669547226050948e-02,1.000000000000000000e+00,1.239198765993479445e-01,9.994359869644572347e-01,-2.240014479557276506e+00,1.000000000000000000e+00,-6.094303006208179330e-01,9.992801883636760474e-01,1.407032136193523408e+00,1.000000000000000000e+00,4.091541148807289474e-01,1.000000000000000000e+00,-5.652172859210997657e-01,9.970847658324006879e-01,3.446548088737090287e-01
1.000000000000000000e+00,7.708688028154566663e-01,9.962222079271902953e-01,-9.038842613530501113e-02,9.976636386643754628e-01,6.304211835715062273e-02,1.000000000000000000e+00,1.212526935609150591e-01,9.994346462637810902e-01,-2.244873556811708415e+00,1.000000000000000000e+00,-6.090544082300743955e-01,9.992821068066096712e-01,1.404165523655783510e+00,1.000000000000000000e+00,4.111911445916440755e-01,1.000000000000000000e+00,-5.666132651301289958e-01,9.970638994370840669e-01,3.218556115346406510e-01
1.000000000000000000e+00,1.156783975768879147e+00,9.967583201314590413e-01,-6.131254087949076226e-01,9.971633247338296258e-01,-3.221331834004000361e-01,1.000000000000000000e+00,1.989755893675326237e-01,9.984333805376087723e-01,-2.113018388940758996e+00,1.000000000000000000e+00,-5.047903729194216371e-01,9.994823512934480902e-01,1.766529616348261778e+00,1.000000000000000000e+00,5.673560288762690140e-01,1.000000000000000000e+00,-1.598808983727116884e-01,9.969558537836665790e-01,9.976246233520391637e-03
1.000000000000000000e+00,-1.923307263877243045e-01,9.990728731561744347e-01,-7.353116130388631655e-01,9.964092209323178739e-01,7.979787370923202561e-02,9.983736482716683014e-01,3.551220907568228835e-01,9.973936410316442958e-01,-2.126150640157299598e+00,9.972907495321212679e-01,8.971523090496121844e-01,9.970087104368006159e-01,1.773225717040896932e+00,1.000000000000000000e+00,5.877177871708095802e-01,1.000000000000000000e+00,-8.764724050920225107e-02,9.940228794276422253e-01,-1.348668253382751647e+00
1.000000000000000000e+00,8.556835928355321919e-03,9.979967894733949851e-01,-8.144174993010624419e-01,9.969790708331383033e-01,2.047967980042577074e-01,9.993183724541693236e-01,3.812196970349412961e-01,9.976142509011128867e-01,-1.992447982123994654e+00,9.984937384848785458e-01,3.197859208338260095e-01,9.973225091893673788e-01,1.413114828519310251e+00,1.000000000000000000e+00,7.844810080733355395e-01,1.000000000000000000e+00,-4.869430001677511610e-01,9.944265007976256232e-01,-1.105613947542990916e+00
1.000000000000000000e+00,-2.523328477276601811e-01,9.967617130257002689e-01,5.791189158091752942e-02,9.981193084794677262e-01,5.465631224994299542e-01,9.978370552422249906e-01,4.451300029233845601e-01,1.000000000000000000e+00,-2.472962369175946140e+00,9.983496692329180133e-01,-4.748702061487127812e-01,9.987654616223172743e-01,1.554091240879855285e+00,1.000000000000000000e+00,8.082747020096978652e-01,1.000000000000000000e+00,-1.521462047288114849e+00,9.954355871220379459e-01,-8.481359817800847578e-01
1.000000000000000000e+00,-2.145812619209307437e-01,9.964661964122213389e-01,3.606196298328647742e-01,9.974804304738430494e-01,5.214830963677739017e-01,9.983741279717994743e-01,2.077221414791411980e-01,1.000000000000000000e+00,-2.587557327636030635e+00,9.981465976600230050e-01,-5.967007987995580631e-01,9.987991930459843015e-01,1.359135109055299440e+00,1.000000000000000000e+00,7.001306154826567596e-01,1.000000000000000000e+00,-1.675211824716696052e+00,9.958672820058175335e-01,-7.491782327923721674e-01
1.000000000000000000e+00,5.883251464867851332e-01,9.966678752987971901e-01,-2.865812533745309421e-01,9.975672261031526267e-01,2.380821485128184201e-01,9.993288289917245937e-01,3.421445302915328002e-01,9.983504933884886912e-01,-1.727395640124722576e+00,1.000000000000000000e+00,-4.325633101626472077e-01,9.996542837446776852e-01,1.356324149654706490e+00,1.000000000000000000e+00,3.581210683524274629e-01,1.000000000000000000e+00,-5.265809217000880782e-01,9.971474784347442721e-01,3.617949704158718860e-01
1.000000000000000000e+00,5.780282803697348593e-01,9.966856316677684680e-01,-2.915109017983900652e-01,9.975578857859866977e-01,2.370928135992133590e-01,9.993181890874003326e-01,3.350375701948469787e-01,9.983699001775591109e-01,-1.738174331502841730e+00,1.000000000000000000e+00,-4.346772893370253743e-01,9.996498022638674597e-01,1.352469281478461349e+00,1.000000000000000000e+00,3.615288939920308087e-01,1.000000000000000000e+00,-5.291624022235095204e-01,9.971306931722353495e-01,3.441849588329078946e-01
1.000000000000000000e+00,7.446452759787181019e-01,9.962956478395443849e-01,-9.972128227392412780e-02,9.976292750468350734e-01,8.245708476326424341e-02,9.999822698624631911e-01,1.254965995110162436e-01,9.994400552492708201e-01,-2.237091719465456929e+00,1.000000000000000000e+00,-5.923645782946260763e-01,9.992861880107728467e-01,1.404987092726392772e+00,1.000000000000000000e+00,4.335835993239000596e-01,1.000000000000000000e+00,-5.613638331634958067e-01,9.970140047329421051e-01,2.827324420567322028e-01
1.000000000000000000e+00,7.154927859268835899e-01,9.963420694784319576e-01,-1.145133544483201704e-01,9.976082384466515851e-01,8.573287575879723343e-02,9.999371711698666898e-01,1.157547632481571442e-01,9.994451005658870901e-01,-2.240586634038691294e+00,1.000000000000000000e+00,-5.920110644038933945e-01,9.992896475581641846e-01,1.391792766962401506e+00,1.000000000000000000e+00,4.368676414431615362e-01,1.000000000000000000e+00,-5.670759170429495732e-01,9.969895738372910321e-01,2.533206856414572661e-01
1.000000000000000000e+00,1.061877126388009351e+00,9.968761059788372458e-01,-6.143478592221642831e-01,9.971204774619351063e-01,-2.747172135030191420e-01,1.000000000000000000e+00,1.824815706730000542e-01,9.985029325084032736e-01,-2.113286601403338683e+00,1.000000000000000000e+00,-4.912902609195539672e-01,9.994819329354324156e-01,1.724715481762154834e+00,1.000000000000000000e+00,5.883108066693655269e-01,1.000000000000000000e+00,-1.850325048187970167e-01,9.968781823141578124e-01,-5.340650884438208346e-02
1.000000000000000000e+00,-2.511251377552780606e-01,9.991843147242256418e-01,-7.471989566811334527e-01,9.963452384820041807e-01,1.139858506699933938e-01,9.982539359073029361e-01,2.994058375425512342e-01,9.975035457954012363e-01,-2.103295499661649970e+00,9.973345524790496741e-01,8.691281348443449239e-01,9.971504459661034714e-01,1.696828347907513912e+00,1.000000000000000000e+00,5.976979476568414773e-01,1.000000000000000000e+00,-6.014184896243413014e-02,9.941092731856548959e-01,-1.325320716329487558e+00
1.000000000000000000e+00,-3.747039874197422016e-02,9.981015673825029966e-01,-8.184259774860594971e-01,9.969179450375277307e-01,2.347935870582943674e-01,9.992107173337240189e-01,3.388635264749327858e-01,9.977029608199540212e-01,-1.975230073785556595e+00,9.985081794696466506e-01,3.075990334986915542e-01,9.974321071775216208e-01,1.359200353370649150e+00,1.000000000000000000e+00,7.917418371738631500e-01,1.000000000000000000e+00,-4.559697288543561600e-01,9.944891968560830575e-01,-1.087905134799407758e+00
1.000000000000000000e+00,-2.659003449452611578e-01,9.968942565697973546e-01,1.529473297269923204e-02,9.980244623369671775e-01,5.498478786422227316e-01,9.978120970707435866e-01,4.167562564478501930e-01,1.000000000000000000e+00,-2.440840012536826809e+00,9.984106900016859187e-01,-4.557543435875126558e-01,9.988117650852993412e-01,1.523655341424595022e+00,1.000000000000000000e+00,8.207734556808217175e-01,1.000000000000000000e+00,-1.454868162528107689e+00,9.954461450542009260e-01,-8.530553101220580414e-01
1.000000000000000000e+00,-3.582376601545397832e-01,9.970226716318183469e-01,7.394639640653272172e-02,9.973467819308722282e-01,6.708053078023681337e-01,9.976909768868722495e-01,4.160896125604064966e-01,9.992730280960886446e-01,-1.997158415648367935e+00,9.980053195194693583e-01,-4.019519527163066264e-01,9.992591516210562741e-01,1.288161249865084068e+00,1.000000000000000000e+00,6.269177348515332371e-01,1.000000000000000000e+00,-1.512516657469394898e+00,9.960352467279680599e-01,-6.456851132161056661e-01
1.000000000000000000e+00,1.187296016610906779e+00,9.993666273207534312e-01,-4.807805790012218417e-01,9.984714058485530952e-01,1.693401936551907738e+00,9.978603554928326957e-01,-1.490684444980944212e-01,1.000000000000000000e+00,-2.272887988520420066e+00,9.975773026099180596e-01,9.479807930357703194e-02,9.988629514390343633e-01,5.780009376824094547e-01,9.983200416366421193e-01,-9.967769714807583892e-02,1.000000000000000000e+00,-1.192244626461217649e+00,9.991659796218536060e-01,2.952423081113693115e-01
9.997639410302945340e-01,8.818486106362748433e-01,9.985416825480337710e-01,-2.292660624573127914e-01,9.980670335723781372e-01,5.450827755146758768e-01,9.993273420317426714e-01,1.305145469519139456e-01,1.000000000000000000e+00,-1.873451002461846704e+00,9.982928841915353901e-01,-1.050233299270939336e+00,1.000000000000000000e+00,7.451120389083651929e-01,1.000000000000000000e+00,-4.242250910392952878e-02,1.000000000000000000e+00,-1.179954463905188877e+00,9.985681421703850313e-01,-4.836321158514489960e-01
1.000000000000000000e+00,6.209265575531652814e-01,9.965065192848352460e-01,-1.455405174499416199e-01,9.975279252888192838e-01,1.154860678019813403e-01,9.997688437294343089e-01,9.241108657678559490e-02,9.994719469526918143e-01,-2.229642641772833667e+00,1.000000000000000000e+00,-5.731472164875359709e-01,9.993040178722260025e-01,1.353574964097025379e+00,1.000000000000000000e+00,4.660696570798283367e-01,1.000000000000000000e+00,-5.753145120827751757e-01,9.969078296719628973e-01,1.705593846756104370e-01
1.000000000000000000e+00,5.820240401172938061e-01,9.965620157300332238e-01,-1.611306918130561150e-01,9.975011122426082899e-01,1.201091170354819937e-01,9.997108835447733322e-01,7.749908718302517263e-02,9.994813669524571509e-01,-2.230026167031332829e+00,1.000000000000000000e+00,-5.719635531019715557e-01,9.993097258659742188e-01,1.333171363293208955e+00,1.000000000000000000e+00,4.696369245320168306e-01,1.000000000000000000e+00,-5.827033001225123687e-01,9.968842007050097154e-01,1.402726749164553421e-01
1.000000000000000000e+00,2.776079093312905366e-02,9.976995511437025677e-01,-6.066839658684924919e-01,9.973900545672159668e-01,1.639778471323755926e-01,9.981254680104080235e-01,4.588914067263308860e-01,9.991869822342623886e-01,-2.267316711771437898e+00,9.999963138276695140e-01,-3.169103202703165145e-01,9.990622179945072290e-01,1.850472357354032926e+00,1.000000000000000000e+00,1.019364844629933931e+00,1.000000000000000000e+00,-1.001726640321182860e+00,9.952535396173203264e-01,-1.268864438545748374e+00
1.000000000000000000e+00,-3.099507982320327537e-01,9.970755557487049892e-01,-5.053402225133374337e-02,9.979031116624115239e-01,5.462289921557148542e-01,9.977572896773021505e-01,3.607972318958123648e-01,1.000000000000000000e+00,-2.400086042235569650e+00,9.984757568199222888e-01,-4.392522448479116992e-01,9.988765821596745642e-01,1.460143242981247980e+00,1.000000000000000000e+00,8.255761730042384672e-01,1.000000000000000000e+00,-1.378883967162294333e+00,9.954706522893188581e-01,-8.601962374464914296e-01
1.000000000000000000e+00,3.619487817798482943e-01,9.972155710154120278e-01,-1.590571207539466236e-01,9.975733058492517458e-01,9.134119876941590999e-01,9.990162639819939461e-01,4.246565198103252614e-01,9.992105201867196307e-01,-2.046994298067184026e+00,9.994315528959676342e-01,-3.993253249345573019e-01,9.994152877935809087e-01,1.064013283275213606e+00,1.000000000000000000e+00,-1.741668971290407097e-01,1.000000000000000000e+00,-1.157665882626508269e+00,9.967824863775527344e-01,3.930906310048406516e-01
1.000000000000000000e+00,5.433522127456773543e-01,9.988278522383503555e-01,-2.459481485656130895e-01,9.979591695465375167e-01,1.177481925193467172e+00,9.986649821809453487e-01,4.023571584721634120e-01,1.000000000000000000e+00,-1.782465067914285495e+00,9.974095498540991311e-01,-7.924739177544048996e-01,1.000000000000000000e+00,5.861493705787349517e-01,9.997917951332433439e-01,-5.053148689883767419e-01,1.000000000000000000e+00,-1.585068939965394330e+00,9.980770817868283018e-01,-1.882527000703247966e-01
1.000000000000000000e+00,5.152414569919847587e-01,9.988135993367567300e-01,-2.576276013368946072e-01,9.979285063841077941e-01,1.154156007210417778e+00,9.986441685591275208e-01,3.850867649877491306e-01,1.000000000000000000e+00,-1.787980673738410076e+00,9.974621033918658064e-01,-7.853855751748655134e-01,1.000000000000000000e+00,5.892282107020341275e-01,9.998945167461641415e-01,-4.795333193636101554e-01,1.000000000000000000e+00,-1.564703843182370990e+00,9.980340666798521720e-01,-2.007696095782711132e-01
1.000000000000000000e+00,7.218593855540886839e-01,9.984793678742694967e-01,-2.608919474769643698e-01,9.978989876526763725e-01,5.190785395846611028e-01,9.991763593995338644e-01,8.466486922593649544e-02,1.000000000000000000e+00,-1.906359659215284275e+00,9.984638306564518340e-01,-9.719206136687374986e-01,1.000000000000000000e+00,7.625830947584799624e-01,1.000000000000000000e+00,4.975970425416131881e-02,1.000000000000000000e+00,-1.117446579425837250e+00,9.982671041113996280e-01,-4.968407817703511253e-01
1.000000000000000000e+00,4.701928054346924402e-01,9.967412490849032469e-01,-1.942977054220168531e-01,9.974107287338535022e-01,1.497966282944664385e-01,9.995222597986177515e-01,4.200775819981478199e-02,9.995162547778633222e-01,-2.210037960107964050e+00,1.000000000000000000e+00,-5.514655204228853247e-01,9.993315628841968890e-01,1.279464972055220251e+00,1.000000000000000000e+00,4.971694728890591608e-01,1.000000000000000000e+00,-5.916321426831506747e-01,9.968092851426889611e-01,6.096220713438249561e-02
1.000000000000000000e+00,4.363462140705707260e-01,9.967888471540300444e-01,-2.069184503423878163e-01,9.973870050775496265e-01,1.537299008517902243e-01,9.994718571246741234e-01,2.827062307844901978e-02,9.995249934236534184e-01,-2.207438760042299997e+00,1.000000000000000000e+00,-5.492373398926946315e-01,9.993379359492411407e-01,1.260937804306678123e+00,1.000000000000000000e+00,5.002895673189657888e-01,1.000000000000000000e+00,-5.967026753087918411e-01,9.967911100282130787e-01,3.786653901164038771e-02
1.000000000000000000e+00,-3.574593186733853178e-01,9.970542601441012565e-01,1.116151665031410445e-01,9.972081929538005873e-01,5.063084480175260582e-01,9.981314885148769855e-01,6.902845377415717243e-02,1.000000000000000000e+00,-2.453193891957530681e+00,9.983748984307768692e-01,-5.333115278397388970e-01,9.989901556919310588e-01,1.193871236241915712e+00,1.000000000000000000e+00,7.237847406333295375e-01,1.000000000000000000e+00,-1.429054091260072878e+00,9.958730247287035375e-01,-7.935439847865726204e-01
1.000000000000000000e+00,4.753526471321747326e-01,9.967547399393990037e-01,-1.829478690696396126e-01,9.974019539337340978e-01,1.650719306318488289e-01,9.995085917491154381e-01,5.222705235236380084e-02,9.995216036487013511e-01,-2.194408214896162779e+00,1.000000000000000000e+00,-5.371448964634590872e-01,9.993340424098015040e-01,1.288121289470704589e+00,1.000000000000000000e+00,5.133366792106102139e-01,1.000000000000000000e+00,-5.806224143443579067e-01,9.968016145675657746e-01,6.695947204725172242e-02
1.000000000000000000e+00,4.413851946131866488e-01,9.968023240821770603e-01,-1.957079269306478686e-01,9.973782790061775927e-01,1.688390812916288342e-01,9.994582717408455608e-01,3.824999996178812811e-02,9.995303691984365191e-01,-2.191831634726135736e+00,1.000000000000000000e+00,-5.350582097750742339e-01,9.993405321766312133e-01,1.269335835337790153e+00,1.000000000000000000e+00,5.162562762562683538e-01,1.000000000000000000e+00,-5.856868633901763932e-01,9.967837550908379418e-01,4.399678320273153753e-02
1.000000000000000000e+00,4.100488447983094975e-01,9.968465284612234578e-01,-2.072585875494329932e-01,9.973561393804419861e-01,1.725153107716240197e-01,9.994114696526477104e-01,2.539042233705224305e-02,9.995385527452420593e-01,-2.188709857766674372e+00,1.000000000000000000e+00,-5.326627370931045213e-01,9.993468065805206635e-01,1.252045623814666442e+00,1.000000000000000000e+00,5.192294291938215345e-01,1.000000000000000000e+00,-5.899258121166928159e-01,9.967673232087008728e-01,2.327711797343984257e-02
1.000000000000000000e+00,-7.684152310230130123e-02,9.979314528318494748e-01,-6.448323855518955927e-01,9.972488342320092736e-01,2.054703210800958302e-01,9.979823249231632998e-01,3.631984840351738519e-01,9.992258035832943808e-01,-2.185566329645626027e+00,9.999429736748017827e-01,-2.856377769626988194e-01,9.991563745261090590e-01,1.711597979268330905e+00,1.000000000000000000e+00,1.019206809461754126e+00,1.000000000000000000e+00,-9.057236764540870233e-01,9.953188800993580942e-01,-1.217171608655748027e+00
1.000000000000000000e+00,-3.612729101093130613e-01,9.973257852964878545e-01,-1.221852936491442110e-01,9.977389651932830894e-01,5.572645752104651296e-01,9.976689307400509188e-01,2.951493408204722835e-01,1.000000000000000000e+00,-2.311983446622201122e+00,9.985594257637840920e-01,-3.957002508679716701e-01,9.989730698620149507e-01,1.381769099960553415e+00,1.000000000000000000e+00,8.496877685871697672e-01,1.000000000000000000e+00,-1.257526927609581957e+00,9.955081885250851581e-01,-8.428497354342836534e-01
1.000000000000000000e+00,3.587717382161631496e-01,9.970872447866951926e-01,-3.169897057179306143e-01,9.973339515904394714e-01,3.183604487013774742e-01,9.989544188902594879e-01,2.473065566437644969e-01,9.986523621263596606e-01,-1.760066554184616328e+00,1.000000000000000000e+00,-3.827094649838780338e-01,9.996338018819831417e-01,1.267823999880193675e+00,1.000000000000000000e+00,4.835542278728946486e-01,1.000000000000000000e+00,-5.323427047171274129e-01,9.968846738458712053e-01,1.314674194952586417e-01
1.000000000000000000e+00,8.477285667703862160e-01,9.976968212559710336e-01,-5.568144420316716303e-01,9.977320202343025191e-01,7.809590242750534816e-01,9.981330238339912730e-01,-2.881562729299977366e-01,9.993566885860231119e-01,-2.222079231198559324e+00,1.000000000000000000e+00,3.930094088148343157e-01,9.985732682968054830e-01,1.209709616357924844e+00,1.000000000000000000e+00,8.505655763436485994e-01,1.000000000000000000e+00,-2.100373986645150404e-01,9.977977708054438510e-01,4.736787738974866380e-01
1.000000000000000000e+00,2.645441394394519863e-01,9.972048088930364207e-01,-3.536327743273726676e-01,9.972730571833363644e-01,3.171876985342053090e-01,9.988361817356695704e-01,1.968282883274056205e-01,9.987017860620476251e-01,-1.771725733871899910e+00,1.000000000000000000e+00,-3.875269929112767353e-01,9.996425966381916606e-01,1.211181234321892175e+00,1.000000000000000000e+00,4.853984232165131085e-01,1.000000000000000000e+00,-5.520903421697596070e-01,9.968364782607890273e-01,6.379503822427165516e-02
1.000000000000000000e+00,2.589492966049997680e-01,9.972181007220620730e-01,-3.523497914369503325e-01,9.972653077838493640e-01,3.218999109338744891e-01,9.988233276455176224e-01,1.956057934918380425e-01,9.987098469975193016e-01,-1.768185912081662536e+00,1.000000000000000000e+00,-3.833069769830153017e-01,9.996435241951507900e-01,1.209481859263349168e+00,1.000000000000000000e+00,4.911049655385645862e-01,1.000000000000000000e+00,-5.497814861998863156e-01,9.968301146161321347e-01,6.061042455910170546e-02
1.000000000000000000e+00,1.976230771201323289e-01,9.974494279413018694e-01,-2.253731438817119792e-01,9.973781878244175614e-01,8.261784955883537673e-01,9.987475238569464286e-01,3.150123813798633154e-01,9.992319391584738586e-01,-1.978212259003010454e+00,9.994312847667234934e-01,-3.670976439590269425e-01,9.994746191993866269e-01,1.026959742592298719e+00,1.000000000000000000e+00,2.385869801215539932e-02,1.000000000000000000e+00,-1.030347229440647938e+00,9.966798705280166537e-01,2.160069416410835830e-01
1.000000000000000000e+00,3.716567534372564596e-01,9.987550296550774531e-01,-2.830921773352395587e-01,9.977176093829381864e-01,1.060308914762272625e+00,9.984874421604686967e-01,3.143320813661675261e-01,1.000000000000000000e+00,-1.760806499947799253e+00,9.977604900778493935e-01,-6.892437813695651005e-01,1.000000000000000000e+00,6.417925703127105308e-01,1.000000000000000000e+00,-2.654864676667273993e-01,1.000000000000000000e+00,-1.391928033991558067e+00,9.977599731292211560e-01,-2.379255860392213706e-01
1.000000000000000000e+00,8.455576627906800091e-01,9.988959906957169954e-01,-3.604489722033513144e-01,9.980401557543361335e-01,1.280929134345033082e+00,9.982593110065292041e-01,-2.382668108358395043e-01,1.000000000000000000e+00,-2.415828423891818399e+00,9.981601730318123700e-01,-1.527637074206849022e-01,9.989310234452372095e-01,6.653629549553017331e-01,1.000000000000000000e+00,1.177235846549665454e-01,1.000000000000000000e+00,-1.099624857850271198e+00,9.983456364633449542e-01,1.712920157261149656e-02
1.000000000000000000e+00,1.458759910254417425e-01,9.973672964733575341e-01,-3.918585011785321592e-01,9.971859579722509581e-01,3.263899004551963912e-01,9.986714737360742333e-01,1.378607870469456820e-01,9.987700418679904546e-01,-1.769599000590266424e+00,1.000000000000000000e+00,-3.796532543081966304e-01,9.996577794723092714e-01,1.144059757057406923e+00,1.000000000000000000e+00,5.003468494733999128e-01,1.000000000000000000e+00,-5.656136158334625907e-01,9.967697479996427967e-01,-1.469457369057869389e-02
1.000000000000000000e+00,1.571606636739661389e-01,9.973630465297125269e-01,-3.819941232784376806e-01,9.971869967675887070e-01,3.341499463648606727e-01,9.986766750489135536e-01,1.466788940837468747e-01,9.987726592605753462e-01,-1.762567746095234034e+00,1.000000000000000000e+00,-3.724421559321978159e-01,9.996567878507082172e-01,1.153406397621649981e+00,1.000000000000000000e+00,5.088849833440749482e-01,1.000000000000000000e+00,-5.581049200122014664e-01,9.967700428158567938e-01,-5.718253021431751737e-03
1.000000000000000000e+00,4.903455985377189186e-01,9.984163142908880628e-01,-4.337076101380812343e-01,9.979309342259201632e-01,4.843886490406363876e-01,9.988784307659021033e-01,1.608620461511821031e-01,9.990910366536160936e-01,-1.692375087068379580e+00,9.979526265736188284e-01,2.001413995300477255e-02,9.979821511430737591e-01,1.381564603242186884e+00,1.000000000000000000e+00,5.517092966746759419e-01,1.000000000000000000e+00,-3.858754033428498653e-01,9.975219975592828359e-01,4.500678668275969185e-01
1.000000000000000000e+00,2.418888798796036410e-01,9.987497807230784064e-01,-3.334116344935189602e-01,9.975875440005281813e-01,9.834330310199353997e-01,9.983645907062705938e-01,2.398578832719951981e-01,1.000000000000000000e+00,-1.762034800673018431e+00,9.979123260784504845e-01,-6.550824139368570664e-01,9.999802153408982042e-01,6.324629673084908310e-01,1.000000000000000000e+00,-1.754898512635984509e-01,1.000000000000000000e+00,-1.318764044961097559e+00,9.976032738069824379e-01,-2.875910726379435900e-01
1.000000000000000000e+00,4.976715930940012189e-01,9.994636764945462604e-01,-3.869721982648141601e-01,9.981554357100399510e-01,1.017809051961028999e+00,9.985730464247712934e-01,2.381260713083750702e-01,1.000000000000000000e+00,-1.700053532322361782e+00,9.962736958283179289e-01,-2.940108743238840083e-01,9.985292193767294489e-01,8.887037996874618262e-01,1.000000000000000000e+00,-5.321201517619200683e-02,1.000000000000000000e+00,-1.077571969493365200e+00,9.981175078124452371e-01,1.251782090158921057e-01
1.000000000000000000e+00,7.189044829869007946e-01,9.982318716278130166e-01,-3.613825867723475249e-01,9.976785491989084154e-01,8.158074157956263228e-01,9.976580839111428567e-01,3.658404434346124168e-01,1.000000000000000000e+00,-1.855457340264473842e+00,9.956255545343564162e-01,-4.563353378970445573e-01,9.986952650866970371e-01,1.272140627156328474e+00,1.000000000000000000e+00,-8.158786274660101423e-03,1.000000000000000000e+00,-9.702544003440762843e-01,9.969744847602314275e-01,-1.403085367307447262e-01
1.000000000000000000e+00,4.110529239939242352e-01,9.975489667425863072e-01,-3.570977377205982739e-01,9.970756843000468939e-01,7.280318780149017677e-01,9.973455685136545235e-01,3.139313331974436516e-01,1.000000000000000000e+00,-1.930627749291363049e+00,9.971539773896901382e-01,-7.733822770653107082e-01,9.999954093420290180e-01,1.034929104359261220e+00,1.000000000000000000e+00,-8.037892039401584032e-02,1.000000000000000000e+00,-1.154048532049515741e+00,9.963846683941020022e-01,-5.618119987321495978e-01
1.000000000000000000e+00,6.321212646596902074e-02,9.987680575097452884e-01,-4.175116430501583653e-01,9.974405026979688005e-01,8.819509146778590214e-01,9.982037575519656647e-01,1.337280419477203108e-01,1.000000000000000000e+00,-1.777842983122050358e+00,9.980559996499719366e-01,-6.346907405838480010e-01,9.999626255775647676e-01,5.917581734980810193e-01,1.000000000000000000e+00,-1.075833035341763888e-01,1.000000000000000000e+00,-1.263985925534135468e+00,9.974319475352287911e-01,-3.677315229852294309e-01
1.000000000000000000e+00,3.250753030027186963e-01,9.994068072217189291e-01,-4.410619649718699464e-01,9.979858489534558785e-01,9.249858760058953244e-01,9.984533018635917134e-01,1.706535511000276673e-01,1.000000000000000000e+00,-1.706568974966857555e+00,9.965088985946348732e-01,-3.299592644441705080e-01,9.986602717800689977e-01,8.367624693009467762e-01,1.000000000000000000e+00,-2.205565632238715157e-02,1.000000000000000000e+00,-1.066224937762625391e+00,9.979200355738097050e-01,1.836023114557550073e-02
1.000000000000000000e+00,4.253977583831745624e-01,9.996416687145461832e-01,-4.386562172406087146e-01,9.969722631739333929e-01,7.895642854993998316e-01,9.982310374685432475e-01,2.643889504305803606e-01,1.000000000000000000e+00,-1.709003129945242394e+00,9.976602966554219964e-01,-9.834205464905230176e-01,1.000000000000000000e+00,6.447889077616637543e-01,1.000000000000000000e+00,-5.359557314708784936e-02,9.999339566092532161e-01,-1.366925692227953792e+00,9.980333967117311911e-01,7.264462541155794484e-02
1.000000000000000000e+00,5.220342998468573414e-01,9.973955152398218393e-01,-2.216078322739594986e-01,9.970753863699370889e-01,9.467722562084663895e-01,9.965854507078025781e-01,1.000511585825451799e-01,1.000000000000000000e+00,-2.349537592670867259e+00,9.978479664277900563e-01,-5.386433628839216725e-01,1.000000000000000000e+00,1.121061632032583022e+00,1.000000000000000000e+00,1.794355867568576679e-01,1.000000000000000000e+00,-7.811539872418538089e-01,9.982250308474786005e-01,-2.820921777865437186e-01
1.000000000000000000e+00,-1.853713385931396451e-01,9.978541039618690212e-01,-4.258763603399588482e-01,9.970855179824822390e-01,6.535149485043267870e-01,9.982575502368801201e-01,7.037570946196286537e-02,9.992205824331157338e-01,-1.933213585644164123e+00,9.993471298492880850e-01,-3.739470714400708329e-01,9.995687273292555020e-01,8.509449143056735387e-01,1.000000000000000000e+00,1.635514432381897643e-01,1.000000000000000000e+00,-9.538854264166827246e-01,9.965301733580854693e-01,-9.717927152288052817e-02
1.000000000000000000e+00,2.362920506037920199e-01,9.987505754859142826e-01,-1.614941530257514302e-01,9.976769304024036833e-01,9.292289561666664532e-01,9.978783653931443398e-01,2.672356059864045008e-01,1.000000000000000000e+00,-1.921803828879432130e+00,9.970098474816252443e-01,-5.421583559480431802e-01,9.993880705799293995e-01,9.893168801397109746e-01,1.000000000000000000e+00,2.702917168573604201e-02,1.000000000000000000e+00,-8.878865924408296806e-01,9.990847650465585206e-01,3.539058622608692861e-02
1.000000000000000000e+00,5.556245187971922128e-01,9.979610834475595160e-01,-4.963569382408813957e-01,9.972690153037067073e-01,9.265984272046465797e-01,9.970564216024918602e-01,-2.522733055189518847e-03,1.000000000000000000e+00,-2.132431621702173263e+00,9.975479101057821429e-01,-3.118818939393716572e-01,9.994114889455200101e-01,9.793969080408169159e-01,1.000000000000000000e+00,1.902058731346545628e-01,1.000000000000000000e+00,-9.229841091872259540e-01,9.969140297320039368e-01,-3.451017273731475377e-01
1.000000000000000000e+00,7.326143423869779792e-01,9.986310143759468128e-01,-2.710892875621142561e-01,9.960008996617715216e-01,1.023115431701577815e+00,9.970380686933616454e-01,6.471226199507235100e-02,9.999155401202752813e-01,-2.424504668131778118e+00,9.974779191907547915e-01,-5.527480970222264922e-01,1.000000000000000000e+00,1.056504982108614765e+00,1.000000000000000000e+00,2.900183571023327023e-01,1.000000000000000000e+00,-8.954057925666413231e-01,9.982857246874519141e-01,-1.637570640398492983e-01
1.000000000000000000e+00,3.953299403112229271e-01,9.982400009391458884e-01,-6.822631192101163977e-01,9.972087705993024631e-01,9.694071548961048501e-01,9.982011623325215410e-01,-8.395829872006418948e-02,9.984733527576917789e-01,-2.084230833756164358e+00,9.966947726964766607e-01,1.253595857730752383e-01,9.989419417719532790e-01,1.179116990115312014e+00,1.000000000000000000e+00,2.219449482862976275e-01,1.000000000000000000e+00,-6.148974309609693822e-01,9.960732196262825910e-01,-3.163905667935682509e-01
1.000000000000000000e+00,-1.468368390731042972e-01,9.986084127532616206e-01,-5.554504518861528295e-01,9.974988201407053445e-01,5.946819019708483589e-01,9.983208244297997469e-01,2.395317546815342591e-02,9.992879208179922257e-01,-1.889051473895336342e+00,9.977799449239347362e-01,-2.093628681190342067e-01,9.984899556356616745e-01,9.492043288686951019e-01,1.000000000000000000e+00,1.683151239164641377e-01,1.000000000000000000e+00,-8.698689912578747574e-01,9.969421905594157973e-01,4.043968491087378270e-02
1.000000000000000000e+00,4.783169162154298215e-01,9.988743352418127941e-01,-6.839951281388183535e-01,9.974096649955270788e-01,1.084434396559015301e+00,9.980901668798317639e-01,-4.976450373977739372e-02,9.992465745411690525e-01,-1.978465097965818265e+00,9.959519143638980720e-01,-7.243775804789034933e-02,9.992187212736607371e-01,9.810421789188386033e-01,1.000000000000000000e+00,5.889974713153195429e-02,1.000000000000000000e+00,-8.340143484255557738e-01,9.966801510573299883e-01,-5.314714901644699285e-01
1.000000000000000000e+00,3.369264927261027553e-01,9.986386957310018353e-01,-3.664106222050754758e-01,9.970234926125480790e-01,6.011970402214057430e-01,9.973333192534926672e-01,2.850812319165375586e-01,1.000000000000000000e+00,-2.021181487838366486e+00,9.964988602474111890e-01,-8.926910589708276778e-01,9.998203708153952096e-01,1.096382105468708401e+00,1.000000000000000000e+00,1.378119168291745689e-02,1.000000000000000000e+00,-1.024820771719406443e+00,9.981986103112927555e-01,-8.258694804304014814e-02
1.000000000000000000e+00,3.279617169896485440e-01,9.989533529987510985e-01,-3.857605680457957820e-01,9.964423087074300023e-01,7.263551226954135798e-01,9.975425241343405247e-01,1.715794184037619519e-01,9.996341815505633832e-01,-2.202569080133726320e+00,9.964647939608656246e-01,-7.040546762855842688e-01,1.000000000000000000e+00,1.044089242021487118e+00,1.000000000000000000e+00,6.644584136206244107e-02,1.000000000000000000e+00,-1.043970179185836011e+00,9.979718079921325868e-01,-2.643456832144066015e-01
1.000000000000000000e+00,3.740636306380091258e-01,9.989607574848327065e-01,-6.028639484990879760e-01,9.970325090633903597e-01,8.778762988053608884e-01,9.977267157030589306e-01,3.524319476798527112e-02,9.997429382216254101e-01,-2.169804038473151842e+00,9.962690725334855113e-01,-5.502127411424567738e-01,9.999401430271022129e-01,9.796765567494977178e-01,1.000000000000000000e+00,-1.019209418944510420e-02,1.000000000000000000e+00,-9.567166988146215134e-01,9.978240238684936703e-01,-3.773588571220207188e-01
1.000000000000000000e+00,2.609820492134293790e-01,9.989498987499447757e-01,-6.604440593364303558e-01,9.970686689752120690e-01,8.094365243948438149e-01,9.977196216934748341e-01,9.672399226125744792e-03,9.996773274984561697e-01,-2.229809574380741566e+00,9.963251705285869342e-01,-5.964639228680799210e-01,9.998604873696290696e-01,9.391311465251347412e-01,1.000000000000000000e+00,-6.371413178779958275e-02,1.000000000000000000e+00,-1.032938298014438150e+00,9.977710166334359254e-01,-4.549695818929984092e-01
1.000000000000000000e+00,1.451032290308974737e+00,9.962919211024824362e-01,-2.059327858593771876e-01,9.977560992944706220e-01,7.973711675749770578e-01,9.972234771855689184e-01,6.539897000699255170e-01,9.994357602927586015e-01,-2.248349941032603549e+00,9.946979592936082692e-01,-1.074404867729178981e-01,9.973818039320231366e-01,2.143105993640580298e+00,9.988884689880572765e-01,1.638604349949390748e-03,1.000000000000000000e+00,-6.563549980892118274e-01,9.958303512023450876e-01,5.385059153046078961e-01
1.000000000000000000e+00,7.680047442816346770e-01,9.962062397703502770e-01,-9.569815581557561401e-02,9.976719706387792153e-01,5.162162114826912562e-02,1.000000000000000000e+00,1.112975881905857722e-01,9.994341893486144990e-01,-2.253573130478939923e+00,1.000000000000000000e+00,-6.207527180890231033e-01,9.992819526157561416e-01,1.394253593614174225e+00,1.000000000000000000e+00,3.979615323531375815e-01,1.000000000000000000e+00,-5.742856270399465668e-01,9.970794341255214688e-01,3.261181284569982797e-01
1.000000000000000000e+00,-2.622869086160614649e-01,9.967071429110023750e-01,6.836216638145758973e-02,9.981627005689014398e-01,5.384640147968899893e-01,9.978383734139012473e-01,4.451799358276407048e-01,1.000000000000000000e+00,-2.493080716337922720e+00,9.983150561264223510e-01,-4.920384310699998376e-01,9.987463457118370691e-01,1.552415785740696608e+00,1.000000000000000000e+00,7.936645047951358389e-01,1.000000000000000000e+00,-1.559843949530689278e+00,9.954370558423956128e-01,-8.500330728319873685e-01
1.000000000000000000e+00,4.417860230006092070e-01,9.970792153026739602e-01,-1.136800463492431135e-01,9.977226315510457910e-01,1.020381165760025466e+00,9.991624114329969997e-01,4.975687595567344634e-01,9.991906379843447095e-01,-2.075794059607650954e+00,9.993263588413019427e-01,-4.225883510825250156e-01,9.993922601168971909e-01,1.032778150384296101e+00,1.000000000000000000e+00,-3.892840569063614753e-01,1.000000000000000000e+00,-1.302094458675379318e+00,9.968968898385685007e-01,5.696352707366364454e-01
1.000000000000000000e+00,7.601414520051983370e-01,9.962310856566041206e-01,-1.006173138477373663e-01,9.976611379830230275e-01,5.682313300525632105e-02,1.000000000000000000e+00,1.131699030320296728e-01,9.994341176074164057e-01,-2.252768967106098863e+00,1.000000000000000000e+00,-6.157820972145002791e-01,9.992831160847343019e-01,1.395698282436399262e+00,1.000000000000000000e+00,4.046145936036650292e-01,1.000000000000000000e+00,-5.724819262403085807e-01,9.970607377224303125e-01,3.106185245649820681e-01
1.000000000000000000e+00,-2.352681048656977136e-01,9.964720612716108095e-01,3.424232402422617838e-01,9.974810959876484473e-01,5.064807684266885435e-01,9.983679326291181599e-01,1.896481653572232307e-01,1.000000000000000000e+00,-2.605482436397227097e+00,9.981432403449911339e-01,-6.135277389675573012e-01,9.987996280942513794e-01,1.340178448435262348e+00,1.000000000000000000e+00,6.829106769330488547e-01,1.000000000000000000e+00,-1.690432396094201373e+00,9.958692329764636808e-01,-7.661147952554276941e-01
1.000000000000000000e+00,7.571080932443077227e-01,9.962434455052828763e-01,-1.012351237510423219e-01,9.976552956092327173e-01,6.106523117081064100e-02,1.000000000000000000e+00,1.153171113508315304e-01,9.994347165401720190e-01,-2.250577257223147054e+00,1.000000000000000000e+00,-6.117976570661165514e-01,9.992836359582544237e-01,1.397449372081982499e+00,1.000000000000000000e+00,4.095805707565732257e-01,1.000000000000000000e+00,-5.706208175586588993e-01,9.970514089322926043e-01,3.044352252275048243e-01
1.000000000000000000e+00,1.169470790930127180e-02,9.979821862988292880e-01,-8.175292933080662294e-01,9.969887003928159519e-01,1.969095172043062725e-01,9.993328211866049360e-01,3.844842149383666530e-01,9.975995792676753959e-01,-1.996949503536318282e+00,9.984931607274453169e-01,3.190328180053741414e-01,9.973063720123906961e-01,1.418332255233712536e+00,1.000000000000000000e+00,7.809975599472901431e-01,1.000000000000000000e+00,-4.942901649594981794e-01,9.944182197291397962e-01,-1.110801105408320666e+00
1.000000000000000000e+00,1.929736970296025422e-02,9.979740558303443754e-01,-8.133371413010174189e-01,9.969934115039587041e-01,1.982967830785275221e-01,9.993405809790634198e-01,3.915901640266653549e-01,9.975930742976890642e-01,-1.992904296675431119e+00,9.984931968378655265e-01,3.241509038541005583e-01,9.972989073809406246e-01,1.426202834583581325e+00,1.000000000000000000e+00,7.848286142909939311e-01,1.000000000000000000e+00,-4.926676972298724699e-01,9.944134401615882801e-01,-1.107483180558234803e+00
1.000000000000000000e+00,1.645484206735152166e-01,9.974067102602781620e-01,-5.565535800577153802e-01,9.975782442692792129e-01,1.060627544652578691e-01,9.982883187539298708e-01,5.885228852096536789e-01,9.991244108514500954e-01,-2.327733249101974433e+00,1.000000000000000000e+00,-3.346207236733939050e-01,9.989539120174786291e-01,2.040958015062745989e+00,1.000000000000000000e+00,1.037601182909536623e+00,1.000000000000000000e+00,-1.112255941904785939e+00,9.951731547020796764e-01,-1.313894913691477928e+00
1.000000000000000000e+00,1.670887630496801779e-01,9.974063785955225026e-01,-5.541182774736364003e-01,9.975781578148131823e-01,1.083482491986649532e-01,9.982886486727565734e-01,5.908425203221941979e-01,9.991246615266551334e-01,-2.325185475165343796e+00,1.000000000000000000e+00,-3.322745982631599704e-01,9.989539950468810936e-01,2.043179321536264581e+00,1.000000000000000000e+00,1.039897898822082833e+00,1.000000000000000000e+00,-1.109992023702009556e+00,9.951728119561151775e-01,-1.311459527787898649e+00
1.000000000000000000e+00,1.696270287610657235e-01,9.974061077299863909e-01,-5.516651255513581598e-01,9.975780241949757654e-01,1.106746669205340150e-01,9.982889525764542249e-01,5.931565082782024323e-01,9.991249381923871242e-01,-2.322607233658872783e+00,1.000000000000000000e+00,-3.299037931186235006e-01,9.989541022343020327e-01,2.045379008364613949e+00,1.000000000000000000e+00,1.042210547048411540e+00,1.000000000000000000e+00,-1.107680161952757203e+00,9.951724811797519887e-01,-1.308992333169749056e+00
1.000000000000000000e+00,-2.412089114446002158e-01,9.967319712077830074e-01,7.543713726053641322e-02,9.981406468561349055e-01,5.535902854694281228e-01,9.978418999983648119e-01,4.593870112112383719e-01,1.000000000000000000e+00,-2.469338572701656354e+00,9.983370627122384322e-01,-4.702929864876622679e-01,9.987558893660174464e-01,1.568378321407551734e+00,1.000000000000000000e+00,8.142962132794113739e-01,1.000000000000000000e+00,-1.528007057682911229e+00,9.954331413549455387e-01,-8.373716984841186317e-01
9.998968698022728807e-01,8.215157613625505562e-01,9.987848150830551663e-01,-4.172371208051989244e-02,9.982609699378074408e-01,1.268119483408001402e+00,9.992493315643398155e-01,3.335613399564504311e-01,1.000000000000000000e+00,-2.129887777374028790e+00,9.970373986160570023e-01,-1.012603605342755397e+00,9.998969353351898626e-01,4.998898718685872433e-01,9.994876996577684025e-01,-7.368646095625319692e-01,9.999204540580377554e-01,-1.858090180173290307e+00,9.983979329731144103e-01,-1.813761380879210239e-01
1.000000000000000000e+00,-3.607612598735966403e-01,9.969498724249717947e-01,9.585414502615838273e-02,9.973867895718276921e-01,6.742684498590383324e-01,9.976835378094672802e-01,4.372567119525737067e-01,9.992370550112430472e-01,-1.991166846755811237e+00,9.979428990153110801e-01,-4.108715606363467776e-01,9.992539422401679472e-01,1.294992996564911625e+00,1.000000000000000000e+00,6.069267700785753172e-01,1.000000000000000000e+00,-1.559587312264889558e+00,9.960539251723415921e-01,-6.338396455930276341e-01
9.998577866842489614e-01,6.774195034294330231e-01,9.989961211993855228e-01,-1.978927427839822784e-01,9.981627465193835258e-01,1.338152722471957157e+00,9.987419026422946766e-01,4.872410466404198948e-01,1.000000000000000000e+00,-1.743653927794892367e+00,9.969533052637332693e-01,-8.643389918460053778e-01,1.000000000000000000e+00,5.012797868060088202e-01,9.989422404228149865e-01,-7.294867272682421522e-01,9.996230575282222253e-01,-1.769286188084014499e+00,9.984060440859123808e-01,-1.252304033879123035e-01
1.000000000000000000e+00,4.503994972917589323e-01,9.970967506411484438e-01,-1.062973268448000885e-01,9.976940642736585874e-01,1.008008697924337005e+00,9.991483187936363031e-01,5.004139912309608640e-01,9.992008400361346299e-01,-2.062161454627546853e+00,9.993624164758395656e-01,-4.039600462056279762e-01,9.993911363143141990e-01,1.063990929429123211e+00,1.000000000000000000e+00,-3.256443308109157053e-01,1.000000000000000000e+00,-1.255769185872760207e+00,9.968638882315663530e-01,5.418389694726086780e-01
1.000000000000000000e+00,1.339582716581466659e+00,9.992263900887572436e-01,-3.737771585089413873e-01,9.985907711365146211e-01,1.659357329765999145e+00,9.982391356805284666e-01,-3.216188133271692950e-01,1.000000000000000000e+00,-2.637747961074428105e+00,9.976489846525637972e-01,1.214958179527636517e-02,9.985766614396751617e-01,5.626957158792700309e-01,9.986639514824285913e-01,-9.769705016673108089e-02,1.000000000000000000e+00,-1.256788076413299038e+00,9.992356175719793177e-01,2.701041416738372281e-01
1.000000000000000000e+00,6.777199429722335910e-01,9.964017536896245808e-01,-1.309474373525340574e-01,9.975802449648244474e-01,9.196447092310833238e-02,9.998771621403053089e-01,1.036126605708662385e-01,9.994532612018507400e-01,-2.242208535614259368e+00,1.000000000000000000e+00,-5.897586841906299338e-01,9.992943963037664856e-01,1.374595619422138038e+00,1.000000000000000000e+00,4.427537869632808265e-01,1.000000000000000000e+00,-5.736694887678683852e-01,9.969596932177711146e-01,2.184206309896477016e-01
1.000000000000000000e+00,6.415284723476060158e-01,9.964551846166549431e-01,-1.464014408164693859e-01,9.975549435875109561e-01,9.650494516470478623e-02,9.998223480684498288e-01,9.059023794454554301e-02,9.994612947035195205e-01,-2.243988174117050427e+00,1.000000000000000000e+00,-5.888024650866134913e-01,9.992990312641288897e-01,1.356668070751230637e+00,1.000000000000000000e+00,4.465662685586226921e-01,1.000000000000000000e+00,-5.808202800642263686e-01,9.969347813661320057e-01,1.874325708637782917e-01
1.000000000000000000e+00,-7.289592044931597625e-02,9.981559824805890102e-01,-8.326359991940546212e-01,9.968889150221490469e-01,2.380186728977118360e-01,9.991527238560665714e-01,3.076368961744186947e-01,9.977420501786005147e-01,-1.974672625177342100e+00,9.985188893362995088e-01,2.929375819135625059e-01,9.974862171596426963e-01,1.323273424195255066e+00,1.000000000000000000e+00,7.861825647146691853e-01,1.000000000000000000e+00,-4.503229666601009096e-01,9.945222153390248510e-01,-1.089044088642189489e+00
1.000000000000000000e+00,8.386724652544652603e-02,9.975854348436739016e-01,-5.834553160966685637e-01,9.974604370533139974e-01,1.461026808176551783e-01,9.981929221097937122e-01,5.106204780345081629e-01,9.991674120278922766e-01,-2.294803009971148278e+00,1.000000000000000000e+00,-3.242999289296167875e-01,9.990190782580169460e-01,1.924609626840112497e+00,1.000000000000000000e+00,1.026126046459544749e+00,1.000000000000000000e+00,-1.042894028823224684e+00,9.952209887967558011e-01,-1.286431203505018495e+00
1.000000000000000000e+00,9.846213219309524201e-02,9.972592723413277183e-01,-2.517262495286757273e-01,9.968404818602939477e-01,1.404570085897657861e-01,9.987125622040797790e-01,2.605256704640133147e-01,9.994715840212116120e-01,-2.421815581248112359e+00,9.997364741564470636e-01,-4.574079121511573920e-01,9.990447981414276590e-01,1.700063403159108422e+00,1.000000000000000000e+00,9.023616798615430312e-01,1.000000000000000000e+00,-1.219319049047447479e+00,9.956686189040517831e-01,-1.167862012536214467e+00
1.000000000000000000e+00,6.461328573137237186e-01,9.964687549119619625e-01,-1.357767679850823694e-01,9.975461677600870880e-01,1.113930900069440844e-01,9.998079920208937654e-01,1.012983278685360145e-01,9.994656004060331611e-01,-2.229923363198027531e+00,1.000000000000000000e+00,-5.747545366882911289e-01,9.993003404080755825e-01,1.366124120374595519e+00,1.000000000000000000e+00,4.625564374794552958e-01,1.000000000000000000e+00,-5.710352627558508143e-01,9.969246549806534130e-01,1.908815323449883916e-01
1.000000000000000000e+00,7.330519961646789207e-02,9.976189225179469267e-01,-5.845118873959280759e-01,9.974391155630915051e-01,1.571264785997353308e-01,9.981740561957495039e-01,5.004842641834503780e-01,9.991746864946837725e-01,-2.280976955604043344e+00,1.000000000000000000e+00,-3.170250846038927262e-01,9.990323610662841247e-01,1.907330940299285293e+00,1.000000000000000000e+00,1.029494027488983665e+00,1.000000000000000000e+00,-1.025224169986987732e+00,9.952303280104616290e-01,-1.275350882007702191e+00
1.000000000000000000e+00,-4.489940233390641855e-01,9.974162774676033072e-01,-1.674395726604471224e-01,9.975106107995106441e-01,6.828754731702125769e-01,9.986305995176404382e-01,2.101679812248316293e-01,9.990459679561862760e-01,-2.136740716331745560e+00,9.968998721607496005e-01,1.098212861838170906e-01,9.974203777874488530e-01,9.195532555058290036e-01,1.000000000000000000e+00,5.936266294202259264e-01,1.000000000000000000e+00,-9.153675805517615949e-01,9.948401772732399229e-01,-6.219878614066076672e-01
1.000000000000000000e+00,6.760798146931940034e-01,9.964456954786112819e-01,-1.143486911806030348e-01,9.975547771806093644e-01,1.234808766420399662e-01,9.998312856536785143e-01,1.216107901213528963e-01,9.994640982795711670e-01,-2.214666241917600864e+00,1.000000000000000000e+00,-5.610232690785276199e-01,9.992981861846287339e-01,1.388678515172256489e+00,1.000000000000000000e+00,4.763663383945362373e-01,1.000000000000000000e+00,-5.561551593244493663e-01,9.969308096087325932e-01,2.152550974752046042e-01
1.000000000000000000e+00,-2.408483399709663852e-01,9.967151201363247948e-01,2.674723922233037121e-01,9.973664031839422073e-01,5.308740973513210726e-01,9.982890689386649807e-01,1.769246448792402560e-01,1.000000000000000000e+00,-2.520424337338257548e+00,9.982638142460872333e-01,-5.534399244942829199e-01,9.988772270106113238e-01,1.320691126730115350e+00,1.000000000000000000e+00,7.310872057364288246e-01,1.000000000000000000e+00,-1.548780620319244461e+00,9.958553872404538598e-01,-7.610994420026904184e-01
1.000000000000000000e+00,6.769764599173724307e-01,9.964557776039585368e-01,-1.091325741865846188e-01,9.975487016180504263e-01,1.320164733727291484e-01,9.998207492080889436e-01,1.269553724134387385e-01,9.994669378574021490e-01,-2.206891229292404333e+00,1.000000000000000000e+00,-5.531650540991471798e-01,9.992991733561750189e-01,1.393079010730891021e+00,1.000000000000000000e+00,4.854683577283241958e-01,1.000000000000000000e+00,-5.510031227638222395e-01,9.969240724769636852e-01,2.157850367840130068e-01
1.000000000000000000e+00,4.805739889526334796e-01,9.968733685810639011e-01,-3.030914877981010225e-01,9.974528243557788665e-01,2.734762300321105788e-01,9.991586996527347386e-01,2.953027645528270573e-01,9.985217823590888386e-01,-1.766532493320709385e+00,1.000000000000000000e+00,-4.134596431549922846e-01,9.996300167659885050e-01,1.321567801645283868e+00,1.000000000000000000e+00,4.238498706206461630e-01,1.000000000000000000e+00,-5.324588648507452282e-01,9.969959434999116077e-01,2.283402725985684834e-01
1.000000000000000000e+00,6.133594861935665055e-01,9.965486882000254010e-01,-1.347681711458534881e-01,9.975041011984089323e-01,1.404380392345881412e-01,9.997248431945410241e-01,1.029423718472722848e-01,9.994828358131291335e-01,-2.207430871618237589e+00,1.000000000000000000e+00,-5.509963496999783494e-01,9.993087926254106135e-01,1.359876412263991696e+00,1.000000000000000000e+00,4.921847170239312952e-01,1.000000000000000000e+00,-5.625571152029231747e-01,9.968843746181926813e-01,1.654495610041976095e-01
1.000000000000000000e+00,-2.666576697139650398e-01,9.968217567370527554e-01,2.247651813319404002e-01,9.973163690967150607e-01,5.301088971845421272e-01,9.982440647580853588e-01,1.517956285188341581e-01,1.000000000000000000e+00,-2.493566882181401212e+00,9.983030114401096888e-01,-5.408509948566306846e-01,9.989125428187455302e-01,1.289878123824362177e+00,1.000000000000000000e+00,7.367808147406138541e-01,1.000000000000000000e+00,-1.503238065018160263e+00,9.958591987647374966e-01,-7.657230882671515193e-01
9.998734814717867847e-01,6.733808593830458156e-01,9.987343119021223625e-01,-3.761553794747571344e-01,9.978943787477079219e-01,6.544927133791260676e-01,9.987394325726769440e-01,2.907461818950359822e-01,1.000000000000000000e+00,-1.495129574784315629e+00,9.982282965948859887e-01,-8.449729952894566853e-01,1.000000000000000000e+00,7.601979514502892332e-01,1.000000000000000000e+00,-6.857958033570754619e-03,1.000000000000000000e+00,-1.079011906171251756e+00,9.984186865740584116e-01,-4.039801146755386818e-01
1.000000000000000000e+00,1.145244638278961613e+00,9.973768342750981564e-01,-4.499502562526773164e-01,9.979411629225861669e-01,7.221607822185165393e-01,9.986109321331225752e-01,-5.180168245909073654e-01,1.000000000000000000e+00,-2.692668338970964914e+00,1.000000000000000000e+00,4.001778341946073958e-01,9.980932824788919522e-01,1.271788188939560360e+00,1.000000000000000000e+00,9.337390924021078398e-01,1.000000000000000000e+00,-1.756073750567260228e-01,9.979590776876710034e-01,5.556192386744412959e-01
1.000000000000000000e+00,4.702972650741440441e-01,9.967498628483857370e-01,-1.902831368484780850e-01,9.974055713048791683e-01,1.564867538329171026e-01,9.995134005696096891e-01,4.548655474921753372e-02,9.995190450263469195e-01,-2.203295761872396064e+00,1.000000000000000000e+00,-5.452884201050632873e-01,9.993329908482965207e-01,1.281990871419833145e+00,1.000000000000000000e+00,5.041872333401136164e-01,1.000000000000000000e+00,-5.873063508509278607e-01,9.968049135604998279e-01,6.205697703771939633e-02
1.000000000000000000e+00,4.365400106789580348e-01,9.967972688853597996e-01,-2.028993043847023281e-01,9.973819519197161254e-01,1.603398488409957523e-01,9.994632274260037974e-01,3.170230780623733979e-02,9.995277652640390809e-01,-2.200673228348921207e+00,1.000000000000000000e+00,-5.431053162503169940e-01,9.993394064772953556e-01,1.263429456401129247e+00,1.000000000000000000e+00,5.072207409772053754e-01,1.000000000000000000e+00,-5.923293332786503385e-01,9.967869573450655052e-01,3.914477243669312045e-02
1.000000000000000000e+00,-5.406974155648065494e-01,9.977429950821423699e-01,-2.865119571702617884e-01,9.973125393384287829e-01,6.610975966116425795e-01,9.984246527940729976e-01,1.035897345832072214e-01,9.990705180157546383e-01,-2.069506271827162625e+00,9.971513192643268741e-01,9.555854020949428040e-02,9.976805403276869377e-01,8.296763674297776836e-01,1.000000000000000000e+00,6.190722611019640054e-01,1.000000000000000000e+00,-8.120547375981853611e-01,9.949499604215873427e-01,-6.492242739763995907e-01
1.000000000000000000e+00,4.999694730790993913e-01,9.967347780595420259e-01,-1.670329603101024518e-01,9.974103746389105796e-01,1.734643414240122361e-01,9.995300552559898133e-01,6.801359310501103872e-02,9.995199390713804810e-01,-2.184786353984307983e+00,1.000000000000000000e+00,-5.282484724454776792e-01,9.993318678024849522e-01,1.305802301518815378e+00,1.000000000000000000e+00,5.229068744621601095e-01,1.000000000000000000e+00,-5.696359756600188895e-01,9.968073604666506382e-01,8.557071803084490003e-02
1.000000000000000000e+00,3.270445219700512940e-01,9.971038567796515206e-01,-3.419552365641164160e-01,9.973285610572625304e-01,3.005258366975538387e-01,9.989356979807780812e-01,2.237314051914803814e-01,9.986497380427004078e-01,-1.778690984600354241e+00,1.000000000000000000e+00,-4.005086912624582496e-01,9.996357187927900068e-01,1.242456985652136581e+00,1.000000000000000000e+00,4.636158551691961227e-01,1.000000000000000000e+00,-5.511539557068826367e-01,9.968820599002379268e-01,1.065374525278217077e-01
1.000000000000000000e+00,4.498059301044801117e-01,9.968088247613637876e-01,-1.842366938566818435e-01,9.973732677249954603e-01,1.818816291784892403e-01,9.994519950325290170e-01,4.874717311474596748e-02,9.995341572839461231e-01,-2.178249368017999288e+00,1.000000000000000000e+00,-5.226873875135238379e-01,9.993420886913468859e-01,1.278966871993888921e+00,1.000000000000000000e+00,5.301348039700335413e-01,1.000000000000000000e+00,-5.752688232469213014e-01,9.967793462512359870e-01,5.215602804118724123e-02
1.000000000000000000e+00,4.181748087525604674e-01,9.968533145521328853e-01,-1.959671020770680228e-01,9.973510308727532303e-01,1.854759051826239957e-01,9.994049304141416901e-01,3.564963580480284833e-02,9.995423972354369191e-01,-2.175178266548062123e+00,1.000000000000000000e+00,-5.203927231771987572e-01,9.993484486065223882e-01,1.261392183811848700e+00,1.000000000000000000e+00,5.329852010241071802e-01,1.000000000000000000e+00,-5.795504228654864143e-01,9.967630103353297688e-01,3.135414878864051236e-02
1.000000000000000000e+00,2.586963823741622592e-01,9.971999365574711893e-01,-3.625662617386588016e-01,9.972771971754088582e-01,3.078936220913763844e-01,9.988399060760878578e-01,1.903163204509326634e-01,9.986945359980118342e-01,-1.780091361636022995e+00,1.000000000000000000e+00,-3.962612570982164684e-01,9.996426015487441807e-01,1.204470892749584188e+00,1.000000000000000000e+00,4.747006216201194451e-01,1.000000000000000000e+00,-5.597889834724811831e-01,9.968404373982970856e-01,5.836281141547783324e-02
1.000000000000000000e+00,3.825046138927820083e-01,9.969097707829855937e-01,-2.062518916755522458e-01,9.973220883710548490e-01,1.942718663970522119e-01,9.993453317967598837e-01,2.315242119477545213e-02,9.995536925003758455e-01,-2.166135193706013595e+00,1.000000000000000000e+00,-5.130361430368716169e-01,9.993570329546302977e-01,1.243189281695223691e+00,1.000000000000000000e+00,5.412293515307717851e-01,1.000000000000000000e+00,-5.807779360455763706e-01,9.967419268986220660e-01,9.407755486218083441e-03
1.000000000000000000e+00,3.576233863062974749e-01,9.969459474526217724e-01,-2.148448534726264403e-01,9.973037224262614187e-01,1.979320324274643772e-01,9.993069757347859960e-01,1.317882505382567127e-02,9.995604702031937183e-01,-2.162001520256677356e+00,1.000000000000000000e+00,-5.099765745717714793e-01,9.993625867373231442e-01,1.229637985398201794e+00,1.000000000000000000e+00,5.444533464936237577e-01,1.000000000000000000e+00,-5.830530047084525602e-01,9.967288136146450483e-01,-6.104488241582162189e-03
1.000000000000000000e+00,2.099581787558268964e-01,9.972739227056035549e-01,-3.743227913268072360e-01,9.972368197291117120e-01,3.171684798946078909e-01,9.987660099350107457e-01,1.680351365959352472e-01,9.987293969574916330e-01,-1.775472594895098899e+00,1.000000000000000000e+00,-3.884721329372085030e-01,9.996488727079364534e-01,1.178732901751528450e+00,1.000000000000000000e+00,4.872811222078754501e-01,1.000000000000000000e+00,-5.619762730302002574e-01,9.968086307999713958e-01,2.623589856653385510e-02
1.000000000000000000e+00,2.108923673321252412e-01,9.972801170380675151e-01,-3.699203300894359780e-01,9.972326372970093944e-01,3.227733653165964500e-01,9.987604042698663420e-01,1.705890820360436710e-01,9.987349584335142305e-01,-1.770550275736789914e+00,1.000000000000000000e+00,-3.832261048207970533e-01,9.996491842689807505e-01,1.181211905720703115e+00,1.000000000000000000e+00,4.937824133120758408e-01,1.000000000000000000e+00,-5.577303237057356089e-01,9.968050699496342482e-01,2.785865709494556031e-02
1.000000000000000000e+00,2.716927251192005621e-01,9.972341118039097507e-01,-1.017773115990110444e-01,9.973965317588705526e-01,7.235051088348756210e-01,9.991530519744538097e-01,1.469888916106887322e-01,1.000000000000000000e+00,-2.325446727814372672e+00,9.996158252270300748e-01,-4.735699489039135179e-01,9.992249907590953217e-01,1.038858246906123828e+00,1.000000000000000000e+00,8.049228305898031843e-02,1.000000000000000000e+00,-1.057831279795817370e+00,9.965760105165207827e-01,1.480684052666106365e-01
1.000000000000000000e+00,5.009653852639093241e-01,9.984620155000200059e-01,-2.848632289975894238e-01,9.976487995737092218e-01,5.172351585176343525e-01,9.989180864504524360e-01,2.848391909287600887e-02,1.000000000000000000e+00,-1.897111522812713558e+00,9.986329217823665116e-01,-8.366630423687129170e-01,9.999522710572447126e-01,7.792408810263344865e-01,1.000000000000000000e+00,1.981917136665199419e-01,1.000000000000000000e+00,-1.011143861903573526e+00,9.978760486184037326e-01,-4.980820632362312761e-01
1.000000000000000000e+00,2.836183612989541802e-01,9.970683696166432464e-01,-2.332787057851382073e-01,9.972398668379255371e-01,2.201659170433493129e-01,9.991769592012934575e-01,-1.097269573015902111e-02,9.995847743901259408e-01,-2.135949791153573862e+00,1.000000000000000000e+00,-4.890140816894079645e-01,9.993823242431066900e-01,1.193348251194402021e+00,1.000000000000000000e+00,5.660367530273484604e-01,1.000000000000000000e+00,-5.805894758291711977e-01,9.966838172709089338e-01,-4.793852366445894297e-02
1.000000000000000000e+00,1.536663662297809707e-01,9.973700426646083805e-01,-3.818659990850112318e-01,9.971829698076366544e-01,3.361485344458847724e-01,9.986696475438056053e-01,1.456201388242846229e-01,9.987762975835381418e-01,-1.760903489543336642e+00,1.000000000000000000e+00,-3.705110925577494441e-01,9.996573549060348007e-01,1.152058767639644987e+00,1.000000000000000000e+00,5.113112423295462783e-01,1.000000000000000000e+00,-5.571603325836917975e-01,9.967669151020832619e-01,-7.600673368057198065e-03
1.000000000000000000e+00,1.206455025755794608e-01,9.975530984956935132e-01,-2.571266058667379117e-01,9.972985717598776834e-01,7.941988775987265381e-01,9.986279308977914493e-01,2.661208538624272868e-01,9.992395553120323459e-01,-1.948410673620722733e+00,9.994177024427717271e-01,-3.540656324678525535e-01,9.995017430380965795e-01,1.000843981569698338e+00,1.000000000000000000e+00,8.986380372596838861e-02,1.000000000000000000e+00,-9.868342529701685795e-01,9.966411363216188812e-01,1.484871376800222520e-01
1.000000000000000000e+00,6.559166022253507533e-01,9.990303542019665084e-01,-4.689695876908747119e-01,9.978898434131262540e-01,1.287698299590924300e+00,9.978864115342004348e-01,-9.767749587839452685e-02,1.000000000000000000e+00,-2.074087176154024270e+00,9.981084077903883411e-01,-8.653809294644926320e-02,9.992113421065789147e-01,6.641392426529412196e-01,1.000000000000000000e+00,1.235938140181678802e-01,1.000000000000000000e+00,-1.035800407218313790e+00,9.982362900260401961e-01,1.914924289307767813e-02
1.000000000000000000e+00,2.313712311360925089e-01,9.987484447771982632e-01,-3.334646728431270857e-01,9.975701125497092869e-01,9.790796067754095056e-01,9.983492671228946236e-01,2.359351982676307080e-01,1.000000000000000000e+00,-1.756447298715581251e+00,9.979322790371807361e-01,-6.448394438610688395e-01,9.999771287442252854e-01,6.373404567973943724e-01,1.000000000000000000e+00,-1.572200532272619022e-01,1.000000000000000000e+00,-1.303414095629469305e+00,9.975824823823743470e-01,-2.884586991675031076e-01
1.000000000000000000e+00,2.314928705085898542e-01,9.987466918614152922e-01,-3.292238524421987611e-01,9.975628958420019732e-01,9.807462267657778288e-01,9.983441230396602473e-01,2.381397720900078063e-01,1.000000000000000000e+00,-1.750827154197833746e+00,9.979412857995190178e-01,-6.371062502027137198e-01,9.999753683256388248e-01,6.435105990966034639e-01,1.000000000000000000e+00,-1.454177496194849484e-01,1.000000000000000000e+00,-1.293356369365548098e+00,9.975737163147891939e-01,-2.851632258065817105e-01
1.000000000000000000e+00,2.326915258378443319e-01,9.987446526894505627e-01,-3.242277299675977997e-01,9.975562027749682592e-01,9.831338384278207609e-01,9.983395986234553376e-01,2.411739539757781770e-01,1.000000000000000000e+00,-1.744862563975484004e+00,9.979499168129355446e-01,-6.290385181639064349e-01,9.999734974324880898e-01,6.503351238672759882e-01,1.000000000000000000e+00,-1.333871845030443204e-01,1.000000000000000000e+00,-1.283085377520311265e+00,9.975654814187514541e-01,-2.812209460645004877e-01
1.000000000000000000e+00,2.349445007231483751e-01,9.987422837771871009e-01,-3.184666572768384274e-01,9.975499879464855280e-01,9.862296892530667547e-01,9.983356494479087573e-01,2.450465107120425035e-01,1.000000000000000000e+00,-1.738550992567900355e+00,9.979582576939566296e-01,-6.205939762621696110e-01,9.999714739457579160e-01,6.578598477671163680e-01,1.000000000000000000e+00,-1.210587105344895220e-01,1.000000000000000000e+00,-1.272544785251249255e+00,9.975576974400136576e-01,-2.766337050725752311e-01
1.000000000000000000e+00,1.003739258651441535e+00,9.984613813930754977e-01,-4.787176915005203481e-02,9.970181159272724081e-01,8.110139147670269999e-01,9.972272575567331376e-01,6.101726717155098179e-01,1.000000000000000000e+00,-1.985089397250569876e+00,9.958788943219486489e-01,-9.742050734652492050e-01,1.000000000000000000e+00,1.452497322817330794e+00,1.000000000000000000e+00,8.127443605898732049e-02,1.000000000000000000e+00,-8.921604587574150091e-01,9.989468415201273599e-01,3.476258760541047765e-01
1.000000000000000000e+00,5.779539391336731002e-01,9.983182896960015595e-01,-3.944501785933008930e-01,9.976045201597774081e-01,7.782084313023761579e-01,9.976685930312262363e-01,3.108552847300319333e-01,1.000000000000000000e+00,-1.837990903208815308e+00,9.958760023030908126e-01,-4.570853331217490378e-01,9.987746928734567708e-01,1.201337013450058055e+00,1.000000000000000000e+00,1.915360125722084805e-02,1.000000000000000000e+00,-9.660638795858953465e-01,9.969523079745762351e-01,-1.832707637097368836e-01
1.000000000000000000e+00,2.345291642250013076e-01,9.979947233921214744e-01,-6.218788354500208726e-01,9.972920744790019221e-01,6.048409526318618834e-01,9.978887252369628147e-01,-2.983585809362561680e-01,9.992785020170389387e-01,-2.058767220032786671e+00,1.000000000000000000e+00,1.025705005442238416e-01,9.990263660575100513e-01,9.886246446510260633e-01,1.000000000000000000e+00,7.266969879037157298e-01,1.000000000000000000e+00,-4.012043623333517162e-01,9.972263915204196971e-01,5.915982840855071867e-02
1.000000000000000000e+00,-1.279728962216460098e-01,9.978095962045512302e-01,-3.874898034370362065e-01,9.971137213949619049e-01,6.840072684647732215e-01,9.983108235340724113e-01,1.103745049481119345e-01,9.992254146555624716e-01,-1.924444606830169491e+00,9.993603180444126100e-01,-3.592598968552399574e-01,9.995572185163437151e-01,8.870084413259035072e-01,1.000000000000000000e+00,1.722707876348494038e-01,1.000000000000000000e+00,-9.432102748693036443e-01,9.965451414500015037e-01,-5.302329932376850796e-02
1.000000000000000000e+00,6.290797391057302290e-01,9.979160407772322827e-01,-4.701510245990432324e-01,9.972930545761742316e-01,9.578234055530243651e-01,9.970491719778301620e-01,2.461499926172733277e-02,1.000000000000000000e+00,-2.133192476506800439e+00,9.974940319544450817e-01,-2.974366854705972063e-01,9.993973830849832707e-01,1.014804483121356071e+00,1.000000000000000000e+00,1.972134950476520099e-01,1.000000000000000000e+00,-9.109656064547313470e-01,9.969268245262756789e-01,-3.163901354195945981e-01
1.000000000000000000e+00,7.957371383091191852e-01,9.986228704881343621e-01,-2.415999101765416990e-01,9.959758812536083639e-01,1.051204518478405792e+00,9.970343523411614450e-01,8.919555581876414951e-02,9.999341035788471554e-01,-2.430338119923511009e+00,9.974374345966936506e-01,-5.487641977154602557e-01,1.000000000000000000e+00,1.087004197445365694e+00,1.000000000000000000e+00,3.017312318248284164e-01,1.000000000000000000e+00,-8.824565019837122826e-01,9.983428814325890910e-01,-1.318657522235315294e-01
1.000000000000000000e+00,-1.400981887533515879e-01,9.987859243273607968e-01,-5.117236884112514872e-01,9.972864743011458089e-01,7.758806429609275135e-01,9.980063834176203796e-01,2.908635558433533830e-02,1.000000000000000000e+00,-1.812116610033188691e+00,9.981878250391289509e-01,-6.120061198464598062e-01,9.999217574423505672e-01,5.519172039751679693e-01,1.000000000000000000e+00,-4.775276651364215863e-02,1.000000000000000000e+00,-1.221906584579547816e+00,9.972434755037961063e-01,-4.711320388352605582e-01
1.000000000000000000e+00,-6.138362617019510470e-02,9.987595302271186082e-01,-4.601245452675446490e-01,9.973286200661546363e-01,8.230803374059609823e-01,9.980618317046652255e-01,8.514816651302126171e-02,1.000000000000000000e+00,-1.794087742122771445e+00,9.981658803930675283e-01,-5.951908778653839382e-01,9.999145873469097445e-01,5.962919229894793061e-01,1.000000000000000000e+00,-3.426754988333033380e-02,1.000000000000000000e+00,-1.210153589529975537e+00,9.972845006885960872e-01,-4.259313129571749013e-01
1.000000000000000000e+00,6.499232773052988632e-01,9.985609174223997186e-01,-1.963775563414599801e-01,9.970364984495682092e-01,7.267751639330017888e-01,9.973365022484701470e-01,4.470755602639315818e-01,1.000000000000000000e+00,-1.959621970942682312e+00,9.962992509809222019e-01,-8.771618681276072138e-01,9.999261136960353458e-01,1.270579302940845645e+00,1.000000000000000000e+00,8.842339398788073845e-02,1.000000000000000000e+00,-9.288037028054583200e-01,9.984732008996676234e-01,1.310264839017334926e-01
1.000000000000000000e+00,3.319050169224783131e-01,9.993772464427868041e-01,-2.886592627814613676e-01,9.972720578128290159e-01,7.793658193604062756e-01,9.978826734988847091e-01,2.869073019879251896e-01,1.000000000000000000e+00,-1.889410043397215855e+00,9.968881820792416804e-01,-8.006308308634155768e-01,9.998506213814848387e-01,9.420642169352650974e-01,1.000000000000000000e+00,4.280321983150062182e-02,1.000000000000000000e+00,-1.030848696841240475e+00,9.990907473431274166e-01,1.957490599576105217e-01
1.000000000000000000e+00,3.186024087004111216e-01,9.983875705084084284e-01,-2.464891016795526246e-01,9.966464070767488970e-01,8.843037414201596613e-01,9.975251025813161032e-01,1.942888562418211562e-01,9.991521176533841864e-01,-2.214293348091566749e+00,9.965467650726832494e-01,-4.331650601937759859e-01,9.999111834538698673e-01,1.149785635204625844e+00,1.000000000000000000e+00,1.212007595916510111e-01,1.000000000000000000e+00,-8.827074123408154005e-01,9.977462813481424719e-01,-4.016823897315334735e-01
1.000000000000000000e+00,4.435168622434393360e-01,9.988451217444767050e-01,-6.769870714871670803e-01,9.974335966449454638e-01,1.060202769463382877e+00,9.980874649820465905e-01,-2.257572428150619870e-02,9.992382142667218803e-01,-2.003908989729441537e+00,9.960266844431537869e-01,-9.957740399908762696e-02,9.991797340386996407e-01,9.905425001868737311e-01,1.000000000000000000e+00,4.778360705102700778e-02,1.000000000000000000e+00,-8.655371640594750060e-01,9.967032931458474909e-01,-5.384362397318671611e-01
1.000000000000000000e+00,5.244324303065808213e-01,9.993240186947252024e-01,-7.249827688281099691e-01,9.971829731664183516e-01,9.302541170197361486e-01,9.980858910671508433e-01,3.035843580137963238e-02,9.997147241514611204e-01,-2.010985922855271557e+00,9.959577037157589796e-01,-3.796184733005348311e-01,9.995632085719062809e-01,9.591917274888120959e-01,1.000000000000000000e+00,1.842676426729854267e-02,1.000000000000000000e+00,-1.008300567379772694e+00,9.970755351557567536e-01,-3.447242361510615138e-01
1.000000000000000000e+00,4.987891648469090777e-02,9.984557167489470642e-01,-4.355565244567706218e-01,9.968139237834766631e-01,7.271413264122381648e-01,9.975522650303237926e-01,1.076999527349660757e-01,9.990992639991124191e-01,-2.318304587645209747e+00,9.966787261164713474e-01,-5.416363735438909366e-01,9.997034857747125747e-01,1.022627787279523970e+00,1.000000000000000000e+00,-1.219107281726647396e-02,1.000000000000000000e+00,-1.055906322015924159e+00,9.976006252853217848e-01,-5.744497371660555185e-01
1.000000000000000000e+00,6.572421936986182489e-01,9.985756244948416072e-01,1.138379716592913260e-01,9.980498939991693241e-01,1.174597908378575140e+00,9.978547413853294801e-01,4.734990821507556458e-01,1.000000000000000000e+00,-2.098536004199853089e+00,9.964570178000317080e-01,-6.237149726781421322e-01,9.994097292003717437e-01,1.177109601679757311e+00,1.000000000000000000e+00,-1.365380111553803899e-01,1.000000000000000000e+00,-8.762950668914046837e-01,1.000000000000000000e+00,3.428585565435567917e-01
1.000000000000000000e+00,4.474966801511541803e-01,9.986810446499264637e-01,-4.341175703928893959e-01,9.976893597243089440e-01,5.966846772773877206e-01,9.985596555082740799e-01,1.896125983123124747e-01,1.000000000000000000e+00,-1.570717135674489562e+00,9.984141872557675823e-01,-7.820479656531313939e-01,1.000000000000000000e+00,7.399869257800915090e-01,1.000000000000000000e+00,7.859322402912041761e-02,1.000000000000000000e+00,-1.030449443409141574e+00,9.980698304148037936e-01,-4.503865351462111311e-01
1.000000000000000000e+00,2.312650226519605834e-01,9.972163111008853775e-01,-3.829739602902758056e-01,9.972709903887561067e-01,2.940376702820061694e-01,9.988214772141462694e-01,1.707594122474191678e-01,9.986933269531590440e-01,-1.794121690928569102e+00,1.000000000000000000e+00,-4.097228790700958023e-01,9.996446059443129251e-01,1.183381848638566325e+00,1.000000000000000000e+00,4.594040404292354940e-01,1.000000000000000000e+00,-5.748145474948012090e-01,9.968366565410984315e-01,3.716872004414520370e-02
1.000000000000000000e+00,6.053479072691199114e-01,9.979107800559855468e-01,-4.649713362736609956e-01,9.977251227247700971e-01,1.139540476097216981e+00,9.980913380478548813e-01,-1.636539944212506703e-01,9.997518489039736167e-01,-2.378119201086807077e+00,9.995654237846324230e-01,2.535474945912524203e-01,9.985949187509229885e-01,9.760345750936569864e-01,1.000000000000000000e+00,3.342320580672473174e-01,1.000000000000000000e+00,-7.442974449061174891e-01,9.974802753853118098e-01,4.792528041604408040e-01
1.000000000000000000e+00,3.473743603573121175e-01,9.986793416606091212e-01,-4.604905035186800943e-01,9.976000083558419496e-01,5.756988526869608602e-01,9.984694348620665183e-01,1.446332338900509495e-01,1.000000000000000000e+00,-1.591671797332235183e+00,9.984732804482920887e-01,-7.535957187361612686e-01,1.000000000000000000e+00,7.244111201122078736e-01,1.000000000000000000e+00,1.128242604502802948e-01,1.000000000000000000e+00,-1.010220037594341758e+00,9.979316000461280201e-01,-4.716190307986085073e-01
1.000000000000000000e+00,1.001286878943950798e-01,9.975251740226287467e-01,-2.919368751329876055e-01,9.973292765273479299e-01,7.677757177754065410e-01,9.986580010479861880e-01,2.437460897978049323e-01,9.992226334853033798e-01,-1.997837324398144654e+00,9.994165579227154428e-01,-3.969539310111492858e-01,9.994940379387124985e-01,9.669325758653913860e-01,1.000000000000000000e+00,1.954347426679836630e-02,1.000000000000000000e+00,-1.042805327907393664e+00,9.966576776536156812e-01,1.329378865344855443e-01
1.000000000000000000e+00,6.478350309912432881e-01,9.990542515203216789e-01,-5.180628220480956170e-01,9.979361343580136490e-01,1.273416852033974589e+00,9.978804641925659302e-01,-1.435523877360475042e-01,1.000000000000000000e+00,-2.134506289318657490e+00,9.980742867027024845e-01,-1.157780327024739431e-01,9.991843521041552378e-01,6.155073804205954957e-01,9.999466638149655529e-01,5.978432037249509223e-02,1.000000000000000000e+00,-1.089598944263126423e+00,9.983042191381914510e-01,-3.437236153338740774e-03
1.000000000000000000e+00,2.640436607597825280e-01,9.986849583273089692e-01,-4.821778446537119955e-01,9.975250123485440712e-01,5.600195620762316029e-01,9.983903252955259600e-01,1.073630579677852248e-01,1.000000000000000000e+00,-1.604008430236210536e+00,9.985164670686472732e-01,-7.283275813256959719e-01,1.000000000000000000e+00,7.101582736833500498e-01,1.000000000000000000e+00,1.413693437009708176e-01,1.000000000000000000e+00,-9.922925938193134510e-01,9.978201376559057145e-01,-4.887170014196947077e-01
1.000000000000000000e+00,2.006910266693205935e-01,9.971372310521509075e-01,-2.856186651947273947e-01,9.972082481117168218e-01,1.921903423051382620e-01,9.991019139151103845e-01,-6.385438634649626133e-02,9.995901783978722310e-01,-2.160255989643131258e+00,1.000000000000000000e+00,-5.139617291613551853e-01,9.993927974473184594e-01,1.135100902847665738e+00,1.000000000000000000e+00,5.360466166144066680e-01,1.000000000000000000e+00,-6.138581346013638473e-01,9.966624539659862947e-01,-1.071475736794041955e-01
1.000000000000000000e+00,1.461979346209477670e-01,9.973542063380441691e-01,-1.792598517132762415e-01,9.973169329071879252e-01,6.597510804833364162e-01,9.990100769037155715e-01,6.352967969405326487e-02,9.999915702175895538e-01,-2.322835880508768547e+00,9.995895784787786065e-01,-4.922214348204059786e-01,9.992597523013186933e-01,9.707752094065327242e-01,1.000000000000000000e+00,1.005811664526795601e-01,1.000000000000000000e+00,-1.051717995157822383e+00,9.965401036680888724e-01,4.581322127981893311e-02
1.000000000000000000e+00,6.366289654997281389e-01,9.989907108174159722e-01,-6.353600580269764819e-01,9.977911178571811091e-01,8.794280248274919387e-01,9.978485674886394818e-01,-2.587277405096875538e-01,1.000000000000000000e+00,-1.953673329734336939e+00,9.987245023095556729e-01,-1.234624627495848892e-01,9.993622134611593877e-01,7.193935558301280953e-01,1.000000000000000000e+00,4.414732118951811835e-01,1.000000000000000000e+00,-7.131566764827024230e-01,9.984024889313971585e-01,-1.802481295171194930e-01
1.000000000000000000e+00,3.080270380548660869e-02,9.975122341306144058e-01,-4.513686465482084076e-01,9.971176877920214787e-01,3.079413877670152955e-01,9.985416406490834618e-01,7.648871148886496329e-02,9.987999063542045697e-01,-1.790521881706349960e+00,1.000000000000000000e+00,-3.924207063592853872e-01,9.996975698520593756e-01,1.059857826185575558e+00,1.000000000000000000e+00,4.748963289224735762e-01,1.000000000000000000e+00,-6.024230801637734389e-01,9.967351250622146219e-01,-1.010626206314878817e-01
1.000000000000000000e+00,4.678629757990865334e-02,9.974849007006603152e-01,-4.359034572034399257e-01,9.971243282190054291e-01,3.167141580163447268e-01,9.985408244365509001e-01,8.358341833262203369e-02,9.988186326298427176e-01,-1.780641965095808965e+00,1.000000000000000000e+00,-3.819263639458575499e-01,9.996783935550233036e-01,1.079687139780084015e+00,1.000000000000000000e+00,4.886236036236164537e-01,1.000000000000000000e+00,-5.897427652187774427e-01,9.967321054441538042e-01,-8.157365432237745351e-02
1.000000000000000000e+00,6.316932757078043137e-01,9.988571686065292887e-01,-4.086930315036509942e-01,9.978597773520314629e-01,1.143137368275722654e+00,9.981891626080890978e-01,-2.746801552686326531e-01,1.000000000000000000e+00,-2.380859125549366517e+00,9.982863899714187195e-01,-2.143785966050679725e-01,9.990382157461215051e-01,6.320010463708471971e-01,1.000000000000000000e+00,1.412769896091547461e-01,1.000000000000000000e+00,-1.085710047390948674e+00,9.980959842037034901e-01,-9.470232758327851164e-02
1.000000000000000000e+00,5.046180903374621884e-01,9.989759386589338597e-01,-6.472261397038431285e-01,9.976795261063147180e-01,8.304137390132017016e-01,9.978070466670626582e-01,-2.654581813910531496e-01,1.000000000000000000e+00,-1.932509583713639456e+00,9.987491312352390072e-01,-1.526681216317908873e-01,9.994179344112517072e-01,6.985620830041225915e-01,1.000000000000000000e+00,4.410481492132847237e-01,1.000000000000000000e+00,-7.215200561298816817e-01,9.982252027047071596e-01,-2.317550723177851379e-01
1.000000000000000000e+00,2.316710637178759080e-01,9.984957078658811547e-01,-5.189443732014515920e-01,9.977159109442562679e-01,4.105700713453268036e-01,9.986736525186192814e-01,7.204821615403894652e-02,9.990757755935054663e-01,-1.714273253089534821e+00,9.980552389871337748e-01,-8.563233187536561930e-02,9.982685654752087023e-01,1.220461241010771802e+00,1.000000000000000000e+00,4.899225974007558881e-01,1.000000000000000000e+00,-4.810546087433322238e-01,9.973272475358633260e-01,2.391556539306276541e-01
1.000000000000000000e+00,2.829752192335484029e-01,9.979711344274050377e-01,-6.326773618602328231e-01,9.973364676494078651e-01,6.057358205872215295e-01,9.979067584328159546e-01,-3.140324772486969840e-01,9.993014881792761095e-01,-2.089621381743087536e+00,1.000000000000000000e+00,1.191185003062516651e-01,9.989956948976149720e-01,9.899046364395664988e-01,1.000000000000000000e+00,7.175929900140296525e-01,1.000000000000000000e+00,-3.983332460253143914e-01,9.972947099127640325e-01,8.812040029922682538e-02
1.000000000000000000e+00,2.709007131620389530e-01,9.994159604472429015e-01,-4.743078836817896660e-01,9.979494220728578613e-01,8.854141896087300845e-01,9.984318253475250593e-01,1.456221585643811545e-01,1.000000000000000000e+00,-1.725336549710454692e+00,9.965496561550245547e-01,-3.529363595133343523e-01,9.987061860470394237e-01,8.008334390440622341e-01,1.000000000000000000e+00,-4.399423608449062884e-02,1.000000000000000000e+00,-1.085519118654424853e+00,9.978898768071868819e-01,-2.447103904423922338e-02
1.000000000000000000e+00,2.370704246657562297e-02,9.987860441470876038e-01,-4.417501765701881689e-01,9.974048471046583764e-01,8.543794545739553659e-01,9.981721277313768681e-01,1.147096374470365221e-01,1.000000000000000000e+00,-1.789393963031369328e+00,9.980944531165449884e-01,-6.308009286009825800e-01,9.999822160477108701e-01,5.724441947717215928e-01,1.000000000000000000e+00,-1.049943267493525512e-01,1.000000000000000000e+00,-1.259996543106654432e+00,9.974055590551975659e-01,-3.937458726175872559e-01
1.000000000000000000e+00,5.632576865161748048e-01,9.973626029367959056e-01,-2.056516522682831916e-01,9.970842853308924392e-01,9.588935585506423998e-01,9.965742979126342993e-01,1.204131488247532911e-01,1.000000000000000000e+00,-2.367233032343772248e+00,9.978293827792880100e-01,-5.418638485689863948e-01,1.000000000000000000e+00,1.134598561893574331e+00,1.000000000000000000e+00,1.682908578852728709e-01,1.000000000000000000e+00,-7.812538065078630245e-01,9.982820557135403394e-01,-2.726445729973839827e-01
1.000000000000000000e+00,4.843499217240474497e-01,9.983260083927163464e-01,-1.674206405193782998e-01,9.965291574321262225e-01,9.534138553792632642e-01,9.975012730189742882e-01,2.285352061146443403e-01,9.991078392729813018e-01,-2.251820535207628815e+00,9.963293748087391766e-01,-4.185840196495247412e-01,1.000000000000000000e+00,1.213938871555103161e+00,1.000000000000000000e+00,1.221917178933833864e-01,1.000000000000000000e+00,-8.366184242058761766e-01,9.979289150590682222e-01,-3.526215830401534523e-01
1.000000000000000000e+00,4.049598678515261563e-01,9.983700867731786222e-01,-2.130475742921078552e-01,9.965424747234505887e-01,9.112648809679779749e-01,9.975002132056022264e-01,1.918477650046606087e-01,9.991196839127965967e-01,-2.239175015666154955e+00,9.964036822289275008e-01,-4.340071598179675583e-01,1.000000000000000000e+00,1.165326278135577542e+00,1.000000000000000000e+00,1.107754527435368258e-01,1.000000000000000000e+00,-8.568847189974330147e-01,9.978653626932912912e-01,-3.832265954826418186e-01
1.000000000000000000e+00,5.307802347561649814e-01,9.989091893568974312e-01,-7.059634905923763970e-01,9.974080409035691597e-01,1.105871748722113690e+00,9.981218743039617092e-01,-7.377145697196460516e-02,9.992330344391417984e-01,-1.978106855989669510e+00,9.958353981727003923e-01,-5.129842862649039437e-02,9.992689787968734860e-01,9.668153538772314981e-01,1.000000000000000000e+00,3.905306162764907163e-02,1.000000000000000000e+00,-8.213803017257156336e-01,9.966744101186617577e-01,-5.369271408202479501e-01
1.000000000000000000e+00,-2.259023904907866420e-01,9.988324605829721481e-01,-5.739578749387805878e-01,9.972328022745442500e-01,7.178147247632606920e-01,9.979498069134130622e-01,-2.739427825032811348e-02,1.000000000000000000e+00,-1.835725759784625488e+00,9.982254356971226317e-01,-6.271673582494683430e-01,9.999603802505402372e-01,4.927934364524446109e-01,1.000000000000000000e+00,-7.236325578168417705e-02,1.000000000000000000e+00,-1.238612285730144258e+00,9.972085533923571443e-01,-5.275581901358692427e-01
1.000000000000000000e+00,4.760264306454879968e-01,9.986277600649189345e-01,-3.045126172832189337e-01,9.970022070614673604e-01,6.348774762928397486e-01,9.973193207527628612e-01,3.396675584901511225e-01,1.000000000000000000e+00,-1.992599033646313522e+00,9.963824323139909289e-01,-9.103141479050882445e-01,9.999338667888860721e-01,1.147894735706554092e+00,1.000000000000000000e+00,2.629639032301678281e-02,1.000000000000000000e+00,-9.861707834032689135e-01,9.983654930004830508e-01,1.309394713732481286e-02
1.000000000000000000e+00,4.380675574407430495e-01,9.989921341230002527e-01,-3.351188518358020896e-01,9.963417474059471646e-01,7.645335384256173317e-01,9.975413001032570337e-01,1.934112431006022592e-01,9.996809379375978244e-01,-2.172297374648088031e+00,9.963788358693759228e-01,-6.929968703945528219e-01,1.000000000000000000e+00,1.069727909140514743e+00,1.000000000000000000e+00,9.354450691099328030e-02,1.000000000000000000e+00,-9.965151041024764567e-01,9.980818728330113077e-01,-1.953519013016208339e-01
1.000000000000000000e+00,3.374399588461776123e-01,9.990021522951951782e-01,-3.883473360768721072e-01,9.963649306408642881e-01,7.186687342206626861e-01,9.975251909733477973e-01,1.481532611739334038e-01,9.996489573543423379e-01,-2.181410294759152269e+00,9.964486362007283216e-01,-7.052256147742167469e-01,1.000000000000000000e+00,1.016755650401030220e+00,1.000000000000000000e+00,6.842362450728198264e-02,1.000000000000000000e+00,-1.025458453692486005e+00,9.980032217403211892e-01,-2.551150459895837885e-01
1.000000000000000000e+00,7.600745117366752845e-02,9.989202792003982756e-01,-6.052685747138352168e-01,9.967168392885447092e-01,7.122556363377152699e-01,9.977732927125725348e-01,-3.509480162383524920e-02,9.990471016540557470e-01,-2.094020720919820722e+00,9.964127691111499541e-01,-3.602406334101060925e-01,9.994767652897293964e-01,8.752291634411578647e-01,1.000000000000000000e+00,3.592576772608164354e-02,1.000000000000000000e+00,-1.074125096386261857e+00,9.967115298774850141e-01,-5.908629624173087347e-01
1.000000000000000000e+00,3.882327147823184665e-01,9.990089088411694407e-01,-6.080341498392318744e-01,9.969778386348107091e-01,8.846177402038541970e-01,9.977106835839866239e-01,7.897533174036172610e-03,9.997665303124495528e-01,-2.136488264330336673e+00,9.962532702728411627e-01,-5.348089856773090567e-01,1.000000000000000000e+00,9.509870683426333571e-01,1.000000000000000000e+00,-1.187178380403511313e-03,1.000000000000000000e+00,-9.247964817831839657e-01,9.978388688518211591e-01,-3.687496446662658633e-01
1.000000000000000000e+00,2.762536387530805104e-01,9.990113870423933395e-01,-6.594068198729686747e-01,9.969782333143875075e-01,8.220541891885335684e-01,9.976817823424597442e-01,-2.905957574917954547e-02,9.997142982890044882e-01,-2.173469468304005225e+00,9.963189531005499644e-01,-5.697323336358124379e-01,9.999803642297828699e-01,9.007425404264310931e-01,1.000000000000000000e+00,-3.902621651069519693e-02,1.000000000000000000e+00,-9.797860732949040807e-01,9.977750161637353177e-01,-4.375122591094472435e-01
1.000000000000000000e+00,2.187665347525651893e-01,9.993572866247800723e-01,-6.035064997723661451e-01,9.973361708153369865e-01,8.094449679841149159e-01,9.975658630625754419e-01,-2.025038412653597519e-01,9.996382107570672693e-01,-2.116906724601033130e+00,9.962357205892657941e-01,-5.396810631367190414e-01,1.000000000000000000e+00,8.586617628384104473e-01,1.000000000000000000e+00,-1.233640600678729271e-01,1.000000000000000000e+00,-1.128342730803239879e+00,9.977250774223115348e-01,-4.830232765323705935e-01
1.000000000000000000e+00,2.478031869801919362e-01,9.986731036623412994e-01,-7.139697031352922885e-01,9.977545524212024786e-01,7.386851357628798631e-01,9.975875931655545648e-01,-1.919015922074667202e-01,9.990042800654203026e-01,-1.931781159046784824e+00,9.963988074381531224e-01,-4.170107347851220170e-01,9.998109359599898216e-01,7.185047401527064892e-01,1.000000000000000000e+00,-3.074244858997178809e-01,1.000000000000000000e+00,-1.162318536944698666e+00,9.974400145623276703e-01,-6.716847861518047136e-01
1.000000000000000000e+00,1.695433224696239138e+00,9.982411273433549059e-01,1.854186745708438222e-01,9.968247040048465735e-01,8.822739812435260731e-01,9.965832955441232821e-01,9.112090683112114009e-01,1.000000000000000000e+00,-2.253501011748674898e+00,9.946355819792340736e-01,-1.412463459015395939e+00,1.000000000000000000e+00,1.802351913681075057e+00,1.000000000000000000e+00,-1.066108883527351336e-01,1.000000000000000000e+00,-9.402398442403259171e-01,1.000000000000000000e+00,7.609171834061275730e-01
1.000000000000000000e+00,4.444989499302889890e-01,9.968604611913659541e-01,-3.494771016673585695e-01,9.974683409521474253e-01,2.284298255016952717e-01,9.991681247325469029e-01,2.570679758991396002e-01,9.984922223273554609e-01,-1.805754684231906992e+00,1.000000000000000000e+00,-4.571342744197027796e-01,9.996339598330069576e-01,1.280624429119118668e+00,1.000000000000000000e+00,3.710182867211674340e-01,1.000000000000000000e+00,-5.688148675816228073e-01,9.970186349682064186e-01,2.019793393189912578e-01
1.000000000000000000e+00,5.826662983164514475e-01,9.965254578644762162e-01,-1.767199857792718931e-01,9.975228080384616058e-01,9.260889469006006181e-02,9.997492270494477973e-01,6.236857585796790060e-02,9.994709900447641404e-01,-2.255623858552971317e+00,1.000000000000000000e+00,-5.971535724243273169e-01,9.993054889984643863e-01,1.321699459998243009e+00,1.000000000000000000e+00,4.405480960462316298e-01,1.000000000000000000e+00,-5.987820218733810318e-01,9.969061580294741320e-01,1.397816634530154034e-01
1.000000000000000000e+00,5.449385034459950372e-01,9.965796680452337908e-01,-1.912807504680497650e-01,9.974963511459533638e-01,9.768278748968106662e-02,9.996921078777534220e-01,4.838935679755521080e-02,9.994801526771359690e-01,-2.255230711513380726e+00,1.000000000000000000e+00,-5.951896800360214623e-01,9.993109528844164036e-01,1.302403330444876772e+00,1.000000000000000000e+00,4.446890444426173095e-01,1.000000000000000000e+00,-6.056557339487638192e-01,9.968826285615312033e-01,1.105407659049661151e-01
1.000000000000000000e+00,-3.566074477688893074e-01,9.971091881905432830e-01,-9.200658813664452929e-02,9.978841279570735967e-01,5.171057258446998262e-01,9.977374085033815510e-01,3.184816088153659686e-01,1.000000000000000000e+00,-2.427176514456201861e+00,9.984762126438107011e-01,-4.666561214608982988e-01,9.988848205650371348e-01,1.415900055392503187e+00,1.000000000000000000e+00,7.933680431880683059e-01,1.000000000000000000e+00,-1.397893842496161998e+00,9.954786482882989063e-01,-8.921980314012641911e-01
1.000000000000000000e+00,5.615192683615539693e-01,9.965676671531438213e-01,-1.796671975422508560e-01,9.975009489753674519e-01,1.045211620050210677e-01,9.997048453563603942e-01,5.962254808178821253e-02,9.994794997056304364e-01,-2.246973317809976667e+00,1.000000000000000000e+00,-5.877483687898770182e-01,9.993099145631461067e-01,1.314791950268517473e+00,1.000000000000000000e+00,4.524695999575499838e-01,1.000000000000000000e+00,-5.972849645466229429e-01,9.968858021128831348e-01,1.236704160653214202e-01
1.000000000000000000e+00,-3.167018708157841589e-01,9.968406053976796022e-01,1.806815874256241794e-01,9.973137842593131630e-01,4.951971343668594705e-01,9.982248067227955657e-01,1.098658705282085646e-01,1.000000000000000000e+00,-2.531438478394695935e+00,9.982976590868021249e-01,-5.757736717942320004e-01,9.989137570854310644e-01,1.246426648485106314e+00,1.000000000000000000e+00,6.979464899972366299e-01,1.000000000000000000e+00,-1.535156630151228274e+00,9.958620528217118073e-01,-8.048438996919612398e-01
1.000000000000000000e+00,5.739595402054640250e-01,9.965616233299577909e-01,-1.695956040449852487e-01,9.975026112231966113e-01,1.119589660389527230e-01,9.997112549393083469e-01,6.934573528252307995e-02,9.994798676819541816e-01,-2.238590341346770707e+00,1.000000000000000000e+00,-5.800249869859226415e-01,9.993094843418977025e-01,1.325085899337352879e+00,1.000000000000000000e+00,4.607509039885290258e-01,1.000000000000000000e+00,-5.896377275893389669e-01,9.968863881319418585e-01,1.336427006714811516e-01
1.000000000000000000e+00,5.357127629565692217e-01,9.966159715886004911e-01,-1.843878106030665820e-01,9.974760419181494253e-01,1.167099655090884924e-01,9.996540079617487473e-01,5.465845472491978607e-02,9.994893257630780292e-01,-2.237973124833591676e+00,1.000000000000000000e+00,-5.782926144520361689e-01,9.993153756116871511e-01,1.304974398323408113e+00,1.000000000000000000e+00,4.644840804703907478e-01,1.000000000000000000e+00,-5.965359533670344661e-01,9.968636764758388447e-01,1.048289968271544637e-01
1.000000000000000000e+00,-3.507435596782145226e-01,9.971452858381415485e-01,-9.253845443643260449e-02,9.978591293728129585e-01,5.282978687861452638e-01,9.977282387525929774e-01,3.200224331399738054e-01,1.000000000000000000e+00,-2.402873311642287124e+00,9.984925767938302998e-01,-4.500074596412810268e-01,9.988998724937752094e-01,1.415843402432758857e+00,1.000000000000000000e+00,8.081156559147248952e-01,1.000000000000000000e+00,-1.369120244095316075e+00,9.954826641291550926e-01,-8.795215064342385425e-01
1.000000000000000000e+00,5.556701737738167779e-01,9.966013267921352003e-01,-1.705698202561350962e-01,9.974817468167318513e-01,1.247589255231941197e-01,9.996696023564397571e-01,6.809702537141237855e-02,9.994884620185291446e-01,-2.228357335787824134e+00,1.000000000000000000e+00,-5.695809790096004743e-01,9.993140436656463566e-01,1.319824520386966071e+00,1.000000000000000000e+00,4.736430033534065887e-01,1.000000000000000000e+00,-5.866243099966207408e-01,9.968675616584720123e-01,1.204842070060730130e-01
1.000000000000000000e+00,5.175983129853918285e-01,9.966550538735239329e-01,-1.852189109988380822e-01,9.974553868172285620e-01,1.292797594252614313e-01,9.996129431997268222e-01,5.314907195074544677e-02,9.994980008974582164e-01,-2.227343503203817576e+00,1.000000000000000000e+00,-5.678596610294335267e-01,9.993202177882051229e-01,1.299463715790452500e+00,1.000000000000000000e+00,4.771279286978445389e-01,1.000000000000000000e+00,-5.933206803038595378e-01,9.968457474125816953e-01,9.253145125945361205e-02
1.000000000000000000e+00,4.809794929109682537e-01,9.967066453787772895e-01,-1.990623256638007210e-01,9.974298797002759676e-01,1.336502316635523047e-01,9.995583636890095214e-01,3.863351718553570402e-02,9.995072989119756501e-01,-2.225600387021439808e+00,1.000000000000000000e+00,-5.658440112353391171e-01,9.993265006101070824e-01,1.279747063510631611e+00,1.000000000000000000e+00,4.805486822921370416e-01,1.000000000000000000e+00,-5.994016155261936429e-01,9.968252323012132265e-01,6.639531505904838760e-02
1.000000000000000000e+00,-3.026426229336393048e-02,9.975130071800218934e-01,-3.383038020494754106e-01,9.967485143292420524e-01,1.611215193027604742e-01,9.985336856245006221e-01,1.631372626359873235e-01,9.994832198775761567e-01,-2.367672397808104012e+00,9.996996492910308341e-01,-4.435019770866776012e-01,9.991291837044398161e-01,1.557800605031839147e+00,1.000000000000000000e+00,8.855644588882753965e-01,1.000000000000000000e+00,-1.136696835916709780e+00,9.956996598668649279e-01,-1.155262194007908860e+00
1.000000000000000000e+00,4.722697433545439694e-01,9.967291700149010225e-01,-1.976739237597890941e-01,9.974176528646279127e-01,1.425449187793432770e-01,9.995347861842179826e-01,3.923301953285679433e-02,9.995127893895037197e-01,-2.217213981998789496e+00,1.000000000000000000e+00,-5.580612505679819479e-01,9.993296911098992208e-01,1.277991402589984560e+00,1.000000000000000000e+00,4.896231190507755460e-01,1.000000000000000000e+00,-5.957938250894669885e-01,9.968150970256994814e-01,6.137471250092613184e-02
1.000000000000000000e+00,-3.297421341841338949e-02,9.975314371274561775e-01,-3.378226238159121597e-01,9.967407658880688137e-01,1.688312584694614538e-01,9.985213793584825082e-01,1.615990181538058124e-01,9.994858096809171588e-01,-2.355702091370392992e+00,9.996971675316910222e-01,-4.361160970270245296e-01,9.991366820274437677e-01,1.552651334529575822e+00,1.000000000000000000e+00,8.908519377492809532e-01,1.000000000000000000e+00,-1.124124501717232993e+00,9.957023743220883016e-01,-1.146809966197101849e+00
1.000000000000000000e+00,-4.729739523324825723e-01,9.975855204062143988e-01,-3.029360521378597348e-01,9.977127307890527597e-01,6.700847274543759724e-01,9.971505584430785385e-01,5.007954435817923988e-01,9.990837305105971788e-01,-1.866700469863779244e+00,9.983196580753372906e-01,-2.791723626581518736e-01,9.993118052216074521e-01,1.343539007890247605e+00,1.000000000000000000e+00,7.369467294747884534e-01,1.000000000000000000e+00,-1.247857487281432531e+00,9.956768771061259571e-01,-7.573435224500890683e-01
1.000000000000000000e+00,5.021786034740249871e-01,9.988009549133036735e-01,-2.547054068648728631e-01,9.978981158169377697e-01,1.144985404086846792e+00,9.986253664809615627e-01,3.810763198195036283e-01,1.000000000000000000e+00,-1.780026770646522039e+00,9.975088459371543870e-01,-7.663212491586082198e-01,1.000000000000000000e+00,6.045669683764575142e-01,9.999966345516709820e-01,-4.412650066322151288e-01,1.000000000000000000e+00,-1.533930188632748770e+00,9.979922685767850243e-01,-2.013035734339440053e-01
1.000000000000000000e+00,5.632011559189439298e-01,9.986974428129988812e-01,-4.029524597634160377e-01,9.977917291166937819e-01,6.249383125811018846e-01,9.986558124159133909e-01,2.420555496351586011e-01,1.000000000000000000e+00,-1.536803814177401195e+00,9.983320812485990681e-01,-8.123799326094895967e-01,1.000000000000000000e+00,7.549941126620622889e-01,1.000000000000000000e+00,3.897561473903282669e-02,1.000000000000000000e+00,-1.052555812443082495e+00,9.982374898891664960e-01,-4.251454000007160450e-01
1.000000000000000000e+00,4.690272625279346408e-01,9.967644412010351340e-01,-1.849510646304543537e-01,9.973970547382495777e-01,1.664175473072935785e-01,9.994983647170733176e-01,4.995757631214320371e-02,9.995235071141863603e-01,-2.193322656826839800e+00,1.000000000000000000e+00,-5.361862873056997270e-01,9.993353727294855826e-01,1.284859832369199983e+00,1.000000000000000000e+00,5.145490224120234934e-01,1.000000000000000000e+00,-5.811726435935253843e-01,9.967978555067976698e-01,6.275125476405918334e-02
1.000000000000000000e+00,8.004504878603573292e-01,9.977085729782138035e-01,-5.928758631414359215e-01,9.977253921897774047e-01,7.477878104565476303e-01,9.981195582205552030e-01,-3.190024395698549675e-01,9.993439833315589382e-01,-2.248649678263722418e+00,1.000000000000000000e+00,3.580825616086244501e-01,9.985832589928955727e-01,1.173213519649764169e+00,1.000000000000000000e+00,8.148155438577227017e-01,1.000000000000000000e+00,-2.422714821120836026e-01,9.977906020448343849e-01,4.356981023408372788e-01
1.000000000000000000e+00,2.238293445638766255e-01,9.972201325706402386e-01,-3.888363226288842900e-01,9.972697031298034531e-01,2.898221445778871308e-01,9.988170276019769922e-01,1.652987725074817338e-01,9.986924668786377746e-01,-1.798302071195472696e+00,1.000000000000000000e+00,-4.137849638825686349e-01,9.996451168046028846e-01,1.177518023645188538e+00,1.000000000000000000e+00,4.547199181796681700e-01,1.000000000000000000e+00,-5.792128395042646094e-01,9.968359660573877790e-01,3.135835004074316590e-02
1.000000000000000000e+00,2.201491909745287856e-01,9.972304275214980418e-01,-3.871615637984732738e-01,9.972635678505821222e-01,2.940654663197735941e-01,9.988071615875129261e-01,1.649231621013668159e-01,9.986990382229326002e-01,-1.794904906621213714e+00,1.000000000000000000e+00,-4.098987232398303981e-01,9.996458579904275998e-01,1.176815714747469821e+00,1.000000000000000000e+00,4.598476566265129462e-01,1.000000000000000000e+00,-5.768594686662105175e-01,9.968308563500953845e-01,2.943202341819467494e-02
1.000000000000000000e+00,3.971684049500307512e-01,9.986781339565463655e-01,-4.441059154345617932e-01,9.976401891523777321e-01,5.887393426618038328e-01,9.985120434923210331e-01,1.687993750439259477e-01,1.000000000000000000e+00,-1.579398554248519382e+00,9.984478370671102665e-01,-7.629611605751577263e-01,1.000000000000000000e+00,7.357948662438754672e-01,1.000000000000000000e+00,1.017408833175273419e-01,1.000000000000000000e+00,-1.015823758719272440e+00,9.979928632576245962e-01,-4.582617149435167514e-01
1.000000000000000000e+00,4.146437782397898175e-01,9.985672517497615752e-01,-2.021960710724901022e-01,9.977533606438118152e-01,9.408202662350593215e-01,9.988692560611878157e-01,1.305514373924913651e-01,1.000000000000000000e+00,-2.119101927434944965e+00,9.979033301893873720e-01,-8.279689238256681127e-01,9.997731699276111161e-01,6.141698922179954501e-01,1.000000000000000000e+00,-2.655168532451458452e-01,1.000000000000000000e+00,-1.463388563109731422e+00,9.976882658857648689e-01,-3.323033337068680426e-01
1.000000000000000000e+00,7.284523983495923005e-01,9.990065177733919999e-01,-6.417056703313779309e-01,9.978863038355325621e-01,9.119738194447197799e-01,9.978627990308824858e-01,-2.756195079776544432e-01,1.000000000000000000e+00,-1.978281366626816862e+00,9.986949716568959134e-01,-1.054515729668425994e-01,9.992953031499273164e-01,7.266062887725940334e-01,1.000000000000000000e+00,4.367421371552107079e-01,1.000000000000000000e+00,-7.112646147963563870e-01,9.985486064834747655e-01,-1.456800061421135717e-01
1.000000000000000000e+00,7.864721705686394948e-02,9.974109584147409224e-01,-4.403500510694022263e-01,9.971676257487213091e-01,2.943306373156960865e-01,9.986228692661628381e-01,9.080165450377239433e-02,9.987686221142454412e-01,-1.798570598676767940e+00,1.000000000000000000e+00,-4.088420966356936526e-01,9.996647029905745274e-01,1.093576167952522438e+00,1.000000000000000000e+00,4.659870771265323119e-01,1.000000000000000000e+00,-5.996046724607460021e-01,9.967578391632937462e-01,-6.517036870524645087e-02
1.000000000000000000e+00,9.463604600918265608e-02,9.973998626370362830e-01,-4.292118728369536118e-01,9.971724794208560727e-01,3.014163261929972970e-01,9.986351227167266087e-01,1.017777896051255959e-01,9.987684340551022943e-01,-1.792252325698190596e+00,1.000000000000000000e+00,-4.024734821699725851e-01,9.996629864995345560e-01,1.105361754860601620e+00,1.000000000000000000e+00,4.735061438805757139e-01,1.000000000000000000e+00,-5.919638252151825375e-01,9.967611006007143226e-01,-5.330234281963397436e-02
1.000000000000000000e+00,3.319616821309310795e-01,9.985687447125044525e-01,-2.324671475095962392e-01,9.976650206424004796e-01,8.964916301174401525e-01,9.987801751706638642e-01,8.847332913119898556e-02,1.000000000000000000e+00,-2.107594897405177914e+00,9.980002372313216963e-01,-7.979457236681177790e-01,9.997647425321019021e-01,6.125962186474227522e-01,1.000000000000000000e+00,-2.004728653370174141e-01,1.000000000000000000e+00,-1.409021183936837174e+00,9.975844468497019335e-01,-3.596461438247079978e-01
1.000000000000000000e+00,6.245919535146591262e-01,9.989855060458474600e-01,-6.424290339539122652e-01,9.977919518738548321e-01,8.753170545069626218e-01,9.978365739693848546e-01,-2.731335985298757874e-01,1.000000000000000000e+00,-1.954656972258804304e+00,9.987183573645075363e-01,-1.280180706747020003e-01,9.993424659743078697e-01,7.177162675929791291e-01,1.000000000000000000e+00,4.435491889934172760e-01,1.000000000000000000e+00,-7.132458976308955201e-01,9.983936145800693662e-01,-1.828801325034732916e-01
1.000000000000000000e+00,-5.074855887452858760e-02,9.981393785654097961e-01,-3.374904073527877912e-01,9.975534461794626218e-01,9.455680690427867296e-02,9.993412119722939746e-01,4.747737812469146057e-01,9.985988727364059070e-01,-1.365300424598834494e+00,9.977463145646972009e-01,-6.026495499831899805e-01,9.987856524079296028e-01,1.320509129140646332e+00,1.000000000000000000e+00,2.354577222864733255e-01,1.000000000000000000e+00,-6.834518311492419063e-01,9.967681667163139636e-01,7.650545094073316066e-02
1.000000000000000000e+00,4.522568966615384545e-01,9.978768346022943714e-01,-6.083015371247710856e-01,9.974586601033217370e-01,6.540169695624202806e-01,9.979984857329778913e-01,-3.035306214776452571e-01,9.993079769671525669e-01,-2.131602284461128871e+00,1.000000000000000000e+00,1.867801496863630839e-01,9.988693616557943189e-01,1.057973754108733067e+00,1.000000000000000000e+00,7.564480779797240206e-01,1.000000000000000000e+00,-3.461554658176439481e-01,9.974376615945470537e-01,2.000186468639388593e-01
1.000000000000000000e+00,4.577983966801010274e-01,9.990185421466651894e-01,-5.477928427358926822e-01,9.977618300597431711e-01,1.156900232249251870e+00,9.978221649307522645e-01,-1.679037219216976962e-01,1.000000000000000000e+00,-2.084481840062662350e+00,9.981843945027460974e-01,-1.622753982728067090e-01,9.992798107801873497e-01,5.992222645513173296e-01,1.000000000000000000e+00,1.036092164813858518e-01,1.000000000000000000e+00,-1.059322704627755352e+00,9.980585246033227831e-01,-9.694715869835043853e-02
1.000000000000000000e+00,6.486693516714143737e-01,9.982154164462393453e-01,-5.040979137610170913e-01,9.975749772630331247e-01,4.590318753281725228e-01,9.976276852551885233e-01,2.283022308293889968e-01,1.000000000000000000e+00,-1.736494755263293888e+00,9.960786786917096292e-01,-5.012745224859136428e-01,9.987975078935975581e-01,1.313885084912158163e+00,1.000000000000000000e+00,2.499183183592411650e-01,1.000000000000000000e+00,-7.092072884048195025e-01,9.970545350208781521e-01,-3.150641516299456657e-01
1.000000000000000000e+00,-1.461956092755967995e-01,9.977976017955165755e-01,-4.194142627855795835e-01,9.971339755018956419e-01,6.589746452799200016e-01,9.983401275695801269e-01,8.314335663806385335e-02,9.992277064680785692e-01,-1.955298783428455200e+00,9.993606408030026866e-01,-3.962964285317072122e-01,9.995652410124759024e-01,8.515603884418317948e-01,1.000000000000000000e+00,1.163337496295068219e-01,1.000000000000000000e+00,-9.859207681921925426e-01,9.965590793796258451e-01,-6.375769627310104437e-02
1.000000000000000000e+00,6.259259484545500740e-01,9.978821978163580075e-01,-5.190765764203753019e-01,9.973024848135166875e-01,9.257774168331982523e-01,9.969980406822278596e-01,-1.949405414711519180e-02,1.000000000000000000e+00,-2.188291866883973036e+00,9.974203590115626739e-01,-3.379640577159523374e-01,9.993918247768810437e-01,9.828891946732685181e-01,9.999501406249569069e-01,1.405609958704469864e-01,1.000000000000000000e+00,-9.535115831458438329e-01,9.969214528156837840e-01,-3.531517985451944619e-01
1.000000000000000000e+00,7.865255886016084830e-01,9.987475839114983156e-01,-5.769759036330496249e-01,9.968817609256892531e-01,7.938146668814405338e-01,9.971089229299051615e-01,5.111219170221745212e-02,1.000000000000000000e+00,-2.104725497473685980e+00,9.971974768561786551e-01,-6.801769486268807174e-01,1.000000000000000000e+00,9.407858619913552767e-01,1.000000000000000000e+00,1.504723100747321074e-01,1.000000000000000000e+00,-1.084169022345303102e+00,9.974482816233363192e-01,-2.676475201449279862e-02
1.000000000000000000e+00,3.353051682977643833e-02,9.981045268102568535e-01,-7.175912333581340175e-01,9.971946921983737555e-01,5.147028128496630162e-01,9.977824211973038704e-01,-3.835046517167138846e-01,9.992600930454657027e-01,-2.067755700040577072e+00,9.999701314238380601e-01,1.259268346709321862e-02,9.991176144950660865e-01,8.699140364082886823e-01,1.000000000000000000e+00,6.463186135815915945e-01,1.000000000000000000e+00,-4.814522215821209761e-01,9.971227420706898492e-01,-7.797498445786479881e-02
1.000000000000000000e+00,3.021971023161782455e-01,9.981655068757419036e-01,-4.505822765118783213e-01,9.964332195301088824e-01,7.313463018163511853e-01,9.980046564722855340e-01,5.684709963410072842e-02,9.981439813691008744e-01,-2.197793974847672693e+00,9.968993548026423568e-01,-6.551229116571652411e-02,9.992210624335126079e-01,1.256112722001395898e+00,1.000000000000000000e+00,2.765312029822469264e-01,1.000000000000000000e+00,-7.719210064246201375e-01,9.960948068505695030e-01,-2.216326237035213531e-01
1.000000000000000000e+00,3.423080412927910210e-01,9.988861352593810805e-01,-5.002467579481004734e-01,9.966710459403391731e-01,8.382501063188869672e-01,9.978749169009714093e-01,4.208223323026219487e-02,9.990042210741165718e-01,-2.069608869036621446e+00,9.961132111499668707e-01,-2.825305178368545667e-01,9.995289449291807626e-01,9.959658542538262216e-01,1.000000000000000000e+00,8.728009774648511077e-02,1.000000000000000000e+00,-1.003600004960035541e+00,9.967290415509557633e-01,-4.829468639706128164e-01
1.000000000000000000e+00,2.838186090256581418e-01,9.988995302111154384e-01,-5.236688264605666721e-01,9.966736336405285224e-01,8.100630899214761316e-01,9.978554913101831403e-01,1.945758498311464524e-02,9.990166603386915201e-01,-2.065368313371858999e+00,9.961793955109309318e-01,-2.981983003185914027e-01,9.995272411740768748e-01,9.667400972276811721e-01,1.000000000000000000e+00,8.126379364831833041e-02,1.000000000000000000e+00,-1.011851755311215406e+00,9.967212819113994149e-01,-5.023902852507210470e-01
1.000000000000000000e+00,5.659415747709045652e-01,9.990171335187597590e-01,-5.532861260033252737e-01,9.969570429032565961e-01,9.774174690847413638e-01,9.977363705392323645e-01,2.829391254249728760e-02,9.998652419859108686e-01,-2.091917964207259395e+00,9.960749284825681782e-01,-4.982098925064147865e-01,1.000000000000000000e+00,1.019557485153362641e+00,1.000000000000000000e+00,4.438674260662252291e-02,1.000000000000000000e+00,-8.379570386529215931e-01,9.979631099441703679e-01,-2.670293069127624985e-01
1.000000000000000000e+00,2.866786831072668518e-01,9.990204176226818999e-01,-4.198956308097775425e-01,9.963281015447482680e-01,6.895842600153084812e-01,9.974940282069698627e-01,9.458734677888450126e-02,9.996587111196587605e-01,-2.168877532026809440e+00,9.964551445091722748e-01,-7.188126770976621671e-01,1.000000000000000000e+00,9.846045957877642696e-01,1.000000000000000000e+00,6.723177054357006022e-02,1.000000000000000000e+00,-1.020928648364106461e+00,9.979722092724858662e-01,-2.708376961077662015e-01
1.000000000000000000e+00,2.221208730228835249e-01,9.990276906937801682e-01,-4.529409308331236450e-01,9.963405237042701756e-01,6.612923241457173695e-01,9.974812787324012220e-01,6.540962672040021020e-02,9.996399186676039328e-01,-2.171045142529940186e+00,9.965030847085256660e-01,-7.241261552202710172e-01,1.000000000000000000e+00,9.511894915411223117e-01,1.000000000000000000e+00,5.410010894084870542e-02,1.000000000000000000e+00,-1.036524556004134956e+00,9.979193542253224081e-01,-3.076488202423426355e-01
1.000000000000000000e+00,3.039653874574887449e-01,9.990451434462328528e-01,-6.579689259724568196e-01,9.969266594291704697e-01,8.408251164868999483e-01,9.976656803098978843e-01,-7.245932844288821562e-02,9.997777261314535480e-01,-2.108909247586514546e+00,9.962871872593762612e-01,-5.457072716624411512e-01,1.000000000000000000e+00,8.932592369881913186e-01,1.000000000000000000e+00,-1.776026757177209814e-03,1.000000000000000000e+00,-9.149909044220810861e-01,9.977789520803684864e-01,-3.983666421679301073e-01
1.000000000000000000e+00,2.195553308117028091e-01,9.990527400477436926e-01,-6.940582604791890597e-01,9.969165628798026813e-01,7.958678534110354974e-01,9.976386465416605676e-01,-1.043910625187328967e-01,9.997454205525662108e-01,-2.122924775908110462e+00,9.963457740953289843e-01,-5.648427558965941619e-01,1.000000000000000000e+00,8.527325284501579006e-01,1.000000000000000000e+00,-2.182987539085720283e-02,1.000000000000000000e+00,-9.457774847608565461e-01,9.977244804538681899e-01,-4.450338003304661338e-01
1.000000000000000000e+00,1.538804292881018887e-01,9.990534374203597912e-01,-7.233406172323580963e-01,9.969126383335297215e-01,7.605428208211795216e-01,9.976149951570132401e-01,-1.263252713478197620e-01,9.997154570481471270e-01,-2.139243877099951341e+00,9.963878258995045867e-01,-5.806147759073065906e-01,9.999981968478682814e-01,8.226946530505664379e-01,1.000000000000000000e+00,-4.125777549364605112e-02,1.000000000000000000e+00,-9.745593838856736468e-01,9.976810906573507776e-01,-4.833880803482469291e-01
1.000000000000000000e+00,1.034135722503722044e-01,9.990487248922491625e-01,-7.465933239108153430e-01,9.969150816584557706e-01,7.329692906191167534e-01,9.975967044470660516e-01,-1.393473662141462843e-01,9.996869750862412696e-01,-2.159568431961301105e+00,9.964159667176468727e-01,-5.954023966378062527e-01,9.999657507064063644e-01,8.017898083073373705e-01,1.000000000000000000e+00,-6.060349228743929645e-02,1.000000000000000000e+00,-1.002913199636245034e+00,9.976489131931881582e-01,-5.157656422300076482e-01
1.000000000000000000e+00,9.711209180539009944e-02,9.993955514552086417e-01,-6.642411423246868951e-01,9.972687593993505573e-01,7.504223139138240795e-01,9.974902991290086618e-01,-2.958217127357273823e-01,9.996349474439388816e-01,-2.088095637223852385e+00,9.963007959661036583e-01,-5.506494444572324065e-01,1.000000000000000000e+00,7.813004982140616672e-01,1.000000000000000000e+00,-1.270208274057102460e-01,1.000000000000000000e+00,-1.127671245013622592e+00,9.976307621280587901e-01,-5.316005735898066131e-01
1.000000000000000000e+00,1.819004039900740111e-01,9.987117907628582092e-01,-7.472199834653696637e-01,9.977071799538016483e-01,7.088453991039658231e-01,9.975359610057242810e-01,-2.698232205638494974e-01,9.989819448492167631e-01,-1.874495374964532113e+00,9.964362380066241753e-01,-4.068466723225546144e-01,9.998657039396320334e-01,6.486017888776736129e-01,1.000000000000000000e+00,-3.024317205432803246e-01,1.000000000000000000e+00,-1.142139221826830475e+00,9.973757444440666253e-01,-7.015677265085848990e-01
1.000000000000000000e+00,1.289753454048023218e-02,9.984267311756878094e-01,-6.781465722492171500e-01,9.979817077707872075e-01,7.211852820634548911e-01,9.978817286845312884e-01,-3.073773408176607158e-01,9.992053659382820197e-01,-1.867091351387620612e+00,9.967547130977975067e-01,-4.679539596432151227e-01,9.999589830131435653e-01,5.703777428227262414e-01,1.000000000000000000e+00,-2.522020805706910451e-01,1.000000000000000000e+00,-1.274138010659741749e+00,9.970397704227755842e-01,-6.862490884169453187e-01
1.000000000000000000e+00,-4.919961556865413976e-02,9.986060056506743665e-01,-6.708601029802798710e-01,9.977189784504365555e-01,7.874957713194621345e-01,9.982820917854808851e-01,-3.008476193443029301e-01,9.991267374361616493e-01,-1.826197556442878511e+00,9.967801929596774579e-01,-4.246426777908413053e-01,1.000000000000000000e+00,5.536391934687332483e-01,1.000000000000000000e+00,-3.021594795810675915e-01,1.000000000000000000e+00,-1.388165645008503368e+00,9.968725621168021966e-01,-7.186891564446965530e-01
1.000000000000000000e+00,2.167476311707160264e+00,9.971519549766033608e-01,-3.280815241130043414e-01,9.965588085097919491e-01,1.571791806873067854e+00,9.960101725147689766e-01,5.099735875713947708e-01,9.988610830782943539e-01,-1.696124853814144018e+00,9.939286452328195409e-01,-1.611799290658392225e-01,9.994149183323791652e-01,1.436038521834234860e+00,1.000000000000000000e+00,-3.572464679867936588e-01,9.997158252332341011e-01,-4.692429641275070451e-01,9.976995350319723954e-01,2.172572377711243230e-01
9.997868229647113303e-01,6.655594564507280042e-01,9.990653932166304596e-01,-2.142171319429995169e-01,9.982077838807420500e-01,1.363464765242578647e+00,9.987260788238349063e-01,4.771678552070122148e-01,1.000000000000000000e+00,-1.743032170092730260e+00,9.968023468624436223e-01,-9.061550192044380836e-01,1.000000000000000000e+00,4.350350220865432105e-01,9.986668994929330800e-01,-8.160337549255893830e-01,9.994623107560073327e-01,-1.844378004311965524e+00,9.985081351317919296e-01,-1.273167267258832891e-01
1.000000000000000000e+00,5.750362238387970448e-01,9.966426165517359159e-01,-3.069607580102526878e-01,9.975852127561282146e-01,2.154625388076746861e-01,9.993402610681626497e-01,3.255739260949219727e-01,9.983086800441364206e-01,-1.730231878231486498e+00,1.000000000000000000e+00,-4.555702849992354642e-01,9.996674085556448430e-01,1.330068897654703708e+00,1.000000000000000000e+00,3.225888321617668697e-01,1.000000000000000000e+00,-5.446946865023688522e-01,9.971898937544535491e-01,3.743277867810890780e-01
1.000000000000000000e+00,7.613653212921156488e-01,9.962165434020422428e-01,-1.018310212814081406e-01,9.976682226114634844e-01,4.992009777509576196e-02,1.000000000000000000e+00,1.081867547150578979e-01,9.994336637479449559e-01,-2.257199964539140069e+00,1.000000000000000000e+00,-6.226414702391569467e-01,9.992827069244741844e-01,1.390971338422777315e+00,1.000000000000000000e+00,3.965344521360830710e-01,1.000000000000000000e+00,-5.764434235880138147e-01,9.970730261081452994e-01,3.168010190355383671e-01
1.000000000000000000e+00,7.432749843364965248e-01,9.962514896158839450e-01,-1.143562849524615288e-01,9.976535786342182188e-01,5.172335517469334176e-02,1.000000000000000000e+00,1.037506535976958633e-01,9.994341140219411557e-01,-2.261497012356340264e+00,1.000000000000000000e+00,-6.218352205052759540e-01,9.992847166744878162e-01,1.385346524837839599e+00,1.000000000000000000e+00,3.994229664350543163e-01,1.000000000000000000e+00,-5.791968071219211200e-01,9.970503096873715165e-01,2.916546557369358306e-01
1.000000000000000000e+00,7.196603098286300515e-01,9.962922823541771056e-01,-1.277235123769329128e-01,9.976356103397823194e-01,5.461720615797821532e-02,9.999880471266269222e-01,9.705349646802483021e-02,9.994367422263418232e-01,-2.265223978127374416e+00,1.000000000000000000e+00,-6.208705926292814592e-01,9.992871655982150658e-01,1.376351945022692647e+00,1.000000000000000000e+00,4.029011684629698609e-01,1.000000000000000000e+00,-5.834040641868171173e-01,9.970262068839479408e-01,2.642458662306270134e-01
1.000000000000000000e+00,-3.095273754513423459e-01,9.983245342243923792e-01,-7.566859817380724440e-01,9.974819477696744707e-01,9.603918295202564792e-01,9.973191785937483012e-01,4.938929249054217485e-01,1.000000000000000000e+00,-2.553326463761898424e+00,9.995394524719135587e-01,-9.253250403409829516e-01,1.000000000000000000e+00,1.776747606940745516e+00,1.000000000000000000e+00,1.337235323033705514e+00,1.000000000000000000e+00,-4.205505389320891574e-01,9.962783398115320210e-01,-6.701745553138039879e-01
1.000000000000000000e+00,-2.578154478736729427e-01,9.978646247792825053e-01,-3.435581479981297814e-01,9.967495037024305393e-01,8.987787223351895172e-01,9.980089065121511283e-01,2.038765347353694024e-01,1.000000000000000000e+00,-2.692428642414728124e+00,9.992287237111806553e-01,-1.049506908528299753e+00,1.000000000000000000e+00,1.530369188802316316e+00,1.000000000000000000e+00,1.171734864156638523e+00,1.000000000000000000e+00,-6.790416403581986948e-01,9.967473854166492009e-01,-5.671200203281203667e-01
1.000000000000000000e+00,1.559668542250378098e-01,9.970813713968139647e-01,-2.153684418084162444e-01,9.968943902186356842e-01,9.366214280185247709e-02,9.988333490812453253e-01,2.964508188080854922e-01,9.994564584673116814e-01,-2.473545024796364178e+00,9.997715447980068948e-01,-4.886119695363174142e-01,9.989898486708057579e-01,1.771728854174610568e+00,1.000000000000000000e+00,8.906002201976628285e-01,1.000000000000000000e+00,-1.304598986852319564e+00,9.956633700665785680e-01,-1.195280148006129028e+00
1.000000000000000000e+00,-2.567542630197793274e-01,9.967389271328463973e-01,6.158250495744010955e-02,9.981371731107318013e-01,5.424795636248492814e-01,9.978381483496785442e-01,4.447260326298228539e-01,1.000000000000000000e+00,-2.482446841448178620e+00,9.983355817905911200e-01,-4.826901764439971432e-01,9.987573654360878406e-01,1.553186835061810323e+00,1.000000000000000000e+00,8.014800127420944609e-01,1.000000000000000000e+00,-1.538033525517954914e+00,9.954358475388964678e-01,-8.500596266604658613e-01
1.000000000000000000e+00,7.616678201357662825e-01,9.962437498392583413e-01,-9.616332567217739102e-02,9.976542995563786320e-01,6.600058313842360747e-02,1.000000000000000000e+00,1.204819583064699606e-01,9.994351769121325724e-01,-2.245589894231802663e+00,1.000000000000000000e+00,-6.066783410976562818e-01,9.992833469159824178e-01,1.402691658298034216e+00,1.000000000000000000e+00,4.150253307538872560e-01,1.000000000000000000e+00,-5.667213833788283806e-01,9.970492565651702943e-01,3.078030165202894630e-01
1.000000000000000000e+00,-4.284321433478545105e-01,9.971767264052755486e-01,-9.401794528346690827e-02,9.976710601970139036e-01,6.813853292219776980e-01,9.987352550724706290e-01,2.568895640798994906e-01,9.990560668330861205e-01,-2.190578814828892718e+00,9.966958836782430220e-01,1.008469644508238339e-01,9.972460177011943649e-01,9.498451923972035527e-01,1.000000000000000000e+00,5.538350710063968396e-01,1.000000000000000000e+00,-1.020207614012026198e+00,9.947806556215913476e-01,-6.050826384357241849e-01
1.000000000000000000e+00,-2.420399004805923737e-01,9.967120945932419485e-01,8.164064316015981482e-02,9.981562699147363826e-01,5.529944300659781486e-01,9.978424988639916782e-01,4.620569991536882526e-01,1.000000000000000000e+00,-2.473489517801046311e+00,9.983251682240453784e-01,-4.737171905152879892e-01,9.987490495476375463e-01,1.570437692593612988e+00,1.000000000000000000e+00,8.117482324073350686e-01,1.000000000000000000e+00,-1.539259943707755429e+00,9.954333413014708754e-01,-8.353469474028150099e-01
1.000000000000000000e+00,1.507206539035274684e+00,9.977208183480125170e-01,-2.633941684629673707e-01,9.980598439084186202e-01,1.023294878052017909e+00,9.971573937448824365e-01,6.229848488556524178e-01,1.000000000000000000e+00,-2.006680262347038557e+00,9.935655404908261268e-01,-4.562017997075936693e-01,9.981231027343487883e-01,1.657984004719272875e+00,9.983177777537275421e-01,-2.686589295495028784e-01,1.000000000000000000e+00,-1.042121362683748220e+00,9.969941247089976200e-01,3.924188051674587507e-02
1.000000000000000000e+00,5.503221053522510120e-01,9.967167471601559026e-01,-3.085454376348070737e-01,9.975430779297315143e-01,2.285665860667974725e-01,9.992958417688377892e-01,3.148681771748290115e-01,9.983956880991996519e-01,-1.760439271594351096e+00,1.000000000000000000e+00,-4.457154495841528230e-01,9.996450459428983804e-01,1.335306787507402504e+00,1.000000000000000000e+00,3.575176459274296281e-01,1.000000000000000000e+00,-5.407509183078584858e-01,9.971087627717879487e-01,3.109181669463288999e-01
1.000000000000000000e+00,7.091695203950265647e-01,9.963410918211672573e-01,-1.216106971802053960e-01,9.976099046477290289e-01,7.864213730594643570e-02,9.999386311236743152e-01,1.086252813721793609e-01,9.994441051787750219e-01,-2.247788719129499402e+00,1.000000000000000000e+00,-5.991970058869195981e-01,9.992897714106867557e-01,1.384661491244719933e+00,1.000000000000000000e+00,4.290734373983355887e-01,1.000000000000000000e+00,-5.727234256257407452e-01,9.969925307457367936e-01,2.485387906985006279e-01
1.000000000000000000e+00,6.764335702303378994e-01,9.963912021270218133e-01,-1.366053755792434599e-01,9.975866186341867392e-01,8.277873814534708607e-02,9.998882817654253241e-01,9.746048721610117704e-02,9.994506082688674464e-01,-2.250406895411969366e+00,1.000000000000000000e+00,-5.983556950115695994e-01,9.992936356042637636e-01,1.369312738205318292e+00,1.000000000000000000e+00,4.328590951736387415e-01,1.000000000000000000e+00,-5.791936987997075015e-01,9.969674622725547275e-01,2.181297859911521253e-01
1.000000000000000000e+00,-3.210343929373358773e-01,9.964262903344239808e-01,-3.313089485116487709e-01,9.972823147620137885e-01,7.509585322409277897e-01,9.997670425509725955e-01,-1.317006448543079355e-01,1.000000000000000000e+00,-1.862716377244590493e+00,9.975050469007110676e-01,3.080938306022933393e-01,9.985888568762052442e-01,4.502107640638836616e-01,1.000000000000000000e+00,2.450408062551379107e-01,1.000000000000000000e+00,-1.409390080582461957e+00,9.941948372561635328e-01,-7.101669930814802356e-01
1.000000000000000000e+00,-2.689899712103469565e-01,9.968669429769062562e-01,1.878353357849149585e-02,9.980442077247102528e-01,5.440663581626159484e-01,9.978169652206666518e-01,4.172579004879955478e-01,1.000000000000000000e+00,-2.454383713765746489e+00,9.983969290768860416e-01,-4.654193070708863011e-01,9.988015094755990919e-01,1.524737264937017223e+00,1.000000000000000000e+00,8.123410003599076390e-01,1.000000000000000000e+00,-1.474274827430932522e+00,9.954442023406073758e-01,-8.581578465885230100e-01
1.000000000000000000e+00,7.113652221363200301e-01,9.963559860040319682e-01,-1.136142902643957342e-01,9.976009802971245177e-01,9.171051083575404439e-02,9.999230398729522795e-01,1.177929346663712795e-01,9.994474712766849844e-01,-2.236352836660201238e+00,1.000000000000000000e+00,-5.868555770627976731e-01,9.992906070379279360e-01,1.392750734888939412e+00,1.000000000000000000e+00,4.432633062618263065e-01,1.000000000000000000e+00,-5.648143340882730845e-01,9.969808595856898270e-01,2.485540530007694371e-01
1.000000000000000000e+00,-2.657499372864354226e-01,9.968786987493207796e-01,1.868575577357906026e-02,9.980354802397540803e-01,5.479156134068213779e-01,9.978153454892793039e-01,4.186590218715732781e-01,1.000000000000000000e+00,-2.446833245226142317e+00,9.984035196216151098e-01,-4.596868043013570548e-01,9.988060672394849515e-01,1.525960870798908520e+00,1.000000000000000000e+00,8.176040996688203055e-01,1.000000000000000000e+00,-1.464263374233092829e+00,9.954447523261108488e-01,-8.545150465736561785e-01
1.000000000000000000e+00,7.102321656223635760e-01,9.963667660288724193e-01,-1.106379006515313956e-01,9.975949685653142662e-01,9.848376654177176670e-02,9.999119292971081485e-01,1.215253101368564126e-01,9.994496753231063568e-01,-2.230806721404654525e+00,1.000000000000000000e+00,-5.807041126355780847e-01,9.992913476078393309e-01,1.395635064638874656e+00,1.000000000000000000e+00,4.505491008051543123e-01,1.000000000000000000e+00,-5.613058400134443016e-01,9.969735188889089494e-01,2.466157548825732571e-01
1.000000000000000000e+00,-2.363014122413875651e-01,9.966298425375486048e-01,2.916822051228820101e-01,9.974077609242087972e-01,5.212255415754896148e-01,9.983194434088722424e-01,1.836375434852370592e-01,1.000000000000000000e+00,-2.553075551540600507e+00,9.982256476800881462e-01,-5.748240526728480848e-01,9.988486399018571271e-01,1.331028290140342296e+00,1.000000000000000000e+00,7.140485568049870224e-01,1.000000000000000000e+00,-1.598027008152056228e+00,9.958558659866869611e-01,-7.667401411281367096e-01
1.000000000000000000e+00,1.187832856175836227e+00,9.976097411299399420e-01,-6.191850555619685670e-01,9.980365941843184485e-01,8.812284951414328660e-01,9.981288623524530168e-01,-4.064151697337244906e-01,9.994109142975257098e-01,-2.381681846548688863e+00,1.000000000000000000e+00,6.229022314121130943e-01,9.982050269109979945e-01,1.262361973031657758e+00,1.000000000000000000e+00,8.941010003113032401e-01,1.000000000000000000e+00,-9.536878163467427116e-02,9.982797445501165878e-01,7.373762755897571575e-01
1.000000000000000000e+00,-3.860486370111495535e-01,9.971066909084653762e-01,3.132234302838809992e-02,9.973047894029828386e-01,6.536032292641749120e-01,9.976769106603146087e-01,3.743926576216554114e-01,9.992954051401303772e-01,-2.010837242049665186e+00,9.980534816018374888e-01,-4.085343880209426626e-01,9.992719439922503888e-01,1.253976543453374504e+00,1.000000000000000000e+00,6.257783765785933650e-01,1.000000000000000000e+00,-1.483094603411210022e+00,9.960278419410151240e-01,-6.692104815534951623e-01
1.000000000000000000e+00,-2.518536031959268673e-01,9.968976216254765710e-01,2.530620334536892724e-02,9.980206194539007480e-01,5.606611280333761993e-01,9.978145075782617335e-01,4.283262543861219851e-01,1.000000000000000000e+00,-2.426282016029502220e+00,9.984167628146154438e-01,-4.430911279787977941e-01,9.988142508261967922e-01,1.535489561755264187e+00,1.000000000000000000e+00,8.337843974951589798e-01,1.000000000000000000e+00,-1.440432115432342286e+00,9.954447032723614530e-01,-8.414109558211072537e-01
9.999891978655721658e-01,6.380299289524760109e-01,9.989034974538135714e-01,-2.065487218475058895e-01,9.980736301793495802e-01,1.270611672917120627e+00,9.987256970271141121e-01,4.626104159250397085e-01,1.000000000000000000e+00,-1.757460862072745433e+00,9.971807336346198980e-01,-8.219295312418060107e-01,1.000000000000000000e+00,5.605237949948789211e-01,9.993602902212399552e-01,-6.131568137982625899e-01,9.998413121267828441e-01,-1.671964137801496664e+00,9.982490545923212721e-01,-1.444637947506811071e-01
1.000000000000000000e+00,7.468933577371905663e-01,9.986731997504336711e-01,-7.065666552507993137e-02,9.981262765091150069e-01,1.174029936662614793e+00,9.991841248410415766e-01,3.036224625015280787e-01,1.000000000000000000e+00,-2.124810190077538685e+00,9.973484987030026838e-01,-9.461715401179562335e-01,9.998479868673272319e-01,5.762754297406789128e-01,1.000000000000000000e+00,-5.768953297915369038e-01,1.000000000000000000e+00,-1.718975096739839614e+00,9.981777549582614428e-01,-2.089204332315503509e-01
1.000000000000000000e+00,6.417144982248976781e-01,9.964925532229872429e-01,-1.300715379368117541e-01,9.975328230101708771e-01,1.252165677101886310e-01,9.997831731083273166e-01,1.072547147916073085e-01,9.994714235143730141e-01,-2.217987825696707826e+00,1.000000000000000000e+00,-5.625115575106454102e-01,9.993027575822828190e-01,1.369787140429166605e+00,1.000000000000000000e+00,4.770808918417782651e-01,1.000000000000000000e+00,-5.641859736449295060e-01,9.969108757406528465e-01,1.872597135152152814e-01
1.000000000000000000e+00,6.023978289586171542e-01,9.965485384117808154e-01,-1.461461998044412125e-01,9.975059259508209930e-01,1.296118584163103160e-01,9.997250056757517322e-01,9.197994613117047025e-02,9.994809086863717384e-01,-2.218812910182145437e+00,1.000000000000000000e+00,-5.617281903652295849e-01,9.993085393651371939e-01,1.348963199547834613e+00,1.000000000000000000e+00,4.803753727108880378e-01,1.000000000000000000e+00,-5.718073159717349530e-01,9.968871733845953154e-01,1.564634959447707141e-01
1.000000000000000000e+00,5.630826529563978111e-01,9.966040585031900045e-01,-1.617505131334770474e-01,9.974789795399484627e-01,1.340489048905994518e-01,9.996668618229224146e-01,7.651287121226185706e-02,9.994906103187174429e-01,-2.218754825265760733e+00,1.000000000000000000e+00,-5.605652762819066659e-01,9.993146362803162486e-01,1.327909912823740823e+00,1.000000000000000000e+00,4.836862630113376027e-01,1.000000000000000000e+00,-5.791278951401286346e-01,9.968643430206611811e-01,1.267875315345855791e-01
1.000000000000000000e+00,5.245914938892072277e-01,9.966581718969154124e-01,-1.766858135376415673e-01,9.974524841003556963e-01,1.384208052510352005e-01,9.996098908281905171e-01,6.121032913590868096e-02,9.995002625520977846e-01,-2.217867687007183175e+00,1.000000000000000000e+00,-5.590458406409875014e-01,9.993209409026257983e-01,1.307129537525631324e+00,1.000000000000000000e+00,4.869753895865879811e-01,1.000000000000000000e+00,-5.859521087522909788e-01,9.968426243458384794e-01,9.864412906192382424e-02
1.000000000000000000e+00,-3.445041332432052794e-01,9.971868101935890127e-01,-9.308865584508840829e-02,9.978306336671748378e-01,5.411596127295054126e-01,9.977171486512819154e-01,3.214202380255901659e-01,1.000000000000000000e+00,-2.374763549682093355e+00,9.985107947914685367e-01,-4.310015098231884112e-01,9.989173777225361928e-01,1.415259469676595216e+00,1.000000000000000000e+00,8.249139765731985374e-01,1.000000000000000000e+00,-1.336244414904526501e+00,9.954876786000834699e-01,-8.646667509370896676e-01
1.000000000000000000e+00,5.038235129655874722e-01,9.988063259187766052e-01,-2.597586392566539892e-01,9.979111456592443252e-01,1.145409507238448921e+00,9.986327148551442656e-01,3.793668409215026349e-01,1.000000000000000000e+00,-1.786839793548031352e+00,9.974897048827827684e-01,-7.776327177409589897e-01,1.000000000000000000e+00,5.946372477239412202e-01,9.999520958370701207e-01,-4.611200687665233389e-01,1.000000000000000000e+00,-1.550015875920006447e+00,9.980101041958429064e-01,-2.041983122751132029e-01
1.000000000000000000e+00,5.160161299554808512e-01,9.966870805924479271e-01,-1.723397730566482711e-01,9.974364886162425670e-01,1.523494167521841081e-01,9.995797399128873995e-01,6.457658800653376385e-02,9.995077453480164520e-01,-2.204814518809345980e+00,1.000000000000000000e+00,-5.467654323002424377e-01,9.993249578990633930e-01,1.307443081914287708e+00,1.000000000000000000e+00,5.013178595000451487e-01,1.000000000000000000e+00,-5.793153751083237601e-01,9.968288959578465169e-01,9.405011962455658847e-02
1.000000000000000000e+00,4.794108151202490786e-01,9.967382620446720853e-01,-1.863137916419485562e-01,9.974112099851022428e-01,1.563598369464034299e-01,9.995256997257442322e-01,4.966207777557318792e-02,9.995170801531050309e-01,-2.202982695855542516e+00,1.000000000000000000e+00,-5.449833094156157909e-01,9.993315020024783335e-01,1.287329699946763606e+00,1.000000000000000000e+00,5.043376485867065995e-01,1.000000000000000000e+00,-5.853086842700655490e-01,9.968091965011893762e-01,6.846627504738084236e-02
1.000000000000000000e+00,4.450372532783580803e-01,9.967864668509398562e-01,-1.992197805886232742e-01,9.973872351153523219e-01,1.602360802652106619e-01,9.994747031268648163e-01,3.561824332556057238e-02,9.995259355608537843e-01,-2.200507425771921710e+00,1.000000000000000000e+00,-5.428827265337483610e-01,9.993379607364093475e-01,1.268418333671091913e+00,1.000000000000000000e+00,5.073573580020717122e-01,1.000000000000000000e+00,-5.905302099584681663e-01,9.967909000549858289e-01,4.501348867811977295e-02
1.000000000000000000e+00,-3.764669667649969131e-01,9.973081141684926321e-01,-1.327110358782482291e-01,9.977516789973764899e-01,5.414752443476240629e-01,9.976716675852441707e-01,2.839305621581206251e-01,1.000000000000000000e+00,-2.336672765976979260e+00,9.985491929570616820e-01,-4.144201030219860638e-01,9.989639696609293740e-01,1.371589238494690832e+00,1.000000000000000000e+00,8.310196850552938885e-01,1.000000000000000000e+00,-1.282876904738291746e+00,9.955062542348408483e-01,-8.608972572083580799e-01
1.000000000000000000e+00,4.870117762797659400e-01,9.967496821683763386e-01,-1.734221542431617635e-01,9.974033317692273526e-01,1.724084438178475343e-01,9.995142501167454396e-01,6.141388823155519150e-02,9.995222398871030922e-01,-2.186484256656841652e+00,1.000000000000000000e+00,-5.298514051639677813e-01,9.993337422723446162e-01,1.297712306290494944e+00,1.000000000000000000e+00,5.213824436014806718e-01,1.000000000000000000e+00,-5.732541934814083806e-01,9.968021555385703225e-01,7.630108867989343624e-02
1.000000000000000000e+00,3.156886451959500794e-01,9.971161510060414512e-01,-3.473887598724421655e-01,9.973224510832280343e-01,2.989775359679340272e-01,9.989231848675002023e-01,2.171331595646532331e-01,9.986542246383565136e-01,-1.781426745060652683e+00,1.000000000000000000e+00,-4.024456609679340491e-01,9.996366049774167983e-01,1.235157425651679741e+00,1.000000000000000000e+00,4.621939749085700599e-01,1.000000000000000000e+00,-5.545988375875827714e-01,9.968772352519027491e-01,9.807053546976363112e-02
1.000000000000000000e+00,3.035580139312636927e-01,9.971362722025005620e-01,-3.493583564614824444e-01,9.973113340676443839e-01,3.026221694510982108e-01,9.989034347937368885e-01,2.120745232722144047e-01,9.986649361114205981e-01,-1.779945331032731781e+00,1.000000000000000000e+00,-3.996316601072099073e-01,9.996378433472119518e-01,1.229267205427680087e+00,1.000000000000000000e+00,4.669268053639333282e-01,1.000000000000000000e+00,-5.546117728494677213e-01,9.968679174600693083e-01,8.962924657134485606e-02
1.000000000000000000e+00,2.927678756333410570e-01,9.971549550391869410e-01,-3.506847144825150364e-01,9.973009288870893219e-01,3.064519320147228165e-01,9.988851235982098009e-01,2.077890738694194162e-01,9.986750298635563849e-01,-1.778006991155279604e+00,1.000000000000000000e+00,-3.965365897495861658e-01,9.996390541000121921e-01,1.224217250319737715e+00,1.000000000000000000e+00,4.718172716805937861e-01,1.000000000000000000e+00,-5.541469289683825794e-01,9.968592607355818425e-01,8.230658874315238682e-02
1.000000000000000000e+00,4.675106354205239567e-01,9.986781535744112537e-01,-4.136410585844322307e-01,9.976872158619836117e-01,6.144051241357527671e-01,9.985638626766235593e-01,2.070500179146923525e-01,1.000000000000000000e+00,-1.553780563227458833e+00,9.984147150227141720e-01,-7.645728762526775579e-01,1.000000000000000000e+00,7.586641001955700681e-01,1.000000000000000000e+00,9.901206431654133167e-02,1.000000000000000000e+00,-1.013448802365640056e+00,9.980661453885768530e-01,-4.331692845347996368e-01
1.000000000000000000e+00,5.576440213592994688e-01,9.984610774801726540e-01,-2.839330746140319994e-01,9.977198355336119873e-01,5.110859757252057545e-01,9.989933531289417745e-01,3.947163929037605934e-02,1.000000000000000000e+00,-1.908912679744950047e+00,9.985911864896165335e-01,-8.804727839058301697e-01,9.999731788918583275e-01,7.712580552313736959e-01,1.000000000000000000e+00,1.512999612203280164e-01,1.000000000000000000e+00,-1.046472552729185157e+00,9.979821686469000364e-01,-5.034192864270976564e-01
1.000000000000000000e+00,2.025821995010922416e-01,9.972744891582459026e-01,-3.819243112851628541e-01,9.972376211916864630e-01,3.105089335512990489e-01,9.987645734813944687e-01,1.617100714145229268e-01,9.987258679657260441e-01,-1.781661802931284955e+00,1.000000000000000000e+00,-3.947594329713998706e-01,9.996492508925868270e-01,1.172076314862850799e+00,1.000000000000000000e+00,4.797717174673218343e-01,1.000000000000000000e+00,-5.681046469022552614e-01,9.968096943096399487e-01,2.006596192332327222e-02
1.000000000000000000e+00,2.036369504672347897e-01,9.972802827516942248e-01,-3.776217765486008515e-01,9.972336779965240705e-01,3.159117927437861129e-01,9.987593687255190700e-01,1.642479936927010165e-01,9.987311765494066851e-01,-1.776891391375467588e+00,1.000000000000000000e+00,-3.896961675471976028e-01,9.996495491522752186e-01,1.174554260838603259e+00,1.000000000000000000e+00,4.860424957472481156e-01,1.000000000000000000e+00,-5.639823207308141129e-01,9.968063252343632996e-01,2.173098331414469175e-02
1.000000000000000000e+00,2.052253839835021798e-01,9.972857207557379589e-01,-3.729322219427180229e-01,9.972298846335354572e-01,3.215714532339301046e-01,9.987545386508607237e-01,1.671656945662468863e-01,9.987364662720868980e-01,-1.771879002885853094e+00,1.000000000000000000e+00,-3.843897048550622975e-01,9.996497890871213210e-01,1.177438444836929499e+00,1.000000000000000000e+00,4.925832863970097120e-01,1.000000000000000000e+00,-5.595772578075037806e-01,9.968030641300845707e-01,2.381568205373335578e-02
1.000000000000000000e+00,6.952416527297627935e-01,9.990540618252595761e-01,-4.876726491405746211e-01,9.979532426081917373e-01,1.308398321732358260e+00,9.978938422200031022e-01,-1.163709177680982698e-01,1.000000000000000000e+00,-2.115512464264658998e+00,9.980634136972705850e-01,-8.916497003335993599e-02,9.991753646163598068e-01,6.422728038517888649e-01,9.999177566973566078e-01,8.112138722568495997e-02,1.000000000000000000e+00,-1.069855104868826290e+00,9.983284521744544282e-01,2.947426495048366402e-02
1.000000000000000000e+00,1.347545161324839591e-01,9.973747086864409583e-01,-3.997770687944779966e-01,9.971828230931608639e-01,3.212340083447232097e-01,9.986632740176706324e-01,1.301188125288852138e-01,9.987699833183915077e-01,-1.774324650788746016e+00,1.000000000000000000e+00,-3.843857745737097598e-01,9.996589175184509291e-01,1.135732502229480190e+00,1.000000000000000000e+00,4.948136002434855296e-01,1.000000000000000000e+00,-5.711527984602449148e-01,9.967677172579907374e-01,-2.302974961779286067e-02
1.000000000000000000e+00,6.088864601508023888e-01,9.977445542811892443e-01,-3.388593572523863062e-01,9.976636192981332973e-01,1.017011948431255863e+00,9.984352896506532016e-01,-2.944420706054924897e-01,1.000000000000000000e+00,-2.626372467869663385e+00,9.997133421890340710e-01,1.323254522924960930e-01,9.984549318198775447e-01,9.894211069758154231e-01,1.000000000000000000e+00,4.190745218070211497e-01,1.000000000000000000e+00,-7.495887312375981715e-01,9.972990620300237197e-01,3.697143184046579045e-01
1.000000000000000000e+00,2.485166611627231958e-01,9.986835213163176572e-01,-4.681713511051070475e-01,9.974878578621324543e-01,5.736039675129420701e-01,9.983578903896410672e-01,1.105547052806475083e-01,1.000000000000000000e+00,-1.590235698967080724e+00,9.985382496713258726e-01,-6.958924918295505968e-01,1.000000000000000000e+00,7.253896837615654292e-01,1.000000000000000000e+00,1.783412067816775581e-01,1.000000000000000000e+00,-9.634865787069506471e-01,9.977648272070220870e-01,-4.756259461966769186e-01
1.000000000000000000e+00,7.566719149099288000e-02,9.974569836217881402e-01,-4.177956858352270264e-01,9.971378846580883915e-01,3.270089107463767242e-01,9.985783842839274227e-01,1.017190314176221744e-01,9.988025439926894178e-01,-1.769338254358846063e+00,1.000000000000000000e+00,-3.774195244359515589e-01,9.996672967344260030e-01,1.103356734482015877e+00,1.000000000000000000e+00,5.037827650305040095e-01,1.000000000000000000e+00,-5.753123059355207403e-01,9.967339627236891930e-01,-5.993245881675252074e-02
1.000000000000000000e+00,4.335107702893400416e-01,9.962664744394660321e-01,-2.489868428375643927e-01,9.968022977028185849e-01,5.691831962722100346e-01,9.974631847125909889e-01,4.087354327476823701e-01,9.991436856047531956e-01,-2.114836303973711473e+00,9.982457399121473784e-01,-5.421836340457835135e-01,9.995907186916188625e-01,1.457006299759533885e+00,1.000000000000000000e+00,1.369327135247276339e-01,1.000000000000000000e+00,-8.587421947308584436e-01,9.954020857736421979e-01,-1.906878569079612507e-01
1.000000000000000000e+00,6.962851719657709992e-01,9.967733955623022668e-01,-4.245853085416891881e-01,9.970915238230176891e-01,8.294376949259542053e-01,9.970677154980117640e-01,3.426816626148709855e-02,9.995482523749869008e-01,-2.376342082297804303e+00,9.984664844639145054e-01,-4.448189662998880411e-02,9.989316242719167294e-01,1.374852366215360000e+00,1.000000000000000000e+00,3.926184794520773957e-01,1.000000000000000000e+00,-6.372360931837213194e-01,9.961187757549426758e-01,3.497227038983552472e-02
1.000000000000000000e+00,-5.607729070561978668e-02,9.977253819471294527e-01,-3.591158625145889904e-01,9.971794798646526070e-01,7.076842085807691918e-01,9.984241703346351526e-01,1.471616460121458192e-01,9.992336362571843100e-01,-1.943530592635553944e+00,9.993801609085031235e-01,-3.735073920164381778e-01,9.995452227912108301e-01,9.081098147960318112e-01,1.000000000000000000e+00,1.265571759385872574e-01,1.000000000000000000e+00,-9.721532076204584261e-01,9.965823895595787851e-01,5.822955418537112404e-03
1.000000000000000000e+00,4.575522131038941009e-01,9.990041218593957995e-01,-5.221570904772929733e-01,9.977338584125685639e-01,1.162392397291724055e+00,9.978222367719773445e-01,-1.432177690380215251e-01,1.000000000000000000e+00,-2.052606035460800449e+00,9.982047750629386984e-01,-1.472113472537965317e-01,9.992939786739385433e-01,6.254050990714628000e-01,1.000000000000000000e+00,1.381905420908348670e-01,1.000000000000000000e+00,-1.030231250823205436e+00,9.980173110913411749e-01,-8.719242559951034810e-02
1.000000000000000000e+00,1.303015703885126997e-01,9.986978511683473059e-01,-4.947952886832105435e-01,9.973779547083873043e-01,5.573695724229528192e-01,9.982343780882133588e-01,6.244208471492423973e-02,1.000000000000000000e+00,-1.600373569803109852e+00,9.985934635236023427e-01,-6.519832168420379714e-01,1.000000000000000000e+00,7.089852181198197378e-01,1.000000000000000000e+00,2.235323834257729181e-01,1.000000000000000000e+00,-9.327384963586382582e-01,9.976057176283517069e-01,-4.971580897881251460e-01
1.000000000000000000e+00,2.981763034576140892e-01,9.980495836478161520e-01,-4.898666227939262874e-01,9.974406685932942773e-01,9.782982867795011472e-01,9.979566382965460170e-01,-1.651735129955281822e-01,9.996294509020706709e-01,-2.207714664110370872e+00,9.994874367348111077e-01,1.227569469199214502e-01,9.988854693679518615e-01,9.156246138641148669e-01,1.000000000000000000e+00,3.988849405790998448e-01,1.000000000000000000e+00,-7.237696349774316307e-01,9.971761678717762090e-01,2.419098635661456886e-01
1.000000000000000000e+00,4.817244279947282548e-01,9.974602794242199977e-01,-3.560068126668362587e-01,9.973780171455031152e-01,6.196164085976121338e-01,9.977925319264866477e-01,3.169173071346726989e-01,9.993294142110640266e-01,-1.973379686064445027e+00,9.968556290628156624e-01,-2.307575565213945135e-01,9.983753179649342835e-01,1.483715105283380353e+00,1.000000000000000000e+00,2.295839627503025171e-01,1.000000000000000000e+00,-7.036368917332376238e-01,9.962162928086135683e-01,1.162425183486961999e-01
1.000000000000000000e+00,3.309033444585272044e-01,9.989877778721302226e-01,-5.487960279589336743e-01,9.976274514137982719e-01,1.088394668327290704e+00,9.977714299644857565e-01,-1.636977426452087825e-01,1.000000000000000000e+00,-2.030922345957744124e+00,9.982651402790311268e-01,-1.763815313260991002e-01,9.993442520613659008e-01,6.095591891875270507e-01,1.000000000000000000e+00,1.570869822273812666e-01,1.000000000000000000e+00,-1.018861165719341155e+00,9.978678793586934770e-01,-1.527259040779785637e-01
1.000000000000000000e+00,2.985500686757082689e-01,9.989837116927162697e-01,-5.565949516551985665e-01,9.976020241995674498e-01,1.069739364031344397e+00,9.977573040419213113e-01,-1.691573781449200731e-01,1.000000000000000000e+00,-2.027856668472589163e+00,9.982787083857017629e-01,-1.841169213179427444e-01,9.993547552371748743e-01,6.050713094770141520e-01,1.000000000000000000e+00,1.600492393649229350e-01,1.000000000000000000e+00,-1.017868776073009851e+00,9.978314900504356988e-01,-1.704920356619608890e-01
1.000000000000000000e+00,4.130446118200511441e-01,9.978705819734920990e-01,-1.727164532894410742e-01,9.973493331850132870e-01,7.720875869744437958e-01,9.972273786953078645e-01,3.525315572895995064e-01,1.000000000000000000e+00,-2.031596116300046440e+00,9.964470144047353761e-01,-6.533088017810929626e-01,9.994407042610228276e-01,1.264486078824622606e+00,1.000000000000000000e+00,4.462213580200688479e-02,1.000000000000000000e+00,-8.314042753707379108e-01,9.981237648210097291e-01,-1.726070983272018355e-01
1.000000000000000000e+00,4.541328776871168538e-01,9.980159659001015537e-01,-1.887550627911919465e-01,9.965187204987424607e-01,6.545216389897656750e-01,9.970033786837377843e-01,3.991329263049080422e-01,1.000000000000000000e+00,-2.056816700527203778e+00,9.974588085860066622e-01,-1.171743641172257711e+00,1.000000000000000000e+00,1.089868269563811332e+00,1.000000000000000000e+00,1.880946040261732843e-02,1.000000000000000000e+00,-1.074911600681916823e+00,9.981739182352507012e-01,-1.683154553669183040e-01
1.000000000000000000e+00,4.170908215923347928e-01,9.980251788994828344e-01,-2.897095966250088361e-01,9.962826793832291195e-01,1.054482358242319506e+00,9.969572785948702665e-01,-6.538791337556573713e-02,9.992850387479840224e-01,-2.491926568961343236e+00,9.977909219929547158e-01,-3.041040866583355484e-01,1.000000000000000000e+00,1.001869905446718834e+00,1.000000000000000000e+00,2.641387607073751309e-01,1.000000000000000000e+00,-8.157479350435791199e-01,9.978157608686315516e-01,-5.077782161195844024e-01
1.000000000000000000e+00,2.308627570696462072e-01,9.984903885508815691e-01,-5.223466896729451747e-01,9.974571974529629070e-01,6.532634117588695943e-01,9.976336262190704796e-01,1.613208911806160994e-01,1.000000000000000000e+00,-1.867135430532834706e+00,9.963039665578223847e-01,-5.029619856216351881e-01,9.988969528585168733e-01,1.020918406199841089e+00,1.000000000000000000e+00,8.146375762803526044e-03,1.000000000000000000e+00,-1.018446414404564626e+00,9.968851024125524596e-01,-3.372549867615754482e-01
1.000000000000000000e+00,4.146561449148091771e-01,9.984623510725381124e-01,-4.907735979617458000e-01,9.972486645479888834e-01,1.075431500421129227e+00,9.977172971812587887e-01,1.286209070278021560e-02,9.993427367632138347e-01,-2.132813188424646622e+00,9.962656974207108052e-01,-2.499836796799375371e-01,9.996895485232389911e-01,1.063692866214108523e+00,1.000000000000000000e+00,5.767160964528506018e-02,1.000000000000000000e+00,-7.396772622899827621e-01,9.976176749674561250e-01,-4.923259412666732837e-01
1.000000000000000000e+00,3.505446384524054659e-01,9.988985821328849601e-01,-7.339804319204757954e-01,9.973735339027952618e-01,1.006368925293723127e+00,9.980386189656943463e-01,-9.596065213306348429e-02,9.992335894844963651e-01,-2.004590527283570012e+00,9.960509443931885309e-01,-1.289340610751989469e-01,9.992229481640688693e-01,9.182774450504235242e-01,1.000000000000000000e+00,2.632582258527677022e-02,1.000000000000000000e+00,-8.826713062991748959e-01,9.966663232718966370e-01,-5.871955432706305045e-01
1.000000000000000000e+00,4.539874539867999048e-01,9.993758296174377609e-01,-7.707945302469758619e-01,9.971147021961361823e-01,8.957282033495873597e-01,9.980344185519383071e-01,-4.208681390424290347e-02,9.997121204398257133e-01,-1.996107458674143409e+00,9.959652415720549046e-01,-3.888385468081498875e-01,9.996126044364165297e-01,8.932233650315699602e-01,1.000000000000000000e+00,1.154882149780447897e-02,1.000000000000000000e+00,-1.005288817871645923e+00,9.970272300615056205e-01,-3.833856623151881693e-01
1.000000000000000000e+00,1.749027127195594278e-01,9.989703967587622024e-01,-4.755245196172475652e-01,9.964672427242911024e-01,6.501823187806408111e-01,9.975096187991493446e-01,9.818264316904878886e-02,9.995774967792918630e-01,-2.240218507929066849e+00,9.965355430483090471e-01,-7.391247895402850432e-01,1.000000000000000000e+00,9.618557994596097505e-01,1.000000000000000000e+00,1.317964427416731810e-02,1.000000000000000000e+00,-1.103462562782360878e+00,9.978729918771336305e-01,-3.650808258483230762e-01
1.000000000000000000e+00,2.527416045562668190e-01,9.989667614052445410e-01,-6.647525376650734730e-01,9.970342040236356285e-01,8.083409702178149248e-01,9.976970298782804614e-01,-1.024268750550873935e-02,9.996863765018537684e-01,-2.214167652138071318e+00,9.963267649092207856e-01,-5.915708723245071132e-01,9.998898368302910900e-01,9.227179488413146391e-01,1.000000000000000000e+00,-5.574886723526106119e-02,1.000000000000000000e+00,-1.018468147628134313e+00,9.977602183929734636e-01,-4.550700071840519945e-01
1.000000000000000000e+00,2.019495354729680670e-01,9.988540667330377820e-01,-7.360622305246955488e-01,9.971108452048910165e-01,7.236668581389222865e-01,9.978668604678067044e-01,-1.829624323088316351e-02,9.995902840194645922e-01,-2.284720242672896084e+00,9.964451536053771097e-01,-5.894618516085359250e-01,9.997514998218332005e-01,9.330918942234656122e-01,1.000000000000000000e+00,-1.314028750469074525e-01,1.000000000000000000e+00,-1.058559832019452474e+00,9.976626812595010829e-01,-5.230077241857220560e-01
1.000000000000000000e+00,-6.175163521731520389e-01,9.985474698024999762e-01,-4.716619094284436597e-01,9.973113188913366178e-01,7.048020390369249544e-01,9.973932254949589016e-01,-1.377558761575000679e-01,9.993922434805695421e-01,-1.561628579150836416e+00,9.966878172897537524e-01,-9.003806764374904237e-01,9.986433253938961085e-01,5.901088037447423940e-01,1.000000000000000000e+00,2.437738797073293329e-01,1.000000000000000000e+00,-8.827678807424197416e-01,9.992378072213876639e-01,3.630868133712401580e-01
1.000000000000000000e+00,-1.613517895412397152e-01,9.987722610898062126e-01,-8.211259215009690804e-01,9.965724841405704248e-01,7.718434321496312478e-01,9.974857679674073996e-01,-3.490667938315482610e-01,9.988132419150926866e-01,-1.730285820679005493e+00,9.959260837440916392e-01,-8.638512929566400933e-01,9.992438591799449599e-01,6.979046013066557697e-01,1.000000000000000000e+00,3.828809752852525561e-01,9.996206327985474038e-01,-7.786597263205253805e-01,9.979986298065220973e-01,1.520197526134626220e-01
1.000000000000000000e+00,-1.299906816510888186e-01,9.974604038487198121e-01,-4.455356083098691578e-01,9.988650660218109101e-01,9.392015835700214810e-01,9.984537823285055680e-01,-6.451808304274277983e-01,9.982399080321733287e-01,-8.959442433556192853e-01,9.968786655747301495e-01,-4.409983913128826538e-01,9.995769470862317929e-01,3.063291818872423411e-01,1.000000000000000000e+00,2.365501671644613391e-01,9.995835816148084252e-01,-1.127687578516909150e+00,9.966390685460753129e-01,-1.505352869508977398e-02
1.000000000000000000e+00,-4.132643714082218089e-01,9.986458478079384138e-01,-2.202474251583430020e-01,9.978058120266407593e-01,1.309855192600044127e+00,9.993553334226766838e-01,-7.764942718619339823e-01,9.979037687372633858e-01,-4.213542362573637901e-01,9.972607938184492316e-01,-2.825554185827902631e-01,1.000000000000000000e+00,4.609548094365820137e-02,1.000000000000000000e+00,2.562284485094424302e-01,9.993945267100045049e-01,-1.425972359529229294e+00,9.962381640206326994e-01,-6.242029552731687136e-02
1.000000000000000000e+00,-1.917051833632256452e-01,9.982988048329738406e-01,-3.143280340821944518e-01,9.985846615797143722e-01,1.404864331629707364e+00,9.997698905043852502e-01,-3.900823834998022877e-01,9.991517704731135430e-01,2.444846771992514878e-02,9.989783005075099087e-01,-7.118463550223785852e-01,1.000000000000000000e+00,4.159015669052310016e-02,1.000000000000000000e+00,1.620924329316591750e-01,9.993875004080674529e-01,-8.318576854083230554e-01,9.975384308430605973e-01,-6.557833244084723123e-01
1.000000000000000000e+00,-1.843304120965170156e-01,9.979331039411977189e-01,-2.108245651726245451e-01,9.983406676275582425e-01,1.164448511692973032e+00,9.994748134221875802e-01,-2.667358213535668821e-01,9.996696155711892740e-01,2.632040754159924167e-02,9.987247186515952890e-01,-5.715254216889547045e-01,1.000000000000000000e+00,1.543006049304035399e-02,1.000000000000000000e+00,-1.554184197855157934e-01,1.000000000000000000e+00,-1.119889664430065768e+00,9.979062950676167443e-01,-8.903405078424914132e-01
1.000000000000000000e+00,-4.084416584500499270e-01,9.993510669875915742e-01,4.495850236215193085e-01,9.991460628749975204e-01,1.308680037251883643e+00,9.995208732414362363e-01,-2.253055835286114084e-01,9.992845111183878970e-01,1.297234748834914797e-01,9.978501813704919732e-01,9.771697860739655961e-03,9.993918826714424108e-01,4.007573032186458328e-01,1.000000000000000000e+00,-2.096275536883658308e-01,1.000000000000000000e+00,-1.159785036114985513e+00,9.958027869503370821e-01,-3.214626269127686120e-01
1.000000000000000000e+00,-7.062601399514978340e-01,9.992151799941694224e-01,1.830595992786128168e-01,9.988255711823402772e-01,1.109056476207280317e+00,9.994103605243525035e-01,-4.271231321126445768e-01,9.989193861008179853e-01,-2.693995655096781405e-02,9.979133550071400682e-01,-2.090594683129725628e-01,9.989914238568674554e-01,2.973476393828553554e-01,1.000000000000000000e+00,-7.111894983389566161e-02,1.000000000000000000e+00,-1.159830308512791008e+00,9.956977165283519282e-01,-3.267854825686248299e-01
1.000000000000000000e+00,-9.265125795772394257e-01,9.992570315162963013e-01,1.524152596872348497e-01,9.983475131514306655e-01,7.151093348447605802e-01,9.989534934781791886e-01,-7.864044600389991091e-01,1.000000000000000000e+00,-2.414535408178142273e-01,9.986686757690309557e-01,-2.913471816008916249e-01,9.976439213129226768e-01,1.494606713790984920e-01,1.000000000000000000e+00,3.079230964820998673e-01,1.000000000000000000e+00,-1.143432393219977250e+00,9.951431986137464492e-01,-4.601030608699228086e-01
1.000000000000000000e+00,-1.682083596903250600e+00,9.988119893271432126e-01,-5.400890245098369791e-01,9.976778965047189418e-01,2.921024556331893729e-01,9.988070105046797931e-01,-1.224190170336908245e+00,9.988166571301381191e-01,-5.357946437774624426e-01,9.985012281176032234e-01,-8.582127018763218151e-01,9.968833884273902157e-01,-5.568434103764258181e-02,1.000000000000000000e+00,5.976130900647406152e-01,9.999060671835424685e-01,-1.105671179441179097e+00,9.948975610177934747e-01,-4.644868899785313809e-01
1.000000000000000000e+00,-2.880710196931204781e+00,9.981037528805302150e-01,-1.572762194779115497e+00,9.966759751837996895e-01,-3.943485670232194651e-01,9.985883830643289549e-01,-1.938719483042565139e+00,9.965372237617559081e-01,-9.527280226163953314e-01,9.982399185075604420e-01,-1.737147410819049442e+00,9.954818140061407750e-01,-3.679795578514951093e-01,1.000000000000000000e+00,1.089164757855418664e+00,9.997243856162222331e-01,-1.027978999779380676e+00,9.943350796628726007e-01,-5.280575343620249607e-01
1.000000000000000000e+00,-4.113334995241302749e+00,9.974275018053022634e-01,-2.523184872187517858e+00,9.958196166829542673e-01,-1.095950132221071849e+00,9.983946513764608843e-01,-2.737867915587071099e+00,9.945653093245916399e-01,-1.300899045608971072e+00,9.979742633999942880e-01,-2.586390690031486361e+00,9.938863472822739853e-01,-6.649693097977356082e-01,1.000000000000000000e+00,1.571057543206632046e+00,9.994549624422303102e-01,-9.719834629964378969e-01,9.934905752529070710e-01,-7.061244355795326388e-01
1.000000000000000000e+00,-4.621044500569603919e+00,9.970793075001750383e-01,-2.945948895374978171e+00,9.956045500746946164e-01,-1.464418268127066769e+00,9.980230450669165254e-01,-3.200247836731290541e+00,9.943795493102624006e-01,-1.442453275403442925e+00,9.981154371891648447e-01,-2.810311650432177899e+00,9.935150833403078030e-01,-7.850915251408492335e-01,1.000000000000000000e+00,1.589647826269791064e+00,9.991607043565817747e-01,-1.019020214888510578e+00,9.930570315307758467e-01,-8.508798725470437807e-01
1.000000000000000000e+00,-4.302473355644452546e+00,9.969964388554830581e-01,-2.962872296887106405e+00,9.958290616773222137e-01,-1.555861169031811819e+00,9.973217690109277278e-01,-3.202907650214371849e+00,9.957703979008903916e-01,-1.430972484440269810e+00,9.989739090987691528e-01,-2.320710238383291379e+00,9.948001858909144568e-01,-7.462717926679796054e-01,1.000000000000000000e+00,1.120533691832660939e+00,9.990965809888583404e-01,-1.101557719078531727e+00,9.933651197689328249e-01,-7.855337561563084936e-01
1.000000000000000000e+00,-3.464246965875848794e+00,9.973671595153559277e-01,-2.696879927820032830e+00,9.961981401145537651e-01,-1.379717689022180505e+00,9.969250209323788914e-01,-2.777861154263511434e+00,9.973985181078043327e-01,-1.312299317651344666e+00,9.997394698588162321e-01,-1.547563219864587669e+00,9.970416556740413494e-01,-6.129250810430414420e-01,1.000000000000000000e+00,5.101313219911653984e-01,9.994650939270213197e-01,-1.107625060129770800e+00,9.941543138330841689e-01,-6.833092639986814154e-01
1.000000000000000000e+00,-2.645297736249990539e+00,9.980352805455762200e-01,-2.279138885309742957e+00,9.964453780793919302e-01,-9.950526463062141502e-01,9.969677166585281247e-01,-2.198218271388713507e+00,9.984313593962312883e-01,-1.238617350308281795e+00,9.996938418015418604e-01,-1.003564707698938019e+00,9.987763384322220217e-01,-4.487282660041840843e-01,1.000000000000000000e+00,1.347757680136748015e-01,9.999101014430912260e-01,-1.050828493952337572e+00,9.949420092080756284e-01,-7.111372463674134892e-01
1.000000000000000000e+00,-2.036394412840195844e+00,9.985573561737806081e-01,-1.871244166979102674e+00,9.966005756599477516e-01,-5.786680147933294105e-01,9.971267782494834808e-01,-1.698214408314096202e+00,9.989695887404318464e-01,-1.251200995628128698e+00,9.992372614098621320e-01,-7.256537998752230489e-01,9.996392994788667608e-01,-2.838151918029397924e-01,1.000000000000000000e+00,-1.929817053616050826e-02,1.000000000000000000e+00,-1.016423912935678242e+00,9.955260565779769921e-01,-7.759320693736417862e-01
1.000000000000000000e+00,-1.575404749131861015e+00,9.988371097518987662e-01,-1.535626658329135807e+00,9.967608851803045900e-01,-2.226113866728121615e-01,9.973080684677814167e-01,-1.321291686720411196e+00,9.992445619269993973e-01,-1.291234135987023635e+00,9.987624531004967166e-01,-5.843162290825156813e-01,1.000000000000000000e+00,-1.322651577004566037e-01,1.000000000000000000e+00,-8.051932498618508127e-02,1.000000000000000000e+00,-1.018005809806287409e+00,9.959324754927376677e-01,-8.111776929957402738e-01
1.000000000000000000e+00,-1.214064346457025101e+00,9.989505841142268805e-01,-1.277132830688352261e+00,9.969385506650709772e-01,5.584219227091885562e-02,9.974941260258258779e-01,-1.050086055529872331e+00,9.993863643985302359e-01,-1.321027918999055695e+00,9.983830795235185684e-01,-5.040825050684134556e-01,1.000000000000000000e+00,-3.975872714606365488e-03,1.000000000000000000e+00,-1.122896121296532157e-01,1.000000000000000000e+00,-1.036788450022577912e+00,9.962156516212633539e-01,-8.154276583544668444e-01
1.000000000000000000e+00,-9.308107177847892988e-01,9.989778884570187367e-01,-1.083247716031318530e+00,9.971129540000952529e-01,2.656025445184843070e-01,9.976676333786708151e-01,-8.586561765998529383e-01,9.994644107816852419e-01,-1.332285974321911759e+00,9.981049495978796537e-01,-4.521375899653327646e-01,1.000000000000000000e+00,9.765736741522917930e-02,1.000000000000000000e+00,-1.348871740091309723e-01,1.000000000000000000e+00,-1.058324792814293591e+00,9.964153130318514906e-01,-8.029552587613912884e-01
1.000000000000000000e+00,-7.119988960454832760e-01,9.989686214315025570e-01,-9.392545684355297908e-01,9.972670451909448897e-01,4.211717130369870277e-01,9.978161998189921666e-01,-7.240911889564070059e-01,9.995122358995397471e-01,-1.329551711768126143e+00,9.979069509207082467e-01,-4.148425697643108867e-01,1.000000000000000000e+00,1.749172825047213831e-01,1.000000000000000000e+00,-1.532878661322501224e-01,1.000000000000000000e+00,-1.076526939763158275e+00,9.965576155838180572e-01,-7.849540086685409257e-01
1.000000000000000000e+00,-5.452640492389132509e-01,9.989473299177402676e-01,-8.325764067513492517e-01,9.973944257656219836e-01,5.359727735265491511e-01,9.979362735063342926e-01,-6.289699171306764036e-01,9.995446926900485307e-01,-1.319501144624384947e+00,9.977668264778537521e-01,-3.866012276701381589e-01,1.000000000000000000e+00,2.324469184142529121e-01,1.000000000000000000e+00,-1.684624037763333138e-01,1.000000000000000000e+00,-1.090264521414076260e+00,9.966600151158432341e-01,-7.672111795437610571e-01
1.000000000000000000e+00,-3.277005626947777639e-01,9.991963585335781328e-01,-7.184190078563880144e-01,9.975107850348371441e-01,6.633537120075310156e-01,9.981037316359790967e-01,-4.157725121209900898e-01,9.996239137048155143e-01,-1.413885392223821258e+00,9.973832523089034563e-01,-3.790178617502930614e-01,1.000000000000000000e+00,2.942603396269029004e-01,1.000000000000000000e+00,-2.182853772544686988e-01,1.000000000000000000e+00,-1.063336505619265182e+00,9.967740010247225779e-01,-7.868054323116477899e-01
1.000000000000000000e+00,-1.388741267067627183e-01,9.993360589975233133e-01,-5.425378445622468515e-01,9.974044643520711961e-01,8.291430259363230526e-01,9.984048083217114122e-01,-4.037060821625890750e-01,9.998905743435276827e-01,-1.309636046129540210e+00,9.969819149929399771e-01,-4.216796532132976449e-01,1.000000000000000000e+00,3.392240938497687042e-01,1.000000000000000000e+00,-1.631167863972070586e-01,1.000000000000000000e+00,-1.042276886954430104e+00,9.975014209290272715e-01,-8.253985460374867467e-01
1.000000000000000000e+00,-9.713614608250800697e-02,9.991401265685376787e-01,-5.400666638543395459e-01,9.971896157017505757e-01,8.777022077069744910e-01,9.984038989381194273e-01,-2.854169520013453698e-01,9.995614100292491422e-01,-1.367526147016547178e+00,9.969814768688095574e-01,-3.205271941691326121e-01,1.000000000000000000e+00,4.088942423163460793e-01,1.000000000000000000e+00,-2.234654284530511736e-01,1.000000000000000000e+00,-1.171527012420334302e+00,9.972537963299855646e-01,-9.277214542698061228e-01
1.000000000000000000e+00,-8.622521992265107238e-02,9.992017495568306096e-01,-4.408760523590350977e-01,9.973510056510591637e-01,9.728205239599075904e-01,9.981775512842070430e-01,-2.005390669444899743e-01,9.998020296007104069e-01,-1.448593761096369281e+00,9.970339612549078412e-01,-3.194230183371015719e-01,1.000000000000000000e+00,3.755001724815797415e-01,1.000000000000000000e+00,-3.011058223207864204e-01,1.000000000000000000e+00,-1.254542376860102060e+00,9.970772805890186774e-01,-9.434708491379089068e-01
1.000000000000000000e+00,-7.050893440791659861e-02,9.987558073160912597e-01,-3.332557799351759664e-01,9.975385335025401812e-01,1.012956838193582065e+00,9.975096835353366442e-01,-2.427156999959349803e-01,9.993973009557174381e-01,-1.415949962621517066e+00,9.970964244191296011e-01,-1.459922885328920894e-01,9.997502474166947151e-01,1.961824849494571699e-01,1.000000000000000000e+00,-1.957058703517554066e-01,1.000000000000000000e+00,-1.444843794824613781e+00,9.968059066024885784e-01,-8.597563389144322610e-01
1.000000000000000000e+00,-6.755049486926011093e-02,9.981338067717053786e-01,-2.222782177275575144e-01,9.975755842554567820e-01,9.967459919960675041e-01,9.974135458512582986e-01,-7.839771206501980338e-02,9.991190226411960085e-01,-1.420609462720782368e+00,9.973284544664042794e-01,-2.165469922724227447e-01,9.995544644971066095e-01,3.328932345233259760e-01,1.000000000000000000e+00,-1.039172439490210348e-01,1.000000000000000000e+00,-1.404479890340053494e+00,9.967457890274312726e-01,-8.983595369588316393e-01
1.000000000000000000e+00,-1.487616008893342667e-01,9.983272201163448933e-01,-1.013574140103782606e-01,9.976954710952272709e-01,1.076448313717365934e+00,9.974585455394400224e-01,-8.716884121415774400e-03,9.989782970264340367e-01,-1.480123045037915253e+00,9.972035557716277809e-01,-2.491169871873253616e-01,9.995435453591196007e-01,5.749249448221214198e-01,1.000000000000000000e+00,-1.747611105155949529e-01,1.000000000000000000e+00,-1.385449997364717190e+00,9.970036326538971316e-01,-9.822810979004819032e-01
1.000000000000000000e+00,-5.756225515575720542e-02,9.981349417322000761e-01,-2.248114657960942897e-01,9.975973010633547577e-01,9.993259765350616108e-01,9.974413635113078547e-01,-7.942309695822397098e-02,9.991200364637660147e-01,-1.424417951777384506e+00,9.973165327113601153e-01,-2.212664012969559058e-01,9.995693529287046353e-01,3.363140986945339916e-01,1.000000000000000000e+00,-1.144151487479345142e-01,1.000000000000000000e+00,-1.409023262483538819e+00,9.967557182362664081e-01,-8.979079255131715565e-01
1.000000000000000000e+00,-1.087250580677351364e-03,9.979881835312738314e-01,-1.967658061730333252e-01,9.979948058915386611e-01,1.316521316346477732e+00,9.980769918336498403e-01,2.656191145017472444e-03,9.991876517712261485e-01,-1.634258635857340325e+00,9.973053666642853754e-01,-2.300467351653332493e-01,1.000000000000000000e+00,6.386354185223692692e-01,1.000000000000000000e+00,-2.516095932274999836e-01,1.000000000000000000e+00,-1.616605183901806519e+00,9.971532090817074589e-01,-7.459405023903629139e-01
1.000000000000000000e+00,-2.505041924196661773e-02,9.979872643056907355e-01,-2.097873977917127097e-01,9.979776813793556078e-01,1.305760341533486857e+00,9.980557384248810449e-01,-4.461811370668561372e-03,9.991773865349341532e-01,-1.649163331864271109e+00,9.973113724336903907e-01,-2.367378310279015796e-01,1.000000000000000000e+00,6.309294038447773589e-01,1.000000000000000000e+00,-2.551258959293911666e-01,1.000000000000000000e+00,-1.626351928119504020e+00,9.971444992546343311e-01,-7.553438775631377000e-01
1.000000000000000000e+00,-1.858500976550936656e-01,9.983307295155966488e-01,-1.300228542796695308e-01,9.976798606806511760e-01,1.051964273164970542e+00,9.974367088552806848e-01,-2.554603258413570832e-02,9.989575364480220987e-01,-1.510076316997665646e+00,9.972010615281874379e-01,-2.680937342685822400e-01,9.995234230450809054e-01,5.585344731461998613e-01,1.000000000000000000e+00,-1.918602138075241881e-01,1.000000000000000000e+00,-1.405856969193006289e+00,9.969915244884743899e-01,-1.004092414869847127e+00
1.000000000000000000e+00,-2.453199777658562897e-02,9.979915716187236496e-01,-2.176458068645033828e-01,9.979877826622725046e-01,1.299065043359294735e+00,9.980664489539662343e-01,-9.093915270209723678e-03,9.991722900512449712e-01,-1.656017764558943561e+00,9.972999964859293742e-01,-2.444190703781088103e-01,1.000000000000000000e+00,6.278316877977285770e-01,1.000000000000000000e+00,-2.654175817567203111e-01,1.000000000000000000e+00,-1.631022124068346235e+00,9.971458465337769139e-01,-7.611129319819992523e-01
1.000000000000000000e+00,-4.650550779915101074e-02,9.979915155574693442e-01,-2.309862075520114910e-01,9.979739229393032041e-01,1.287972440506121696e+00,9.980487932190839073e-01,-1.645295566559210054e-02,9.991621259653173936e-01,-1.670797459895077219e+00,9.973036631374905259e-01,-2.518702833487420634e-01,1.000000000000000000e+00,6.201293628440449623e-01,1.000000000000000000e+00,-2.705602794654935472e-01,1.000000000000000000e+00,-1.640824565103083943e+00,9.971380045380487944e-01,-7.708902006611915159e-01
1.000000000000000000e+00,1.314568064482840304e-01,9.982957746126084331e-01,-4.244989834431422970e-01,9.981547768386422881e-01,1.182450600815299291e+00,9.984991097689849271e-01,3.660398066970362851e-01,9.988898181786294295e-01,-1.687607429341827947e+00,9.969629833272278807e-01,-1.765688023670201612e-01,9.997912123376549998e-01,9.052865471689565124e-01,1.000000000000000000e+00,-4.712148625964882598e-01,1.000000000000000000e+00,-1.598957909153163603e+00,9.968774062796127433e-01,-8.697249667537233497e-01
1.000000000000000000e+00,-1.334243028853289159e-01,9.979877169562382244e-01,-2.769255795469875991e-01,9.979123491117645184e-01,1.249921145955427582e+00,9.979708525348132131e-01,-4.223376709873141732e-02,9.991280508033315577e-01,-1.721766589674391446e+00,9.973282859674419409e-01,-2.744215008250714960e-01,1.000000000000000000e+00,5.911715248424526115e-01,1.000000000000000000e+00,-2.834385244574866292e-01,1.000000000000000000e+00,-1.675969625239744465e+00,9.971059208588486378e-01,-8.055715989575455982e-01
1.000000000000000000e+00,-2.752773335906342211e-01,9.984917384054794454e-01,-3.034745148219039623e-01,9.978958182377938302e-01,1.034625643245494775e+00,9.971310406877298416e-01,4.510403638011264982e-02,9.987775214056303641e-01,-1.487159454680043957e+00,9.972567630954397577e-01,-2.353930634009647471e-01,9.994684143968209922e-01,5.967437703565626750e-01,1.000000000000000000e+00,-1.876095315426664079e-01,9.999761135068145901e-01,-1.370103706688628797e+00,9.968146421543996327e-01,-1.083511410308002132e+00
1.000000000000000000e+00,9.583764827564295041e-02,9.983003624212766214e-01,-4.554396299827830896e-01,9.981423924935446390e-01,1.155554979153535555e+00,9.984834953695546078e-01,3.481363128747261837e-01,9.988666039319427092e-01,-1.721655547737996006e+00,9.969539401383774591e-01,-1.986926007032756014e-01,9.997698816494048346e-01,8.893083244044672764e-01,1.000000000000000000e+00,-4.921881227455955909e-01,1.000000000000000000e+00,-1.620716745287640537e+00,9.968668968011427101e-01,-8.923314797166033152e-01
1.000000000000000000e+00,-1.665957361268787795e-01,9.979950440968143877e-01,-3.104833734172732784e-01,9.979079679794419233e-01,1.221434874540663795e+00,9.979609051955027343e-01,-6.072605062002969789e-02,9.991046811644943570e-01,-1.755649599382213655e+00,9.973159749099345106e-01,-2.983477035125278731e-01,1.000000000000000000e+00,5.743808343523297832e-01,1.000000000000000000e+00,-3.087683825772477575e-01,1.000000000000000000e+00,-1.698690699228402101e+00,9.970955502581908547e-01,-8.307311459350120719e-01
1.000000000000000000e+00,-1.656540107702298426e-01,9.979993003777841709e-01,-3.176781909511202651e-01,9.979170238812782312e-01,1.215073868445935679e+00,9.979706512543925490e-01,-6.412281312086134943e-02,9.990994979772911400e-01,-1.762755632613270285e+00,9.973050363072182289e-01,-3.055287335615273769e-01,1.000000000000000000e+00,5.726626387403157548e-01,1.000000000000000000e+00,-3.178675348611228468e-01,1.000000000000000000e+00,-1.702499712217824035e+00,9.970968122020766877e-01,-8.356171627811572744e-01
1.000000000000000000e+00,-3.022813400488246760e-01,9.984909128726909833e-01,-3.471673515301321178e-01,9.979074865441077691e-01,1.005267395222789739e+00,9.971564871088116622e-01,2.159582090336745197e-02,9.987565577470692846e-01,-1.536965368965795609e+00,9.972332276059838740e-01,-2.688637536683251561e-01,9.994672176960683885e-01,5.794521446054996527e-01,1.000000000000000000e+00,-2.268342880116289706e-01,9.999955543873381147e-01,-1.405988629096007081e+00,9.968131996398512662e-01,-1.106194743520836576e+00
1.000000000000000000e+00,-2.626608553964280279e-01,9.983362928410449699e-01,-2.305691742393755628e-01,9.976910213815014528e-01,9.824487151558275455e-01,9.974524123897814398e-01,-7.604947760909891441e-02,9.989008443051199393e-01,-1.618321508273574239e+00,9.971603268714273050e-01,-3.389596857809255015e-01,9.995021470940965713e-01,5.185668252456889782e-01,1.000000000000000000e+00,-2.700611955900455996e-01,1.000000000000000000e+00,-1.480852919201991469e+00,9.969756080428687772e-01,-1.060686330157514012e+00
1.000000000000000000e+00,-2.326090529473738011e-01,9.983326913253895984e-01,-2.302946284900868612e-01,9.977258509385167340e-01,9.916413547106177617e-01,9.975025362588002542e-01,-7.120563180472846976e-02,9.989081156310140042e-01,-1.621091626968869104e+00,9.971406260054278547e-01,-3.417375211318170458e-01,9.995275045029621275e-01,5.291690030069537976e-01,1.000000000000000000e+00,-2.787510974602978031e-01,1.000000000000000000e+00,-1.481981917108408986e+00,9.969912592462119028e-01,-1.048363826118996478e+00
1.000000000000000000e+00,-1.800639009752535991e-02,9.978536863990056238e-01,-4.311758785895009050e-01,9.978851515697602093e-01,1.126942174619615766e+00,9.980175127496699883e-01,-1.241824848798604719e-01,9.992219494434887439e-01,-1.708574526871016186e+00,9.973361613033788764e-01,-2.984555294360893285e-01,1.000000000000000000e+00,3.637378917700081482e-01,1.000000000000000000e+00,-2.832782204886762356e-01,1.000000000000000000e+00,-1.703614581111171145e+00,9.968854491600206424e-01,-7.580582609479168399e-01
1.000000000000000000e+00,-1.357440270446598207e-01,9.980284161822446931e-01,-3.527861854600601310e-01,9.979816836110990685e-01,1.181944323759362758e+00,9.980450284517341508e-01,-7.162008492995164399e-02,9.990694403380087074e-01,-1.806266799206200258e+00,9.972237783280401002e-01,-3.472386811794917483e-01,1.000000000000000000e+00,5.802892410972921855e-01,1.000000000000000000e+00,-3.669169845102959182e-01,1.000000000000000000e+00,-1.713861173297340112e+00,9.971147761136520682e-01,-8.521139187416306715e-01
1.000000000000000000e+00,-2.781675991704218864e-01,9.984799005595361709e-01,-4.035771711603924339e-01,9.979810719710082711e-01,9.837606897814841211e-01,9.972855092629534512e-01,7.964515806168082079e-03,9.987410926444233450e-01,-1.618725996417174740e+00,9.971641701360938193e-01,-3.193690487107740950e-01,9.995033398563945015e-01,5.879345428344652236e-01,1.000000000000000000e+00,-2.897254980543655933e-01,1.000000000000000000e+00,-1.453303672905493782e+00,9.968437160076819570e-01,-1.105556046367104139e+00
1.000000000000000000e+00,-2.520127824815652784e-01,9.984753881926040631e-01,-4.109316771553156444e-01,9.980118971581746212e-01,9.870045024934408495e-01,9.973376372960288672e-01,1.411382161420571268e-02,9.987432560465459019e-01,-1.637727868416475330e+00,9.971392616545738941e-01,-3.287749836025095629e-01,9.995200479612103006e-01,6.030335219235853916e-01,1.000000000000000000e+00,-3.016628388167355013e-01,1.000000000000000000e+00,-1.458955519091957864e+00,9.968608724695399159e-01,-1.093015064732366426e+00
1.000000000000000000e+00,-2.389795483329278936e-01,9.983286610109048942e-01,-3.174546201860325434e-01,9.977833087436870363e-01,9.474071127081358235e-01,9.975993500949962289e-01,-8.161836069136724214e-02,9.988669095804127984e-01,-1.745500549675717883e+00,9.970695237614948248e-01,-4.086493998710779008e-01,9.995260269033089395e-01,5.450628782987826382e-01,1.000000000000000000e+00,-3.480535298279038292e-01,1.000000000000000000e+00,-1.540919929896450435e+00,9.970100385464982784e-01,-1.058516950820124647e+00
1.000000000000000000e+00,-2.280626017333712841e-01,9.983264389813460982e-01,-3.396189486169270411e-01,9.978078747312663088e-01,9.387661969645657578e-01,9.976420790541141725e-01,-7.405686058428467833e-02,9.988582697592532922e-01,-1.785721016696168562e+00,9.970451231113659496e-01,-4.270069534348440721e-01,9.995242233063358350e-01,5.631555443194504740e-01,1.000000000000000000e+00,-3.649882269250562805e-01,1.000000000000000000e+00,-1.553844920958205478e+00,9.970227432252243283e-01,-1.052619467413855814e+00
1.000000000000000000e+00,-1.652790467261804341e-01,9.981756681921230001e-01,-4.657755509361117818e-01,9.977399688431061175e-01,8.584057135860096999e-01,9.976503263645709607e-01,-1.221046248368338749e-01,9.989541985621613884e-01,-1.794053023219873255e+00,9.971188754284888711e-01,-4.285977391179114915e-01,9.995190141825405217e-01,3.929268038904386029e-01,1.000000000000000000e+00,-3.337079668400887433e-01,1.000000000000000000e+00,-1.589232129656693582e+00,9.968362203986481651e-01,-9.901895703647900504e-01
1.000000000000000000e+00,-1.799664130366646075e-01,9.981304275058719977e-01,-5.301948853024598396e-01,9.977810581894709374e-01,8.115034179867783859e-01,9.977966888113042332e-01,-1.107510879120208735e-01,9.989268430692238576e-01,-1.903493156539211029e+00,9.970595988428784251e-01,-4.397317154115708560e-01,9.994304279324656148e-01,4.511270248617841871e-01,1.000000000000000000e+00,-3.858173254388828077e-01,1.000000000000000000e+00,-1.620424830797334570e+00,9.967964992355380360e-01,-1.037441277735160039e+00
1.000000000000000000e+00,-1.332560000418536061e+00,1.000000000000000000e+00,-7.757762988493404066e-01,9.951140407743447325e-01,2.609576933225826179e-01,9.980592886295792665e-01,-2.628064661342993102e-01,1.000000000000000000e+00,-1.390581060816489245e+00,9.975910664538912842e-01,-8.862317414014988515e-01,1.000000000000000000e+00,2.546963330168279804e-01,1.000000000000000000e+00,-3.517126388487835098e-01,1.000000000000000000e+00,-8.294423131213064515e-01,9.971840694829767759e-01,-1.656231792131423575e+00
1.000000000000000000e+00,-1.815833192937979401e+00,9.985118005553987874e-01,-4.295168027737616967e-02,9.955370916008177140e-01,4.411254042119293617e-01,9.945226329865373138e-01,-3.155357288271523619e-01,9.989461353475656002e-01,-1.308798416659687103e+00,9.977892744721545970e-01,-1.655798786061934147e-01,9.981171530204708819e-01,-1.004249218679801881e-01,1.000000000000000000e+00,9.403748943028339413e-02,9.989709297885146499e-01,-1.520201942912855486e+00,9.963801708076578389e-01,-1.621923704231738483e+00
1.000000000000000000e+00,-6.903883093225893219e-01,9.995672813301165194e-01,-1.196734429560199819e+00,9.995126842354805641e-01,1.380282207322091725e+00,9.970226056403358461e-01,8.192691080043266183e-01,9.967503080499885426e-01,-1.919407111927349918e+00,9.960404168906750177e-01,-1.255904744714919641e-02,9.992485459835505068e-01,1.501302217652893400e+00,9.996870061232470128e-01,-1.416179524366973363e-01,9.987198237846918181e-01,-1.364523673243945634e+00,9.973241086695279201e-01,-1.252669845351325195e+00
1.000000000000000000e+00,-6.002284272094052797e-01,1.000000000000000000e+00,-1.778908578331829027e+00,9.988368886123203394e-01,1.393832135651659199e+00,9.967060841799508797e-01,9.030030988057384800e-01,9.937436445945764252e-01,-1.204213152344149496e+00,9.975967557040260614e-01,7.599199768635136465e-01,9.987313483127162606e-01,1.357702003693904036e+00,9.986641728004054253e-01,1.609875565118492613e-01,9.988639852078780024e-01,-8.317714490669645411e-01,9.979988714653114101e-01,-1.593315677872377822e+00
1.000000000000000000e+00,7.572099467071979895e-01,9.998536912126811949e-01,-7.999453270577060460e-01,9.990854627216756434e-01,8.174159732887527063e-01,9.992877419781602821e-01,3.172779609745736695e-01,9.968201042901906339e-01,2.642518652622672382e-01,9.956951142211073469e-01,7.000971541678546739e-02,1.000000000000000000e+00,2.838566553120714375e-01,9.987502764675235678e-01,-1.639014988855297172e+00,9.982560024959928890e-01,-2.052731680033248463e+00,9.976352488447466360e-01,-9.310571194468713063e-01
1.000000000000000000e+00,-3.820948678864817816e-01,1.000000000000000000e+00,-1.670049805907105167e+00,9.992104628868470062e-01,1.177073151553093666e+00,9.972783946924917986e-01,9.895150397213048343e-01,9.956838510482207694e-01,-1.727911703046784542e+00,9.971181675839054792e-01,1.687334537437640281e-01,9.994190046360145185e-01,1.882851464913015249e+00,9.998638491462956690e-01,6.853365358627294679e-03,1.000000000000000000e+00,-1.007579745351808054e+00,9.972666981776705519e-01,-1.559388671784415648e+00
9.997088943171726916e-01,-4.057021142211585385e-01,9.988541944316136068e-01,-3.069472192375827246e-01,9.994332175953304365e-01,1.273894924343964341e+00,9.980569751837640169e-01,3.702620286530917126e-01,9.986510205522222128e-01,-2.294102283948103338e+00,9.946073885622929156e-01,-3.217241773956077688e-01,9.987365623674849813e-01,1.350682066240936674e+00,9.999695281097779054e-01,-6.969084094076782865e-01,9.985993043817804615e-01,-1.435561605646725525e+00,9.980345628489676324e-01,-1.044637671598370510e+00
9.996481124310165889e-01,-3.090518245635881511e-02,9.995666017929284441e-01,-8.080640981296161041e-01,9.990640071455543225e-01,1.015249859830271051e+00,9.984355113181168084e-01,5.308591809260646555e-01,9.975313790924716928e-01,-2.125596777631966638e+00,9.957472782817518020e-01,-1.388977509948182976e-01,9.988747292314307247e-01,1.793657604923436510e+00,1.000000000000000000e+00,-5.674612289811185040e-01,1.000000000000000000e+00,-1.018656097395234550e+00,9.980265559911245532e-01,-1.398671694680743594e+00
9.997080704148858521e-01,-4.051294462217172043e-01,9.988521293566017256e-01,-3.083260641702121885e-01,9.994300369918901472e-01,1.273925837007263251e+00,9.980543747683329192e-01,3.740029321170074139e-01,9.986410853242747576e-01,-2.299185050681483489e+00,9.946034953262195000e-01,-3.186857247831915707e-01,9.987271341954699899e-01,1.358368987983343601e+00,9.999686136428426186e-01,-6.919977638169693135e-01,9.986053571031149323e-01,-1.429532088778589394e+00,9.980353333574195629e-01,-1.044309818498301734e+00
9.991124618135732716e-01,-2.031617359693350666e-01,1.000000000000000000e+00,-7.331490625757162150e-01,9.985985705458574335e-01,1.268650380911994002e+00,9.979852224789662607e-01,3.395275168956954359e-01,9.955897642602036246e-01,-1.512201440430086530e+00,9.960817585851819977e-01,5.269739859958151307e-01,9.979791420929947643e-01,1.121782534546984511e+00,9.988169120090097941e-01,-4.964737635839504559e-01,9.987234270456828433e-01,-8.166276472206384085e-01,9.990614289642186785e-01,-1.387160131610626124e+00
9.992467282296961795e-01,7.384523362167961791e-01,9.991439181798660307e-01,-6.084415357102596067e-01,9.994089660575201650e-01,6.176375781339504822e-01,9.983114772772969658e-01,4.373285918280456208e-01,9.983865852105106020e-01,-3.557172075376384135e-01,9.975180263748900655e-01,-5.811219509787627358e-01,1.000000000000000000e+00,9.093161570209410405e-01,1.000000000000000000e+00,-1.198915556480638855e+00,9.989703881691992526e-01,-2.523418427483273607e+00,9.979954729449477258e-01,-1.208270865028819419e+00
1.000000000000000000e+00,-7.877400221137048630e-01,9.996087452151151131e-01,-1.050305008206500634e+00,9.987203893385256936e-01,1.423863324910314532e+00,9.965994085909736233e-01,8.135666798096730101e-01,9.960307191901310864e-01,-2.283660357631437599e+00,9.970452559421207894e-01,9.340662841824948215e-02,9.995193354715533607e-01,1.452222473886706000e+00,1.000000000000000000e+00,-3.112101849532723508e-01,1.000000000000000000e+00,-1.240785904059926725e+00,9.957498541569959061e-01,-1.028471569857675405e+00
1.000000000000000000e+00,7.924938347340649836e-01,9.980215272024836048e-01,-8.379953998340595733e-01,9.996046765519800426e-01,6.241773601916154046e-01,9.996089719843961330e-01,5.829693805488125324e-01,9.991590980546849465e-01,-8.775572094904682263e-01,9.953776057908492181e-01,-6.801821494243631694e-01,1.000000000000000000e+00,1.343624287473473178e+00,1.000000000000000000e+00,-1.468985233250357236e+00,1.000000000000000000e+00,-2.041407094454155580e+00,9.965880689891111199e-01,-1.023903058540169830e+00
1.000000000000000000e+00,-5.322158570772606012e-01,9.989910835444879567e-01,-2.073097698770893227e-01,9.985655709446882300e-01,1.347492501019893041e+00,9.974909799600293336e-01,4.029110748556370414e-01,9.976977320489885948e-01,-2.620370861158412890e+00,9.959149777079104870e-01,-1.713610673119463079e-01,9.991452592374172603e-01,1.281356330569896063e+00,1.000000000000000000e+00,-8.450843803164168611e-01,1.000000000000000000e+00,-1.308919268632910970e+00,9.961762519332371113e-01,-8.012691866527583695e-01
9.993756575971234346e-01,-4.556508468817290769e-01,9.999223396699444821e-01,-2.835405602671884351e-01,9.980482922125963885e-01,1.143783975641209594e+00,9.978254803134785078e-01,2.305444892018017056e-01,9.982561779879304265e-01,-2.465238391269539697e+00,9.962851395306051572e-01,-5.121604572464967253e-01,9.988719119874872598e-01,9.516575738740962187e-01,1.000000000000000000e+00,-4.802474847396147606e-01,1.000000000000000000e+00,-1.358085773838648702e+00,9.976156084137725033e-01,-1.078339626580991473e+00
1.000000000000000000e+00,-1.658286004904101496e+00,9.986392348722227252e-01,-6.456731015924253025e-01,9.955941036245067322e-01,8.992288806735160289e-01,9.956642909998475455e-01,6.388480833555794103e-01,9.989610866512368403e-01,-1.798544487673265690e+00,9.968876491547740137e-01,6.816526188981257839e-01,9.989144726358679671e-01,8.791065350882274476e-01,1.000000000000000000e+00,-5.300079382130804539e-01,1.000000000000000000e+00,-1.980451718495691127e+00,9.958135374324531552e-01,-1.278485625251248425e+00
1.000000000000000000e+00,8.086610501941770002e-01,9.978834958547189160e-01,-8.950109911677353036e-01,9.995941789847143655e-01,5.634307533818572189e-01,9.996296440015575158e-01,6.051064923603343138e-01,9.991114121904576262e-01,-9.429769882315907070e-01,9.952676870749529447e-01,-7.102893736392404955e-01,1.000000000000000000e+00,1.403109332299238954e+00,1.000000000000000000e+00,-1.479473259518679029e+00,1.000000000000000000e+00,-2.038524310839748832e+00,9.965191233409101956e-01,-1.028712695183522818e+00
9.993645613462073252e-01,-4.742997356865206182e-01,9.999292298112000266e-01,-3.163335713905019442e-01,9.979832596796562871e-01,1.120646198839668317e+00,9.977978725513779734e-01,2.325784429286996691e-01,9.981750595937309845e-01,-2.533186151741477765e+00,9.963054792421711658e-01,-5.171493269272189330e-01,9.988135608694698186e-01,9.757459233551943889e-01,1.000000000000000000e+00,-4.613043013518913216e-01,1.000000000000000000e+00,-1.331647400066306774e+00,9.976021204959988342e-01,-1.095359456428473655e+00
1.000000000000000000e+00,-5.751309989694162184e-01,9.989542321504510936e-01,-2.710561986812646262e-01,9.984589016714888743e-01,1.310967237934411500e+00,9.974145522775724748e-01,4.168984870153840117e-01,9.974985989391437213e-01,-2.769594318183486337e+00,9.959359422127108674e-01,-1.631518756452912666e-01,9.990393869851160735e-01,1.349428636078982446e+00,1.000000000000000000e+00,-8.254496754570248562e-01,1.000000000000000000e+00,-1.251331110223610654e+00,9.960704480948721073e-01,-8.209749604231579845e-01
1.000000000000000000e+00,-5.822841043740084599e-01,9.989451044055308593e-01,-2.854845760665244980e-01,9.984350540164113053e-01,1.302015258942935905e+00,9.974024397759944094e-01,4.196710650832876643e-01,9.974556376660582702e-01,-2.803309225068209454e+00,9.959433321595607680e-01,-1.604549519929236168e-01,9.990152563189285129e-01,1.365866493990009367e+00,1.000000000000000000e+00,-8.211560359118343921e-01,1.000000000000000000e+00,-1.237380581702225424e+00,9.960437519148209740e-01,-8.259993449675109289e-01
9.997076546524839014e-01,-4.095353322212519909e-01,9.988165935914780080e-01,-3.483329050512165570e-01,9.993914046722864875e-01,1.252531907212113493e+00,9.980390564528756059e-01,3.980619826643621573e-01,9.985325895556275144e-01,-2.385380316417965219e+00,9.945601833965889149e-01,-3.010496971181242376e-01,9.986152492277189374e-01,1.436180902701799988e+00,9.999665176035920089e-01,-6.528046904511700665e-01,9.986943748719567804e-01,-1.371952420208045309e+00,9.980390795246728564e-01,-1.060851001491670775e+00
1.000000000000000000e+00,-5.890281439516908968e-01,9.989308532858258705e-01,-3.055636718012998410e-01,9.984015804913715098e-01,1.289002316551967064e+00,9.973904305833430906e-01,4.238302272961199102e-01,9.973963780292063319e-01,-2.850503089838980486e+00,9.959555478125154959e-01,-1.554935095923309363e-01,9.989810039719917434e-01,1.390807716811665484e+00,1.000000000000000000e+00,-8.146959707972991627e-01,1.000000000000000000e+00,-1.216257820162970793e+00,9.960034960006177718e-01,-8.330079394059148878e-01
1.000000000000000000e+00,-8.968666472501038434e-02,1.000000000000000000e+00,-9.793827356676088058e-01,9.987803536255127623e-01,1.173802705988537642e+00,9.990854067405084971e-01,4.906030676861947160e-01,9.963221327401535765e-01,-1.979650906600010307e+00,9.943035113337624908e-01,3.635956255101012169e-01,9.976677838844634216e-01,1.554859743681489492e+00,9.988285573421822328e-01,-7.481170214623028558e-01,9.999720721501748066e-01,-4.973126653495850702e-01,9.977871456568712105e-01,-1.238885239082005540e+00
9.996551579005255039e-01,-4.048269490512973467e-02,9.994983601587507094e-01,-8.500256629082449944e-01,9.990224601081327815e-01,9.905570913674914824e-01,9.984170612645815179e-01,5.573304769725533347e-01,9.974190130600449899e-01,-2.245261529208627316e+00,9.956652369180624129e-01,-1.195957503023657720e-01,9.987228077530692083e-01,1.887700607838891154e+00,1.000000000000000000e+00,-5.197973032025585693e-01,1.000000000000000000e+00,-9.514807059364583930e-01,9.980263164642573237e-01,-1.413487381453214731e+00
9.997115020782485484e-01,-4.090299707353015624e-01,9.988040017924053604e-01,-3.622062823237326978e-01,9.993810221916444858e-01,1.243345834754422841e+00,9.980418677835461994e-01,4.020119814813058468e-01,9.985057307661163728e-01,-2.411879793730145938e+00,9.945502906744752014e-01,-2.978029418707497378e-01,9.985848830147414645e-01,1.457021946934089263e+00,9.999706422567943287e-01,-6.444786792184622470e-01,9.987264315154001926e-01,-1.356990608033951773e+00,9.980370006163731267e-01,-1.068016783766013722e+00
1.000000000000000000e+00,8.281031727149175126e-01,9.977967485378441692e-01,-9.195557947566401769e-01,9.995909256773982676e-01,5.320606493066046827e-01,9.996549244343115870e-01,6.192924084555719855e-01,9.990950256877350055e-01,-9.813363258285066060e-01,9.952023634333636570e-01,-7.212207524762773714e-01,1.000000000000000000e+00,1.443334736598524959e+00,1.000000000000000000e+00,-1.480668247004204741e+00,1.000000000000000000e+00,-2.030855064963672074e+00,9.964733604147093526e-01,-1.027119216978897409e+00
1.000000000000000000e+00,-6.657592945445492960e-01,9.986592526533020209e-01,-1.216422460721089616e+00,9.989359279249278023e-01,1.358885301372286802e+00,9.974365876876892800e-01,7.707032368612529716e-01,9.961237815427481657e-01,-2.316879502686525427e+00,9.981430386975490565e-01,-3.694749921292401762e-01,9.995354989962129677e-01,1.178003408735225355e+00,1.000000000000000000e+00,-8.989097766980050364e-02,1.000000000000000000e+00,-1.483056328142879909e+00,9.958687261116740963e-01,-9.135889356578050791e-01
9.993601989321133638e-01,-4.868926148568784029e-01,9.999325819501005963e-01,-3.557235783027415943e-01,9.978996461824326536e-01,1.091737246190550792e+00,9.977767157855189639e-01,2.384567503075993855e-01,9.980710634806316817e-01,-2.619951339831173787e+00,9.963393254857410009e-01,-5.162571831876133777e-01,9.987361135765618902e-01,1.016097000604317735e+00,1.000000000000000000e+00,-4.341620238819038358e-01,1.000000000000000000e+00,-1.289893310370409996e+00,9.975700374471961895e-01,-1.115094158700753235e+00
1.000000000000000000e+00,-8.280736246565933989e-01,9.995812717903564959e-01,-1.146655827562902186e+00,9.985955012603491276e-01,1.386432107418979820e+00,9.964993838367568468e-01,8.514264121448169576e-01,9.957379668293490083e-01,-2.446463031005193578e+00,9.971196955474842527e-01,1.248667149915543839e-01,9.993992120307600979e-01,1.555094039978155207e+00,1.000000000000000000e+00,-2.614668033460636476e-01,1.000000000000000000e+00,-1.155263175720674829e+00,9.955925540261159057e-01,-1.054056261431852271e+00
1.000000000000000000e+00,-5.861953314563588258e-01,9.989105233360009439e-01,-3.258609993294521168e-01,9.983635947251928711e-01,1.274912222005003537e+00,9.973882060141521233e-01,4.314993160028831043e-01,9.973306848592083940e-01,-2.901733789762022120e+00,9.959724990056387783e-01,-1.453143883020579230e-01,9.989411954811914240e-01,1.425863363484321189e+00,1.000000000000000000e+00,-8.041533582453649354e-01,1.000000000000000000e+00,-1.186727054603839981e+00,9.959515388192521357e-01,-8.385070534557090838e-01
9.996740775061268014e-01,-3.530828599561225412e-02,9.994536838891475705e-01,-8.658975588766213427e-01,9.990115965402440734e-01,9.762192560102194161e-01,9.984321099377985176e-01,5.612850623076146572e-01,9.973968953969398754e-01,-2.296972132753687834e+00,9.956276807061308354e-01,-1.152692114628152409e-01,9.986651820487709719e-01,1.921943966223820244e+00,1.000000000000000000e+00,-5.070450997935178616e-01,1.000000000000000000e+00,-9.289212192533928825e-01,9.980144133911699189e-01,-1.419424215050345550e+00
9.997268690175958872e-01,-3.993119744484119882e-01,9.987759273639824631e-01,-3.878491290633092614e-01,9.993632289098917099e-01,1.224403814150516023e+00,9.980610134770743214e-01,4.083299175257617541e-01,9.984621115986015427e-01,-2.459124294053899540e+00,9.945358051579059611e-01,-2.909879203577613316e-01,9.985320071117476104e-01,1.497236582203583577e+00,9.999874471741699855e-01,-6.303009290794350239e-01,9.987992671778324061e-01,-1.328235340090671679e+00,9.980267178763065905e-01,-1.081240558250250228e+00
1.000000000000000000e+00,-2.750267841576017336e-01,9.995068194775235115e-01,-7.513431239376855419e-01,9.979733837386629558e-01,1.052811786104107306e+00,9.976743015695825889e-01,5.689054700673581433e-01,9.962952200395123192e-01,-2.807831197313672256e+00,9.970381277403748133e-01,2.194637906198204647e-02,9.990732958344069603e-01,1.807069885522699426e+00,1.000000000000000000e+00,-7.052782444680405494e-01,1.000000000000000000e+00,-8.156507480382069186e-01,9.957796507001364095e-01,-1.122986589178975869e+00
1.000000000000000000e+00,-3.312246078133795901e-02,9.991493559525249646e-01,-4.536963288036552910e-01,9.981244536251356880e-01,9.542932613542860487e-01,9.985091579439269172e-01,3.560733707028941319e-01,9.976188949016886465e-01,-3.544550437113655583e+00,9.972218919949297211e-01,-1.069798692692625341e-01,9.985081289897403956e-01,1.985533401206657000e+00,1.000000000000000000e+00,-6.416079148038497104e-01,1.000000000000000000e+00,-8.240725299133067061e-01,9.955213442836943205e-01,-1.250222764951744558e+00
1.000000000000000000e+00,-6.885578719557181593e-01,9.995117038121472675e-01,-1.298294643764949852e+00,9.994460243595685300e-01,1.339080964526255579e+00,9.969949338435392105e-01,8.745695867876968066e-01,9.965064647056597336e-01,-2.066052135417907110e+00,9.960114231759004122e-01,3.109163708140505467e-02,9.990621699610218176e-01,1.654174505874232759e+00,9.996953254882425810e-01,-5.525824623020364479e-02,9.989192811646898651e-01,-1.252669176913486337e+00,9.972957466516579883e-01,-1.290328273205950005e+00
9.996903286402245570e-01,-2.849360122983202182e-02,9.994255270326493079e-01,-8.727701353202304002e-01,9.990093406530273779e-01,9.678214087157857026e-01,9.984488180450683537e-01,5.601379135199768822e-01,9.973964690979391090e-01,-2.321034064633108684e+00,9.956080976660094395e-01,-1.151057066397826734e-01,9.986420552130805817e-01,1.935365647921897914e+00,1.000000000000000000e+00,-5.044284411794354162e-01,1.000000000000000000e+00,-9.210393749997636270e-01,9.980039391934547588e-01,-1.421675362965367784e+00
1.000000000000000000e+00,-4.611828859955145354e+00,9.970620557134927120e-01,-2.934411341092046932e+00,9.956074630230717926e-01,-1.451868419267901222e+00,9.979828011006471877e-01,-3.197813679968649403e+00,9.944228792871402378e-01,-1.418893234946474902e+00,9.981251813194457201e-01,-2.781346082336892511e+00,9.935266982824328963e-01,-7.582133116188662925e-01,1.000000000000000000e+00,1.606022336399689276e+00,9.991308841765945692e-01,-9.979917294577627107e-01,9.930327910193089691e-01,-8.346002851033009762e-01
1.000000000000000000e+00,-4.252460052307357685e+00,9.969963242179702423e-01,-2.928992062852708855e+00,9.958423154515148035e-01,-1.526117098973976738e+00,9.972820559544828267e-01,-3.166970502119560216e+00,9.958486304341626072e-01,-1.399244612757845951e+00,9.990124873954734364e-01,-2.262398748890283695e+00,9.948711782338274245e-01,-7.122458396310238360e-01,1.000000000000000000e+00,1.125442171308546735e+00,9.990979493122229549e-01,-1.076635389855072011e+00,9.933792420425725522e-01,-7.521126706852545585e-01
1.000000000000000000e+00,-3.401329008570868950e+00,9.973919405597122534e-01,-2.650905027037817163e+00,9.962087031131895420e-01,-1.338377925845139593e+00,9.969157147633931348e-01,-2.723926677105856342e+00,9.974568468929732035e-01,-1.281523565280625832e+00,9.997518900978130674e-01,-1.494185965487728307e+00,9.971096562384283990e-01,-5.789210971431073549e-01,1.000000000000000000e+00,5.210457010394589084e-01,9.994901583545026114e-01,-1.078926774669096034e+00,9.941833596275999607e-01,-6.505663107765088382e-01
1.000000000000000000e+00,-2.591789297662560720e+00,9.980592895704465395e-01,-2.235766482409589528e+00,9.964511405707840996e-01,-9.530871773893050403e-01,9.969737877480244759e-01,-2.148851049772760646e+00,9.984604399609209313e-01,-1.214714450035720983e+00,9.996792418382038914e-01,-9.679538783377092948e-01,9.988089353829566752e-01,-4.171779183637678301e-01,1.000000000000000000e+00,1.546591372248065088e-01,9.999316988954372043e-01,-1.023300953189095086e+00,9.949683879185835522e-01,-6.819812247013248285e-01
1.000000000000000000e+00,-1.991847023295628683e+00,9.985698633439443750e-01,-1.834710328078234642e+00,9.966079911381293677e-01,-5.429378785157017440e-01,9.971385607763523229e-01,-1.660078521205046842e+00,9.989869875382106912e-01,-1.231582915221125729e+00,9.992207261986016942e-01,-7.009340354839932452e-01,9.996505905713837237e-01,-2.558195651448276764e-01,1.000000000000000000e+00,2.513861973586439813e-03,1.000000000000000000e+00,-9.928759355179670454e-01,9.955456475668922334e-01,-7.487380579294644622e-01
1.000000000000000000e+00,-1.538546547522586572e+00,9.988406822657887041e-01,-1.506712979957775866e+00,9.967702940731902883e-01,-1.945743753112765262e-01,9.973223286068698679e-01,-1.293652760852485706e+00,9.992560047099147136e-01,-1.273472311747597452e+00,9.987518218486176602e-01,-5.658297265730691805e-01,1.000000000000000000e+00,-1.087227829668979684e-01,1.000000000000000000e+00,-6.063834388990513302e-02,1.000000000000000000e+00,-9.980183779343987371e-01,9.959463328833869644e-01,-7.861704596842769011e-01
1.000000000000000000e+00,-1.184254443262259926e+00,9.989497999592195088e-01,-1.254802504009389974e+00,9.969479349556007453e-01,7.709472593640492866e-02,9.975082038003826312e-01,-1.030547438874273691e+00,9.993950872324548484e-01,-1.304279009537465228e+00,9.983786908780093450e-01,-4.894457574561351665e-01,1.000000000000000000e+00,1.498836769718248085e-02,1.000000000000000000e+00,-9.516605507298514510e-02,1.000000000000000000e+00,-1.019487619171433490e+00,9.962252291918365366e-01,-7.932537892720462613e-01
1.000000000000000000e+00,-9.072925611820347180e-01,9.989757431575027047e-01,-1.066104582984992000e+00,9.971208341094885963e-01,2.815106599153668343e-01,9.976798568458891125e-01,-8.449439181940138210e-01,9.994719595425737291e-01,-1.316468539684692907e+00,9.981053131002692869e-01,-4.400721046817396287e-01,1.000000000000000000e+00,1.125763747175999308e-01,1.000000000000000000e+00,-1.202419325140181988e-01,1.000000000000000000e+00,-1.043048131697947856e+00,9.964217063881983805e-01,-7.837878782312883708e-01
1.000000000000000000e+00,-6.937253193285115582e-01,9.989665368842723936e-01,-9.260136798559811533e-01,9.972729647526406005e-01,4.330721416393306100e-01,9.978260401214731345e-01,-7.144487613659603609e-01,9.995192409729096727e-01,-1.314707493034556807e+00,9.979105508500009103e-01,-4.045875647544278086e-01,1.000000000000000000e+00,1.865929113465533695e-01,1.000000000000000000e+00,-1.406243456678045456e-01,1.000000000000000000e+00,-1.062812921293540880e+00,9.965616306590486806e-01,-7.685354525578086404e-01
1.000000000000000000e+00,-5.311044309331084401e-01,9.989457669023442676e-01,-8.221941390858285015e-01,9.973985722751772531e-01,5.449533055999423725e-01,9.979439881283154179e-01,-6.221556685649682894e-01,9.995513935071964617e-01,-1.305553212115916795e+00,9.977726126922877858e-01,-3.776731587694561743e-01,1.000000000000000000e+00,2.416219083000063772e-01,1.000000000000000000e+00,-1.573184322884423336e-01,1.000000000000000000e+00,-1.077786113289290748e+00,9.966622644918980978e-01,-7.530800502047683143e-01
1.000000000000000000e+00,-4.082814281137175372e-01,9.989235960932412173e-01,-7.451707732264321038e-01,9.974984436192559922e-01,6.275807845819630915e-01,9.980361097266582382e-01,-5.562207796982143737e-01,9.995746669326144307e-01,-1.293851596722499941e+00,9.976743996244417101e-01,-3.569010796275659536e-01,1.000000000000000000e+00,2.822232302601324627e-01,1.000000000000000000e+00,-1.707723688376963089e-01,1.000000000000000000e+00,-1.088729835509452570e+00,9.967352973039455000e-01,-7.396508093047874377e-01
1.000000000000000000e+00,-3.159220881114689350e-01,9.989037839436925026e-01,-6.879288548163946526e-01,9.975761267147621458e-01,6.887433125128409328e-01,9.981067167007461327e-01,-5.085953627394215193e-01,9.995919698086950245e-01,-1.282411684004821417e+00,9.976037100282513226e-01,-3.409009388439768196e-01,1.000000000000000000e+00,3.121549732216319928e-01,1.000000000000000000e+00,-1.814757386068128753e-01,1.000000000000000000e+00,-1.096734862127580534e+00,9.967887561778717709e-01,-7.288186743459936778e-01
1.000000000000000000e+00,-2.466237481647091112e-01,9.988873312965772522e-01,-6.453345986551083380e-01,9.976357719258729384e-01,7.341345314696762214e-01,9.981602444011709041e-01,-4.738447764977676280e-01,9.996048679316960062e-01,-1.272575062073269425e+00,9.975521337709934988e-01,-3.287107131245826652e-01,1.000000000000000000e+00,3.342633938730897314e-01,1.000000000000000000e+00,-1.899571460633466824e-01,1.000000000000000000e+00,-1.102737471926596324e+00,9.968282036980381511e-01,-7.204701319899869949e-01
1.000000000000000000e+00,-1.946970916570903709e-01,9.988741499097607557e-01,-6.136338922626058956e-01,9.976812046052278005e-01,7.678913025904837708e-01,9.982005472581253480e-01,-4.482692573919518919e-01,9.996143617137503989e-01,-1.264817748848239498e+00,9.975139274894903041e-01,-3.195738307218375374e-01,1.000000000000000000e+00,3.506318424775751730e-01,1.000000000000000000e+00,-1.967126980766027433e-01,1.000000000000000000e+00,-1.107430484202122312e+00,9.968575325396092923e-01,-7.142666537359774193e-01
1.000000000000000000e+00,-1.558391210377024771e-01,9.988637851074723129e-01,-5.900713517145093068e-01,9.977156309808762336e-01,7.930238014732666763e-01,9.982307376947252564e-01,-4.293133866078565619e-01,9.996211748879566539e-01,-1.259166824265821605e+00,9.974851541642902886e-01,-3.128753793580555942e-01,1.000000000000000000e+00,3.627689540722080497e-01,1.000000000000000000e+00,-2.021672961524435264e-01,1.000000000000000000e+00,-1.111297173619770540e+00,9.968794956716512390e-01,-7.098369471108670892e-01
1.000000000000000000e+00,-1.268182487332489006e-01,9.988557121997304611e-01,-5.726143795150208105e-01,9.977416175415166899e-01,8.117326814159333548e-01,9.982532408823741044e-01,-4.151834294428430883e-01,9.996258639699334703e-01,-1.255447446649057497e+00,9.974630870976701758e-01,-3.081165547373067581e-01,1.000000000000000000e+00,3.717678361264348808e-01,1.000000000000000000e+00,-2.066658648434606949e-01,1.000000000000000000e+00,-1.114667200079362486e+00,9.968960612572363988e-01,-7.068471346112702447e-01
1.000000000000000000e+00,-2.520782589587505784e-01,9.989506595222668039e-01,-5.407068600299279604e-01,9.975141697316914913e-01,7.749688471027413872e-01,9.976818771121201967e-01,-4.428578648849522126e-01,9.996791493791811201e-01,-1.453669435354958406e+00,9.972669536500868848e-01,-3.975688207879383707e-01,1.000000000000000000e+00,4.797266957329603398e-01,1.000000000000000000e+00,-1.313374250922161868e-01,1.000000000000000000e+00,-1.089967224726709816e+00,9.967577975114118027e-01,-6.771885767200985784e-01
1.000000000000000000e+00,-1.257046768588023222e-01,9.986313510279192229e-01,-6.798552450065390440e-01,9.979389303673082967e-01,6.910005742300033837e-01,9.979394158772121326e-01,-4.886807518161679909e-01,9.993161473244289716e-01,-1.550296639659568543e+00,9.970990703050022219e-01,-3.525941836648931460e-01,1.000000000000000000e+00,4.610597032175296484e-01,1.000000000000000000e+00,-1.510278349432385703e-01,1.000000000000000000e+00,-1.126733875559378095e+00,9.968041525280374460e-01,-5.869380857692301223e-01
1.000000000000000000e+00,-3.596279388263593502e-01,9.989054077595779235e-01,-7.623674246338634219e-01,9.967751977548231501e-01,2.828427736917780155e-01,9.971662594369269383e-01,-1.954976030688186095e-01,1.000000000000000000e+00,-1.911734566104056787e+00,9.970614526132984823e-01,-8.711590961440005554e-01,9.998991845046732996e-01,6.617307039663883339e-01,1.000000000000000000e+00,-4.804992441227573519e-02,1.000000000000000000e+00,-1.056032616987659489e+00,9.975843568641050707e-01,-4.139825594717725377e-01
1.000000000000000000e+00,-2.748771983302334965e-01,9.988790253470624103e-01,-7.167311567981642373e-01,9.968024855562869213e-01,3.169083709374443947e-01,9.971842751027977236e-01,-1.405648230225378659e-01,1.000000000000000000e+00,-1.931350195865700226e+00,9.969722929688920043e-01,-8.851515838316421636e-01,9.998977451265325112e-01,7.093578364173982465e-01,1.000000000000000000e+00,-4.786614885538699460e-02,1.000000000000000000e+00,-1.057518608999892473e+00,9.976738517130521178e-01,-3.775598701095347343e-01
1.000000000000000000e+00,-5.007481592639209111e-01,9.994490195608694005e-01,-8.817989150390372899e-01,9.967006040178720827e-01,3.874884203915504033e-01,9.976162748558311533e-01,-3.090506638138742490e-01,1.000000000000000000e+00,-1.789003613665911763e+00,9.981962742278088774e-01,-8.505550797399360485e-01,1.000000000000000000e+00,2.920994343518916736e-01,1.000000000000000000e+00,-5.787586694481261507e-02,1.000000000000000000e+00,-1.276296974900333669e+00,9.972140490897024590e-01,-4.915093735800664110e-01
1.000000000000000000e+00,-3.841588993454010392e-01,9.990277929183573047e-01,-6.160638303738525945e-01,9.966263021505719077e-01,4.715858860719489565e-01,9.973643659948774332e-01,-1.497990411728570281e-01,1.000000000000000000e+00,-1.957201912882062356e+00,9.983350376338602228e-01,-1.012454409250530096e+00,1.000000000000000000e+00,4.571933153203255884e-01,1.000000000000000000e+00,-5.585545197418294305e-02,1.000000000000000000e+00,-1.183492252861966243e+00,9.982301972128858614e-01,-3.860255882238361469e-01
1.000000000000000000e+00,-2.873572214741938469e-01,9.994804217815037584e-01,-7.783700362964605102e-01,9.967796964231566692e-01,4.832065652901046948e-01,9.977685032732657167e-01,-1.735878288661400481e-01,1.000000000000000000e+00,-1.800892734857487243e+00,9.980638631860997423e-01,-8.938127321913342804e-01,1.000000000000000000e+00,3.709176360680719875e-01,1.000000000000000000e+00,-6.725565569810840194e-02,1.000000000000000000e+00,-1.312716793040805241e+00,9.974127191891523081e-01,-3.814918479353305858e-01
1.000000000000000000e+00,-2.115355831703930045e-01,9.994911624272925232e-01,-7.419911693275916820e-01,9.968059222040649425e-01,5.163178514741428859e-01,9.978208050298160714e-01,-1.257375311425970033e-01,1.000000000000000000e+00,-1.800743464513767877e+00,9.980190511750278715e-01,-9.072104926837335492e-01,1.000000000000000000e+00,3.994036169105241174e-01,1.000000000000000000e+00,-6.969960566677430025e-02,1.000000000000000000e+00,-1.323937458704530945e+00,9.974811639804530561e-01,-3.387755160328954074e-01
1.000000000000000000e+00,-1.501326524924805061e-01,9.994997800849432235e-01,-7.122246104046212611e-01,9.968264341718261479e-01,5.432458020104792284e-01,9.978623661832043412e-01,-8.692409179550822373e-02,1.000000000000000000e+00,-1.798988543112399752e+00,9.979837445596358991e-01,-9.168453759282032545e-01,1.000000000000000000e+00,4.230110598969288316e-01,1.000000000000000000e+00,-7.060581690490902451e-02,1.000000000000000000e+00,-1.331799851405856439e+00,9.975354617940505042e-01,-3.032549166622443004e-01
1.000000000000000000e+00,9.861309057646135134e-02,9.991322930869738217e-01,-5.425545413612412604e-01,9.968880094066762121e-01,7.592264648880616695e-01,9.972299481522045594e-01,-1.732528205178792136e-01,1.000000000000000000e+00,-2.169775740335994296e+00,9.983361586287595735e-01,-7.535460860078956324e-01,1.000000000000000000e+00,5.846581424750493250e-01,1.000000000000000000e+00,9.940476038070450437e-02,1.000000000000000000e+00,-1.049495563046668911e+00,9.989384951828809145e-01,-7.728235928719283387e-02
1.000000000000000000e+00,-3.774392375770725394e-01,9.988813758594451420e-01,-6.719658164168069714e-01,9.971530202140190813e-01,6.291273294582702125e-01,9.978457250462542394e-01,-1.517091475170858905e-01,1.000000000000000000e+00,-1.835270545432299727e+00,9.982628333369645279e-01,-6.543038972621272320e-01,9.999670266258334772e-01,4.129860616851470656e-01,1.000000000000000000e+00,-8.350520827769575272e-02,1.000000000000000000e+00,-1.240684962464958963e+00,9.971156788703955387e-01,-5.916624290213072790e-01
1.000000000000000000e+00,-1.951139372868839761e-01,9.986765130453675310e-01,-4.977997876712886849e-01,9.972526304327545832e-01,6.126929831308514096e-01,9.982891183733996199e-01,-2.193445017498456551e-01,1.000000000000000000e+00,-2.123808014166053582e+00,9.983447002816889793e-01,-7.455842051335435094e-01,9.997511339177673761e-01,4.658590303252868048e-01,1.000000000000000000e+00,-5.120366190842598475e-02,1.000000000000000000e+00,-1.280313209464588819e+00,9.971225186388577022e-01,-5.950859119682228027e-01
1.000000000000000000e+00,2.700094971718683401e-02,9.978950286679758586e-01,-5.426444261310823247e-01,9.969589613776844716e-01,5.877650621227858974e-01,9.972960935886626688e-01,7.880436089015908918e-02,1.000000000000000000e+00,-1.945638924951261339e+00,9.975168727048397965e-01,-7.546200217092370321e-01,9.999796182134251810e-01,8.163585242616199222e-01,1.000000000000000000e+00,-6.094106740470731087e-02,1.000000000000000000e+00,-1.160327553231387920e+00,9.964012442631497990e-01,-6.748327942496447074e-01
1.000000000000000000e+00,-2.022390342710642108e-01,9.988253554719933591e-01,-5.643860387214045815e-01,9.972616063498855876e-01,7.317559751305406923e-01,9.979811841240895376e-01,-3.171084343450294996e-02,1.000000000000000000e+00,-1.818337207673360156e+00,9.981924075719134093e-01,-6.403613075961402945e-01,9.999532393779403394e-01,4.946444053021425424e-01,1.000000000000000000e+00,-7.932249872869384655e-02,1.000000000000000000e+00,-1.242207702231266975e+00,9.972310232444659972e-01,-5.037988069423096071e-01
1.000000000000000000e+00,8.175517990655474521e-02,9.993790085260896294e-01,-5.473943089232398140e-01,9.977956699341273827e-01,7.890128746722717690e-01,9.982917112406192173e-01,5.551761303245507373e-02,1.000000000000000000e+00,-1.738754743713347262e+00,9.967301628265661240e-01,-3.936521855232651412e-01,9.987929909716561916e-01,7.381424058857939396e-01,1.000000000000000000e+00,-2.833488721594595861e-02,1.000000000000000000e+00,-1.087205844828337931e+00,9.977013783164414562e-01,-1.362782614904493039e-01
1.000000000000000000e+00,5.965628428157396801e-01,9.989752510928918694e-01,-2.589821454401499135e-01,9.962758474136401698e-01,8.301443769953387175e-01,9.975414968547200445e-01,2.486195168271895239e-01,9.997355387728713572e-01,-2.175998395030775967e+00,9.962177175228275061e-01,-6.933406534657216014e-01,1.000000000000000000e+00,1.154469882986423501e+00,1.000000000000000000e+00,1.251938401645438237e-01,1.000000000000000000e+00,-9.583443965046665181e-01,9.982269018343105094e-01,-1.040339147235902484e-01
1.000000000000000000e+00,7.302963668629203209e-02,9.994989536327625324e-01,-5.855527205792226964e-01,9.968997895414724031e-01,6.554786176527015451e-01,9.979982911800132639e-01,6.905864843164190303e-02,1.000000000000000000e+00,-1.778829619459759925e+00,9.978816236227207037e-01,-9.176596122925587684e-01,1.000000000000000000e+00,5.338254329703110423e-01,1.000000000000000000e+00,-4.494527984225335504e-02,1.000000000000000000e+00,-1.332567331249400411e+00,9.976977034938145916e-01,-1.718839523454628315e-01
1.000000000000000000e+00,2.156960951058550791e-03,9.993576006019028179e-01,-5.755777071807153256e-01,9.977270107760612960e-01,7.499318171175196612e-01,9.982271268466974545e-01,2.733108470898014397e-02,1.000000000000000000e+00,-1.752555871780168806e+00,9.968168470349125787e-01,-4.084014717874893119e-01,9.988343184971275601e-01,7.151834236044560811e-01,1.000000000000000000e+00,-2.294710576452083095e-02,1.000000000000000000e+00,-1.091639707988772523e+00,9.976189042617157332e-01,-1.906746219635631900e-01
1.000000000000000000e+00,4.511674066586761067e-01,9.986234885149536389e-01,-3.141427123657143383e-01,9.969980041903936385e-01,6.282256799094548816e-01,9.973066108446090317e-01,3.207971536308283911e-01,1.000000000000000000e+00,-1.989673439341132610e+00,9.963892141287260529e-01,-9.119797979161504697e-01,9.999110597537552714e-01,1.142669220654835227e+00,1.000000000000000000e+00,3.194791760721651941e-02,1.000000000000000000e+00,-9.847663393240789764e-01,9.983372130264338562e-01,4.775849505548240836e-03
1.000000000000000000e+00,5.584819271879957192e-01,9.990010222885670199e-01,-5.396339800363990635e-01,9.969717164663977060e-01,9.798348456595014078e-01,9.977394411888662606e-01,4.878021985751035405e-02,9.998533866523138247e-01,-2.090842439318879808e+00,9.961121163589022887e-01,-4.915958238309734440e-01,1.000000000000000000e+00,1.030603063319898594e+00,1.000000000000000000e+00,5.334523850685284063e-02,1.000000000000000000e+00,-8.426363815748936226e-01,9.979431456946984413e-01,-2.668046278754030443e-01
1.000000000000000000e+00,1.043731808779924108e-01,9.989207657938219409e-01,-5.929480559840976106e-01,9.967048722524373128e-01,7.273730946837635436e-01,9.977919086104568569e-01,-3.186437937469639714e-02,9.990375719985131742e-01,-2.079203934361969264e+00,9.963745494071435393e-01,-3.519071375045950134e-01,9.994858645524526963e-01,8.884262017037614090e-01,1.000000000000000000e+00,5.190944714678354110e-02,1.000000000000000000e+00,-1.056445171372706993e+00,9.967046060233192284e-01,-5.745756841736470166e-01
1.000000000000000000e+00,2.478293927499893301e-01,9.989311798053157609e-01,-7.818486674693940763e-01,9.973320966610306204e-01,9.443428854110502702e-01,9.979924463618824459e-01,-1.474493112041009857e-01,9.992261656556625793e-01,-2.016548988457660396e+00,9.961167876619014816e-01,-1.685631375171245949e-01,9.992424353429640860e-01,8.590248649078273679e-01,1.000000000000000000e+00,1.615345141945556673e-03,1.000000000000000000e+00,-9.135019572590790116e-01,9.966451408148934155e-01,-6.336610650516532051e-01
1.000000000000000000e+00,3.542434508019284833e-02,9.985149351610377311e-01,-4.248165069456347753e-01,9.966238706584190643e-01,7.234849644682128655e-01,9.974549143325935896e-01,3.758064635807623066e-02,9.991278963747440844e-01,-2.246285682912259940e+00,9.966802284598968997e-01,-5.215641371128200143e-01,9.998682301257550975e-01,9.706438415834505173e-01,1.000000000000000000e+00,3.522168939058926973e-02,1.000000000000000000e+00,-9.853870702272239379e-01,9.975849876321750687e-01,-5.552044618587606006e-01
1.000000000000000000e+00,3.607210435305925333e-01,9.989865471573396993e-01,-6.137455835165779305e-01,9.969938553743014076e-01,8.734908152588345409e-01,9.977029792307463563e-01,5.377919360529857806e-03,9.997553140464321420e-01,-2.150096349775766580e+00,9.962662500419890987e-01,-5.457272409980228334e-01,9.999799989347201157e-01,9.558658441807535988e-01,1.000000000000000000e+00,-3.228154260270545139e-03,1.000000000000000000e+00,-9.400609074098544848e-01,9.978137996320493031e-01,-3.807439750263444389e-01
1.000000000000000000e+00,2.549627848645832362e-01,9.989823336459375813e-01,-6.640531422124178462e-01,9.970068833286207521e-01,8.124496573762344243e-01,9.976827031424823078e-01,-2.431441338417258610e-02,9.996998158348691099e-01,-2.196029670575850634e+00,9.963236621604694143e-01,-5.840583002030216297e-01,9.999192820356964662e-01,9.128188354574630070e-01,1.000000000000000000e+00,-4.535121322658866583e-02,1.000000000000000000e+00,-1.001097325831450391e+00,9.977577952118344973e-01,-4.491941747252711781e-01
1.000000000000000000e+00,1.715082281837551070e-01,9.989626615059129522e-01,-7.101111369859979261e-01,9.970462207523622666e-01,7.602065159524917792e-01,9.976776936335892687e-01,-3.622202597262976637e-02,9.996399417492574102e-01,-2.247460275903331528e+00,9.963658877774184131e-01,-6.174720098992537709e-01,9.998427774121444456e-01,8.879378835487371502e-01,1.000000000000000000e+00,-9.143193052719861269e-02,1.000000000000000000e+00,-1.064351065163792409e+00,9.977111698965785980e-01,-5.082241932958735386e-01
1.000000000000000000e+00,-1.417448212397104945e-01,9.981574544010028971e-01,-3.423231673525079510e-01,9.961945278419942484e-01,8.621013200114693298e-01,9.970783035908628023e-01,-4.828040631363739177e-02,9.982140099758241014e-01,-1.921635001163050971e+00,9.959589437879073914e-01,-6.592622602957167732e-01,9.995244608131415021e-01,9.470746101847449250e-01,1.000000000000000000e+00,3.472532929494910880e-01,1.000000000000000000e+00,-7.859979055421804084e-01,9.981914357999071008e-01,-4.290248481599534536e-03
1.000000000000000000e+00,-1.001204421417599688e-01,9.984380120938523007e-01,-4.935460772663625706e-01,9.966669674474737395e-01,4.981812013392775129e-01,9.969114525899303025e-01,6.042595211714085757e-02,9.999815127551149319e-01,-1.636510924781915843e+00,9.959555781645976769e-01,-1.269286277099425320e+00,9.992930177211464260e-01,8.917509783861201633e-01,1.000000000000000000e+00,2.787248880929122929e-01,1.000000000000000000e+00,-9.371526354818325855e-01,9.987273212374550013e-01,4.798765243610281228e-01
1.000000000000000000e+00,5.008271408075976039e-02,9.988337106673226273e-01,-7.280762715174269317e-01,9.966094487643492039e-01,8.848241381162464947e-01,9.974623053415748730e-01,-2.386213086132891736e-01,9.989966027035096507e-01,-1.760149370826355364e+00,9.957292437561398035e-01,-7.950369899001881180e-01,9.994899114146418295e-01,7.891077026692383534e-01,1.000000000000000000e+00,3.348491656320871090e-01,9.995865438806194048e-01,-7.637976436444462447e-01,9.982106784168829350e-01,1.788746011904625843e-01
1.000000000000000000e+00,1.728527523666619214e-01,9.974119557464659058e-01,-2.723401064340108535e-01,9.991852101342736381e-01,1.116766593029225429e+00,9.985257136152378976e-01,-5.217160666186788642e-01,9.984137039823446358e-01,-8.326968029182433284e-01,9.967168952664489101e-01,-2.853527906077273357e-01,9.999583653634144254e-01,3.912008750168138871e-01,1.000000000000000000e+00,1.532713189750038174e-01,9.995440870531216992e-01,-1.140463936073132345e+00,9.967950226193691421e-01,3.583307101358401692e-03
1.000000000000000000e+00,1.855635483753014237e-01,9.974070432495105720e-01,-2.674839678530877007e-01,9.992065790483066756e-01,1.121676704510980782e+00,9.985332255044951921e-01,-5.219792464114194619e-01,9.984236694692179004e-01,-8.348900147377606995e-01,9.967083307039874551e-01,-2.831828054186227295e-01,9.999797922915327764e-01,3.896966250183521163e-01,1.000000000000000000e+00,1.435670635424666219e-01,9.995408395559265413e-01,-1.146986471587845058e+00,9.968037619394650717e-01,-5.375035853919518658e-04
1.000000000000000000e+00,-2.078996496183427301e-04,9.987584552032556795e-01,6.464216777031392414e-02,9.980860576346999302e-01,1.632741157796371523e+00,9.996238357660225393e-01,-6.044619855670771980e-01,9.981319442045830659e-01,-2.524917133075229581e-01,9.970768659408096868e-01,-2.856845315438952260e-02,1.000000000000000000e+00,1.339153427192736612e-01,1.000000000000000000e+00,1.336536129841962850e-01,9.993415838857268030e-01,-1.489001352552335566e+00,9.964058464323152231e-01,-2.464129859817973389e-02
1.000000000000000000e+00,-1.431801629688632949e-01,9.984602487376366131e-01,1.293879467243245207e-01,9.989873645585233275e-01,1.430210843312686775e+00,9.987952316571389044e-01,-7.807344512332763387e-01,9.979015645146781521e-01,-4.815641533860844925e-01,9.971732887031538040e-01,-7.465889294673680454e-02,9.999579703132857045e-01,1.242386013139775008e-01,1.000000000000000000e+00,1.712986464691730604e-01,9.985894053785455693e-01,-1.453675943805494253e+00,9.966311510779699567e-01,-3.827219573677389519e-01
1.000000000000000000e+00,-1.769412968918828155e-01,9.987174524534185860e-01,-5.820913063517013653e-02,9.979771382428005433e-01,1.493109198071087107e+00,9.995202622787121571e-01,-6.878899255078417818e-01,9.980475314581378488e-01,-3.329984141792271535e-01,9.971554396070377857e-01,-1.432120005963926079e-01,1.000000000000000000e+00,8.356542579790021685e-02,1.000000000000000000e+00,1.697560919091614662e-01,9.993555381163947704e-01,-1.478635482837911574e+00,9.963425120351492303e-01,-5.274251043328265220e-02
1.000000000000000000e+00,2.304692969503877864e-01,9.982983699196973371e-01,-8.407015351122479330e-02,9.990068455160572292e-01,1.688831407038130283e+00,1.000000000000000000e+00,-1.667253012838415260e-01,9.996187932873551452e-01,2.522147694095167592e-01,9.991287902343520821e-01,-5.734749883000130888e-01,1.000000000000000000e+00,1.096224666227168798e-01,1.000000000000000000e+00,2.321392651218442960e-02,9.993677292267443280e-01,-7.848233274712861363e-01,9.979282544254753917e-01,-7.306593869101211114e-01
1.000000000000000000e+00,4.882246874252665902e-01,9.978272102951857292e-01,1.959576618488366451e-01,9.989067472082394650e-01,1.541448513453825164e+00,9.998132792650047396e-01,1.379367621801101951e-01,1.000000000000000000e+00,3.850395365635252976e-01,9.988662591785836264e-01,-2.887685705177135409e-01,1.000000000000000000e+00,1.277556194454599336e-01,1.000000000000000000e+00,-4.677124411361305301e-01,1.000000000000000000e+00,-1.133459803755133555e+00,9.986379793063159260e-01,-1.065907277969736500e+00
1.000000000000000000e+00,6.677669084621142837e-01,9.977770832476628993e-01,3.015732108673505052e-01,9.990644828646023656e-01,1.635784181615704380e+00,9.999089389626675262e-01,2.450428899061072585e-01,1.000000000000000000e+00,4.894973144730357939e-01,9.989100951710695453e-01,-2.191504262538441217e-01,1.000000000000000000e+00,1.564177270939474118e-01,1.000000000000000000e+00,-5.508324979449081837e-01,1.000000000000000000e+00,-1.134221392782528426e+00,9.988329045108635951e-01,-1.120127479104237267e+00
1.000000000000000000e+00,9.004997993327431560e-01,9.976956178895640681e-01,4.359401250329325017e-01,9.992711290985691885e-01,1.753025552375278462e+00,1.000000000000000000e+00,3.841687364633228352e-01,1.000000000000000000e+00,6.314487912915799361e-01,9.989706721104604226e-01,-1.318504626918605427e-01,1.000000000000000000e+00,1.945941505784029579e-01,1.000000000000000000e+00,-6.551423513240945962e-01,1.000000000000000000e+00,-1.130437332075737489e+00,9.990823610012290468e-01,-1.191956807736265889e+00
1.000000000000000000e+00,1.176015107650835612e+00,9.975697308194310109e-01,5.890162427765748276e-01,9.995197093355338014e-01,1.880846010050050143e+00,1.000000000000000000e+00,5.481459675979742929e-01,1.000000000000000000e+00,8.089490385093909275e-01,9.990483766850853931e-01,-3.435437322637330260e-02,1.000000000000000000e+00,2.405366408797845468e-01,1.000000000000000000e+00,-7.735262837357710364e-01,1.000000000000000000e+00,-1.118469208700256790e+00,9.993716152522509333e-01,-1.278954046567094327e+00
1.000000000000000000e+00,6.228393502075164623e-01,9.988906823146722624e-01,4.747748343336225529e-01,9.985396607144547687e-01,2.121594479792603405e+00,1.000000000000000000e+00,-4.086992992180615292e-01,9.983302524871980888e-01,2.378821603293640452e-02,9.967805261564457453e-01,3.338402137680210324e-01,1.000000000000000000e+00,2.398645613830700518e-01,1.000000000000000000e+00,-5.159805406677536732e-02,9.992958720638479564e-01,-1.605551460833140709e+00,9.965848351931042570e-01,1.233890958368560886e-02
1.000000000000000000e+00,7.188282392499412143e-01,9.989006287077781820e-01,5.319880658334665835e-01,9.986060018358797752e-01,2.193415592341640075e+00,1.000000000000000000e+00,-3.817095574166497474e-01,9.983366715091408494e-01,6.988208799325218434e-02,9.967351618908626421e-01,3.887630375725603660e-01,1.000000000000000000e+00,2.598068668379013846e-01,1.000000000000000000e+00,-7.186978415131217712e-02,9.993040290290817751e-01,-1.615427254834878923e+00,9.966025058844396600e-01,2.284712532292537679e-02
1.000000000000000000e+00,8.204932503562807344e-01,9.989066667738265570e-01,5.888429808578981017e-01,9.986744474567335050e-01,2.266404143605057264e+00,1.000000000000000000e+00,-3.543175939426944088e-01,9.983355768174373424e-01,1.182582420105663390e-01,9.966874357427076836e-01,4.458277798214911325e-01,1.000000000000000000e+00,2.825233260356703746e-01,1.000000000000000000e+00,-9.046744367174175405e-02,9.993201877556103785e-01,-1.622126328911871251e+00,9.966193857603016237e-01,3.593250367496642061e-02
1.000000000000000000e+00,8.665600520089131731e-01,9.984756163663248696e-01,8.491517269742785423e-01,1.000000000000000000e+00,2.147397874833487208e+00,9.992375961972315146e-01,-5.396718375375679777e-01,9.980258607835885698e-01,-1.185183918658000435e-01,9.967094613286910931e-01,5.301222946276820114e-01,1.000000000000000000e+00,3.295239244163225556e-01,1.000000000000000000e+00,-9.151402119818141667e-02,9.981701635257875793e-01,-1.590171780015761538e+00,9.970380623531496234e-01,-4.897972036935358542e-01
1.000000000000000000e+00,1.532446634138313168e+00,1.000000000000000000e+00,1.935080874452241584e-01,9.980485261122410412e-01,1.709966697736779562e+00,9.969842764341474428e-01,-2.451620227078841752e-01,9.999055667490084343e-01,-1.726802419393733912e+00,9.939172085752391306e-01,-2.381701617878832500e-01,1.000000000000000000e+00,1.373970164753217427e+00,1.000000000000000000e+00,-8.882182609410377294e-02,9.992062560658381276e-01,-1.019408287866854224e+00,9.994389216864310033e-01,3.240118753354616077e-01
1.000000000000000000e+00,1.314100766623333527e+00,9.974472164500838289e-01,4.120058584728736317e-01,9.959055031679504566e-01,9.106912461492778776e-01,9.957747818027404829e-01,1.056639036769406292e+00,1.000000000000000000e+00,-2.157681021969461543e+00,9.958056628417863987e-01,-1.986940935524567742e+00,1.000000000000000000e+00,1.562085447289651263e+00,1.000000000000000000e+00,-2.110355027436748854e-01,9.999632281757379060e-01,-1.175463478127073191e+00,1.000000000000000000e+00,5.175783194817378252e-01
9.997916413292456950e-01,7.378330408117708128e-01,9.988548636506893175e-01,-1.643927150892105504e-01,9.980798986168473164e-01,6.774246422793250844e-01,9.990670089203310678e-01,5.085078907946244398e-02,1.000000000000000000e+00,-1.681059905769230367e+00,9.975675736338736055e-01,-1.109401493677155237e+00,1.000000000000000000e+00,5.102359981438383540e-01,1.000000000000000000e+00,-6.012698354118645172e-02,1.000000000000000000e+00,-1.316336334961279331e+00,9.989486149026959305e-01,-4.153759411100052534e-01
1.000000000000000000e+00,-3.784355615380641247e-01,9.965424731933412161e-01,3.888979473881044036e-01,9.973586548444062228e-01,5.733167862237007473e-01,9.982182690940730740e-01,9.214773797557401780e-02,1.000000000000000000e+00,-2.388563063295103372e+00,9.980292129562706727e-01,-5.584744031020332233e-01,9.987878616303700330e-01,1.186573343126262836e+00,1.000000000000000000e+00,7.649127825496507826e-01,1.000000000000000000e+00,-1.607845335564155320e+00,9.960692054712911858e-01,-4.977531645895907353e-01
1.000000000000000000e+00,7.051276441806197948e-03,9.993144884371442105e-01,1.452769487911314272e-01,9.980109419053174724e-01,1.061656438524579471e+00,9.977547046370064399e-01,8.486367531040334145e-02,1.000000000000000000e+00,-1.881044101329270246e+00,9.949239050617451063e-01,-1.184889098727769596e+00,9.999335321529283505e-01,3.501103186055043448e-01,1.000000000000000000e+00,6.889909752985878821e-02,1.000000000000000000e+00,-2.233468121698458653e+00,9.983276167210030083e-01,-1.278815262299179301e+00
9.998193167597331232e-01,7.007758820209193384e-01,9.988470513246796578e-01,-1.818342228391093274e-01,9.980624686066794649e-01,6.605960539468883619e-01,9.990514153373674100e-01,2.581837983425083749e-02,1.000000000000000000e+00,-1.690898066301299796e+00,9.975784026260050563e-01,-1.119633724900461980e+00,1.000000000000000000e+00,4.892977556709578457e-01,1.000000000000000000e+00,-6.306968402415408237e-02,1.000000000000000000e+00,-1.323367361430896505e+00,9.989292164844278954e-01,-4.180036720494845204e-01
1.000000000000000000e+00,-3.521158961194983950e-01,9.962303849041617143e-01,6.496703022960670371e-01,9.972266341151694302e-01,4.585244023546116710e-01,9.985463982666119565e-01,-1.308117416530684696e-01,1.000000000000000000e+00,-2.543418337126562179e+00,9.977277601597548395e-01,-7.204138593411666402e-01,9.986308361957114688e-01,1.058486257848853862e+00,1.000000000000000000e+00,6.057077336248001265e-01,1.000000000000000000e+00,-1.679374009163558057e+00,9.962197798445009411e-01,-4.388385076783430372e-01
1.000000000000000000e+00,-4.637787263809104443e-01,9.966132973528025740e-01,3.221926433438735415e-01,9.973094031715009633e-01,5.395028733758195916e-01,9.981740226976840713e-01,1.669141913039973169e-02,1.000000000000000000e+00,-2.368776635084956617e+00,9.980438808183669241e-01,-5.892255945698241515e-01,9.987833525561948811e-01,1.101681978716944954e+00,1.000000000000000000e+00,7.512649848460679625e-01,1.000000000000000000e+00,-1.597390726099837899e+00,9.960983307710974399e-01,-4.821027509313636772e-01
1.000000000000000000e+00,3.165325389505384557e-01,9.964858151784461437e-01,-1.023674004236633239e-01,9.974235147689514136e-01,1.440871524206859822e-01,9.995291479882966179e-01,-8.037739772592161769e-02,9.995364431459299315e-01,-2.077103038699574356e+00,1.000000000000000000e+00,-6.064034100090884838e-01,9.991793469569829611e-01,1.115651444856957886e+00,1.000000000000000000e+00,5.171121510965965840e-01,1.000000000000000000e+00,-6.577825924431448534e-01,9.970584267671418477e-01,3.807141233586096574e-01
1.000000000000000000e+00,3.352699247333970067e-01,9.964702562767756566e-01,-9.736710852560465090e-02,9.974352410346041253e-01,1.423325601384890782e-01,9.995513301826336461e-01,-7.297154624654150767e-02,9.995388784911989344e-01,-2.083877724664803033e+00,1.000000000000000000e+00,-6.068841533119331277e-01,9.991860821631366463e-01,1.124946621462332708e+00,1.000000000000000000e+00,5.111755674935064553e-01,1.000000000000000000e+00,-6.566755497003318176e-01,9.970664187040372273e-01,3.827475460092436554e-01
1.000000000000000000e+00,-5.106735926102576872e-01,9.966471292535750148e-01,2.838953780099457425e-01,9.972850321823522046e-01,5.172861585863810507e-01,9.981542972553721915e-01,-2.570759409118988925e-02,1.000000000000000000e+00,-2.362854100505924926e+00,9.980528817411776776e-01,-6.103087069342996163e-01,9.987776271261851191e-01,1.055241969711409267e+00,1.000000000000000000e+00,7.410925560266785617e-01,1.000000000000000000e+00,-1.595910004755137113e+00,9.961110459102384684e-01,-4.778616621904313022e-01
1.000000000000000000e+00,2.435448595592472620e-01,9.965271642671128527e-01,-1.380306854180827769e-01,9.973916341933939389e-01,1.266597168237315052e-01,9.994748009488229057e-01,-1.261785157095806076e-01,9.995295311807549377e-01,-2.076250105812052826e+00,1.000000000000000000e+00,-6.302077831411290187e-01,9.991579539462338566e-01,1.064026888735630338e+00,1.000000000000000000e+00,5.131075237210325213e-01,1.000000000000000000e+00,-6.774719525897865413e-01,9.970442021274916744e-01,3.637219978891251815e-01
1.000000000000000000e+00,4.759782417089558626e-02,9.970568432231114997e-01,-3.998058778983786810e-01,9.973046343672310465e-01,3.303535854071057987e-01,9.986070280023408019e-01,1.682189207619235183e-01,9.981040749965810477e-01,-1.431638794541482129e+00,1.000000000000000000e+00,-4.179685510816225080e-01,9.996581239815865993e-01,1.014901700411766861e+00,1.000000000000000000e+00,4.103433599028453171e-01,1.000000000000000000e+00,-6.297734951107651913e-01,9.971817588122761089e-01,4.165346445627785554e-01
1.000000000000000000e+00,2.562474965883171363e-02,9.970684618747885919e-01,-4.108746200770524992e-01,9.972952411191714495e-01,3.242855301161128301e-01,9.985919971063510481e-01,1.538318464423027443e-01,9.981026173013471947e-01,-1.432385066224016956e+00,1.000000000000000000e+00,-4.258800821191261465e-01,9.996508907510495145e-01,9.991803130568692737e-01,1.000000000000000000e+00,4.087999515119670191e-01,1.000000000000000000e+00,-6.360582622484096671e-01,9.971771661372055284e-01,4.109883278454389832e-01
1.000000000000000000e+00,-4.660927236542389274e-02,9.974078132186504630e-01,-2.378650435129355811e-01,9.974491129223556074e-01,1.019823366502532691e+00,9.985141078138929371e-01,3.139284137793929563e-01,9.988986858402038038e-01,-1.772841957776717159e+00,9.988488834584627885e-01,-4.100726569842720881e-01,9.994041684577910090e-01,7.564051423568013410e-01,9.998098124259423569e-01,-2.432339448516200875e-01,9.999799882110099736e-01,-1.307212478534602429e+00,9.969254564011584829e-01,5.837315002203113945e-01
1.000000000000000000e+00,8.903087933743633053e-01,9.969460357555943730e-01,2.697470299856627451e-01,9.974480049518652525e-01,1.069136897912986495e+00,9.961198332212273243e-01,6.993176055852832196e-01,1.000000000000000000e+00,-2.213287302742232399e+00,9.947409382109626552e-01,-9.260046597327608042e-01,9.997009032545512985e-01,1.641080480452171475e+00,1.000000000000000000e+00,-1.660014288978972630e-01,1.000000000000000000e+00,-7.608216958496599736e-01,9.999965379393477294e-01,2.142007725105707916e-01
9.998478642081476409e-01,3.593419239169404200e-01,9.991382603260928752e-01,-4.754323230719958993e-01,9.978740292557021219e-01,7.437549216390830775e-01,9.982541776069688844e-01,1.831106583871346394e-01,1.000000000000000000e+00,-1.179599808688299278e+00,9.974411291161152660e-01,-9.377141076773307660e-01,1.000000000000000000e+00,4.072895020027235136e-01,1.000000000000000000e+00,-1.215192875160914787e-01,9.999025271260979508e-01,-1.262541158628643245e+00,9.988492156042370063e-01,-3.302153316574170105e-01
1.000000000000000000e+00,1.027415672413934666e-01,9.970056942845597625e-01,-3.878667098730073648e-01,9.973428017844597759e-01,3.192389255663009018e-01,9.986810217829845682e-01,1.848152335231983412e-01,9.981182180107802671e-01,-1.460163890522083507e+00,1.000000000000000000e+00,-4.260105842351183392e-01,9.996796459114934974e-01,1.037879800667432573e+00,1.000000000000000000e+00,3.858264789346247392e-01,1.000000000000000000e+00,-6.312424286608506740e-01,9.972102262472140044e-01,4.196770229094894944e-01
1.000000000000000000e+00,5.467651308618065586e-01,9.988654809151565894e-01,-3.378109347130254791e-01,9.984967560902546779e-01,1.128737723583278951e+00,9.988381784768997074e-01,2.888156413921483812e-01,9.993960370294587836e-01,-1.741116098703082926e+00,9.959911015428066783e-01,1.932459028633765896e-01,9.970780617376777677e-01,1.173467954500239774e+00,1.000000000000000000e+00,-4.343152208928569014e-02,1.000000000000000000e+00,-9.081547186572848096e-01,9.980166359805928700e-01,1.121661904396124232e+00
9.997655029059746568e-01,4.260117053910358886e-01,9.991492402683582741e-01,-4.598474448847835183e-01,9.979240994200938575e-01,7.522283782002572305e-01,9.983107507266749669e-01,2.077392192979367058e-01,1.000000000000000000e+00,-1.191482503431992468e+00,9.974269425474102668e-01,-9.505106386531358975e-01,1.000000000000000000e+00,4.215931577108116279e-01,1.000000000000000000e+00,-1.502576625590563708e-01,9.999087875696370808e-01,-1.273969577076928816e+00,9.989166258767839812e-01,-3.433842904048198252e-01
9.997269778853627997e-01,4.584737247939937865e-01,9.991536669744666144e-01,-4.517529005728344038e-01,9.979472600134500215e-01,7.567921850789655069e-01,9.983380658130743823e-01,2.204350401747633970e-01,1.000000000000000000e+00,-1.196137988737117075e+00,9.974219627552288747e-01,-9.552510462214787168e-01,1.000000000000000000e+00,4.302332340708827640e-01,1.000000000000000000e+00,-1.619090689721564558e-01,9.999136860718613740e-01,-1.277642347162565972e+00,9.989463695191094228e-01,-3.486595541945555765e-01
1.000000000000000000e+00,3.111899809327807187e-01,9.968618275211920121e-01,7.943214492288541706e-02,9.976677528888554525e-01,9.660541635627966084e-01,9.994577094411766227e-01,1.838862445432342674e-01,1.000000000000000000e+00,-2.435622705230866103e+00,9.991825053744943785e-01,-5.744805850829839411e-01,9.990041080428850861e-01,8.681680738605981329e-01,1.000000000000000000e+00,-3.149584606432503930e-01,1.000000000000000000e+00,-1.440296177209569040e+00,9.968384281383038115e-01,5.986645226941406106e-01
9.996659871301687428e-01,5.086693696459694269e-01,9.991586348942710361e-01,-4.405081611848289946e-01,9.979833306402928761e-01,7.617983323821515551e-01,9.983833540513133986e-01,2.388029747046166440e-01,1.000000000000000000e+00,-1.205071810072133154e+00,9.974182067510637406e-01,-9.639853130171549545e-01,1.000000000000000000e+00,4.435012405448724992e-01,1.000000000000000000e+00,-1.803665138779942390e-01,9.999238296337835674e-01,-1.283241963901408988e+00,9.989911325447794477e-01,-3.572783043754976240e-01
1.000000000000000000e+00,4.844061392799080545e-01,9.963315458997594742e-01,-7.725267765271170983e-02,9.975382539654694680e-01,1.050791821546664673e-01,9.997564397604515873e-01,-2.718229294700352794e-02,9.995435999722249720e-01,-2.154914167134037939e+00,1.000000000000000000e+00,-6.307716766575479639e-01,9.992351686313751813e-01,1.190468951798055564e+00,1.000000000000000000e+00,4.453521864506512218e-01,1.000000000000000000e+00,-6.536642874458448160e-01,9.971349562197179273e-01,3.920406129371368231e-01
1.000000000000000000e+00,5.186059960891785670e-01,9.963056933030219886e-01,-6.950738461923700040e-02,9.975570897898294875e-01,1.027031244670977284e-01,9.997948612834463011e-01,-1.147404329983103821e-02,9.995396277472524682e-01,-2.162679488453596477e+00,1.000000000000000000e+00,-6.286452673218678733e-01,9.992421698435922650e-01,1.211194118182248314e+00,1.000000000000000000e+00,4.395253539653212194e-01,1.000000000000000000e+00,-6.468654727641827140e-01,9.971426359748951640e-01,3.966970431545880360e-01
1.000000000000000000e+00,5.538732493320150940e-01,9.962793739125116455e-01,-6.224974846837261211e-02,9.975762441374413925e-01,9.985577153406027806e-02,9.998346898212100431e-01,4.789819123104666065e-03,9.995340941742685281e-01,-2.170435096545341835e+00,1.000000000000000000e+00,-6.264405713022938027e-01,9.992486104536237868e-01,1.232966639839937040e+00,1.000000000000000000e+00,4.338750250305050682e-01,1.000000000000000000e+00,-6.392969647207481509e-01,9.971494102420374039e-01,4.012438064491345990e-01
1.000000000000000000e+00,1.061438814626536109e+00,9.968156620045071081e-01,-6.245695108675441976e-01,9.970392235368875644e-01,-3.432549232612541190e-01,1.000000000000000000e+00,1.219485028861177767e-01,9.984391581354398193e-01,-2.028695646957371146e+00,1.000000000000000000e+00,-4.889535697192006203e-01,9.995056881081127997e-01,1.664365216189607422e+00,1.000000000000000000e+00,5.863329965829180423e-01,1.000000000000000000e+00,-1.760018869482983805e-01,9.971025893731629841e-01,9.727452839752187552e-02
1.000000000000000000e+00,-5.662862107850146209e-01,9.992642039129245868e-01,-1.428928033007028864e+00,9.958467671724985371e-01,7.003770474397610357e-01,9.979975300691995566e-01,-5.459115546366449800e-02,1.000000000000000000e+00,-1.361958005832507590e+00,9.964187826257789871e-01,1.811205716594838089e-02,1.000000000000000000e+00,7.570202368694118888e-01,1.000000000000000000e+00,4.433746891735762530e-01,1.000000000000000000e+00,4.136229168763733144e-01,9.933990973376943812e-01,-8.027765033997519284e-02
1.000000000000000000e+00,7.357803349382119329e-02,9.975205678803269471e-01,-6.546895837289430364e-01,9.975717891861215492e-01,5.891430529327229548e-02,9.981129805153372558e-01,5.423931059915826358e-01,9.990368368576736380e-01,-2.198621562954564901e+00,1.000000000000000000e+00,-2.964115150647588237e-01,9.989877855889455205e-01,1.964861577497927225e+00,1.000000000000000000e+00,1.070542050849192517e+00,1.000000000000000000e+00,-1.076699492818704584e+00,9.952952648522049861e-01,-1.207675514299005659e+00
1.000000000000000000e+00,-4.190898627294564194e-01,9.967525409507831391e-01,5.276955351649753601e-02,9.982070552270722041e-01,5.633829004701740306e-01,9.976453857487956878e-01,3.677901677873101072e-01,1.000000000000000000e+00,-2.365923512004708851e+00,9.982011224569725671e-01,-4.863302608938588345e-01,9.987300445397011561e-01,1.416031676127820438e+00,1.000000000000000000e+00,8.214104266947781507e-01,1.000000000000000000e+00,-1.550588866198093330e+00,9.955529725138316799e-01,-6.859416117812311420e-01
1.000000000000000000e+00,3.605405089219248516e-01,9.968317998407130176e-01,-3.176594054588665061e-01,9.974783871848391659e-01,3.003966257393950734e-01,9.989702742347561504e-01,3.048223397054566908e-01,9.981502627000351513e-01,-1.549721827770501603e+00,1.000000000000000000e+00,-4.126257376117168363e-01,9.997862448012946324e-01,1.151430354164847847e+00,1.000000000000000000e+00,3.117563548994525258e-01,1.000000000000000000e+00,-6.153245137848448731e-01,9.973319063132730644e-01,4.563099541687575256e-01
1.000000000000000000e+00,5.526400684671000096e-01,9.962738676142408600e-01,-6.911400130798200925e-02,9.975807191125538598e-01,9.096445121582391602e-02,9.998445797520439937e-01,-1.828224562528235619e-03,9.995340850103318076e-01,-2.179393366556819256e+00,1.000000000000000000e+00,-6.354973610692178365e-01,9.992504955438881176e-01,1.226902416139936669e+00,1.000000000000000000e+00,4.240512307425292615e-01,1.000000000000000000e+00,-6.444951462712222856e-01,9.971551515353070938e-01,3.976335973650305666e-01
1.000000000000000000e+00,5.881378622153388136e-01,9.962479901116438885e-01,-6.284772695085777405e-02,9.975996910547507701e-01,8.757762701228793967e-02,9.998848248554915719e-01,1.464596825016972748e-02,9.995266972542510286e-01,-2.187005974960036347e+00,1.000000000000000000e+00,-6.332398804191196051e-01,9.992561725348032553e-01,1.249349441844261221e+00,1.000000000000000000e+00,4.187198653441972507e-01,1.000000000000000000e+00,-6.361701775582772056e-01,9.971604891613068400e-01,4.016975295963419734e-01
1.000000000000000000e+00,6.420238169788824445e-01,9.962153087507853444e-01,-4.796953976999157598e-02,9.976213462738972027e-01,8.526844513475193010e-02,9.999076574269517570e-01,4.326157252248247209e-02,9.995587774321148533e-01,-2.203412800205260424e+00,1.000000000000000000e+00,-6.158290810533250115e-01,9.992826312060942850e-01,1.272329481064145451e+00,1.000000000000000000e+00,3.997915833783594053e-01,1.000000000000000000e+00,-6.331505103860117778e-01,9.971923201018928484e-01,4.142972759065369770e-01
1.000000000000000000e+00,-3.335019468836948886e-01,9.963911434821444146e-01,4.087063509868116840e-01,9.974706943511084667e-01,5.265631235604895100e-01,9.983153342928133833e-01,1.160585372686861738e-01,1.000000000000000000e+00,-2.544877481265443997e+00,9.979875587426318972e-01,-6.331406793200169414e-01,9.987762638045832864e-01,1.228031401322737137e+00,1.000000000000000000e+00,6.810831172635098962e-01,1.000000000000000000e+00,-1.742893849423926333e+00,9.960192151940353567e-01,-6.262830489562842828e-01
1.000000000000000000e+00,6.386444158431544560e-01,9.962162067309476843e-01,-5.010521299804443496e-02,9.976207965814414269e-01,8.342903636593895778e-02,9.999062394247624219e-01,4.023729174565932043e-02,9.995598591378447306e-01,-2.205028712334861307e+00,1.000000000000000000e+00,-6.181143987417960783e-01,9.992828358428101909e-01,1.268769930144016511e+00,1.000000000000000000e+00,3.976868517290031435e-01,1.000000000000000000e+00,-6.352629207104523168e-01,9.971936179502358666e-01,4.131558209589840103e-01
1.000000000000000000e+00,6.712854050836294384e-01,9.961933318632327783e-01,-4.749303576960262063e-02,9.976384544815044553e-01,7.876899082653299189e-02,9.999487821556825029e-01,5.510252416905053741e-02,9.995435990115517644e-01,-2.211293466429696597e+00,1.000000000000000000e+00,-6.180359604482921210e-01,9.992841739584765737e-01,1.292069578484585257e+00,1.000000000000000000e+00,3.949415828085416358e-01,1.000000000000000000e+00,-6.249661600072533574e-01,9.971916739810103847e-01,4.142223608240320210e-01
1.000000000000000000e+00,-3.486550476407940247e-02,9.979955687319400637e-01,-8.852170028623486120e-01,9.970410452025465498e-01,1.421148577148482472e-01,9.992559777351230910e-01,3.745832261695545840e-01,9.974799337065679561e-01,-1.900980539157459681e+00,9.986337578721716790e-01,3.267199362806219032e-01,9.973001149526188325e-01,1.418081500388274296e+00,1.000000000000000000e+00,8.284108022019900375e-01,1.000000000000000000e+00,-4.947951103300781694e-01,9.944722127157399338e-01,-1.052193588897439191e+00
1.000000000000000000e+00,-5.456722864747676205e-01,9.972807864391399768e-01,-2.342594493367903263e-01,9.980636317655674494e-01,7.595378953941462896e-01,9.968524214460295907e-01,6.954304137753433146e-01,9.986585260068877590e-01,-1.646349722948036831e+00,9.979085489526448027e-01,-2.600050065433809898e-01,9.993262207876651981e-01,1.376157023643505450e+00,1.000000000000000000e+00,6.701422633437317256e-01,1.000000000000000000e+00,-1.453279333132896589e+00,9.958003021258606813e-01,-5.779708318373472098e-01
9.999098269708915909e-01,7.234578307419199383e-01,9.989640698076033276e-01,-2.150817149432365794e-02,9.982859169859612525e-01,1.354480042662731476e+00,9.990997377405504976e-01,2.743968525156528782e-01,1.000000000000000000e+00,-2.105116495213027683e+00,9.966140913652402622e-01,-1.069813175798300264e+00,9.999485893684196824e-01,3.166642467695442997e-01,9.989570620820311664e-01,-8.522205989360820411e-01,9.995221897583109749e-01,-2.017679561180569792e+00,9.986170802776810351e-01,-1.583070931802726955e-01
9.994567784784619269e-01,9.190787168277094743e-01,9.988423394416282575e-01,-2.005178230757375668e-01,9.982521115791265220e-01,6.161400104372474207e-01,9.993122579628695989e-01,7.594439558070625873e-02,1.000000000000000000e+00,-1.774558917562041538e+00,9.976571819977106959e-01,-1.216277124291755163e+00,1.000000000000000000e+00,5.183721640460969837e-01,1.000000000000000000e+00,-2.141784773547993903e-01,1.000000000000000000e+00,-1.374466742626843763e+00,9.991497458017698508e-01,-4.877980925170662396e-01
1.000000000000000000e+00,7.202558163818515435e-01,9.961608520284424007e-01,-4.950508654232543826e-02,9.976653799006404144e-01,6.736197234205909545e-02,1.000000000000000000e+00,7.600240732482010930e-02,9.995149931637224983e-01,-2.224421066687968906e+00,1.000000000000000000e+00,-6.207266389866090694e-01,9.992858320079122114e-01,1.327009889285592825e+00,1.000000000000000000e+00,3.881281121642571330e-01,1.000000000000000000e+00,-6.095302846116819051e-01,9.971851332426482362e-01,4.107738245953272416e-01
1.000000000000000000e+00,1.180826671791761262e+00,9.967004166771937790e-01,-6.206615227808038870e-01,9.971380463983696707e-01,-3.694019975667496847e-01,1.000000000000000000e+00,1.686978806042226386e-01,9.983656755998246979e-01,-2.072415022419940911e+00,1.000000000000000000e+00,-5.165473920987790901e-01,9.994928431932676993e-01,1.750274607642025249e+00,1.000000000000000000e+00,5.626785336143906857e-01,1.000000000000000000e+00,-1.450846519763976938e-01,9.970766114460006824e-01,9.118329548298753640e-02
1.000000000000000000e+00,-5.389996581125755526e-01,9.990540529984811569e-01,-1.031833052313311239e+00,9.952893121090972128e-01,1.247902769459291905e+00,9.993540448078718219e-01,-5.662468253712966693e-01,1.000000000000000000e+00,-2.106087323947505308e+00,9.964089594407355976e-01,6.084454854055869610e-01,9.999963083607446013e-01,7.114904958117853617e-01,1.000000000000000000e+00,2.496444144899941653e-01,1.000000000000000000e+00,6.306626529169970796e-01,9.944261070951685433e-01,-4.377733580249920098e-01
1.000000000000000000e+00,1.029435977085657594e-02,9.979407707571351649e-01,-8.543787997555265523e-01,9.970535869117165273e-01,1.499120128310207078e-01,9.993363101553640604e-01,4.038482278410032711e-01,9.974803881516530746e-01,-1.940542101746993042e+00,9.985761537045128033e-01,3.360617853412247724e-01,9.972517380669810860e-01,1.449250362159905992e+00,1.000000000000000000e+00,8.096134315591123620e-01,1.000000000000000000e+00,-5.082768684211422805e-01,9.944211928844595150e-01,-1.082805441762547005e+00
1.000000000000000000e+00,-3.116005373814372814e-01,9.966317736383982773e-01,1.076764082720188531e-01,9.982562815621448538e-01,5.595656440222342987e-01,9.977644686459649082e-01,4.416145854226464773e-01,1.000000000000000000e+00,-2.453928696164704437e+00,9.982110527421041990e-01,-4.928393670459700338e-01,9.987161367556360858e-01,1.521136551372766155e+00,1.000000000000000000e+00,8.017955961565401690e-01,1.000000000000000000e+00,-1.601187169247130671e+00,9.954846332794849983e-01,-7.693625330395847950e-01
1.000000000000000000e+00,7.194639512982055063e-01,9.961601990192737732e-01,-5.581405467166861145e-02,9.976684030659854763e-01,6.479097578099585197e-02,1.000000000000000000e+00,7.392953487726672268e-02,9.994826667033080980e-01,-2.220801504257966741e+00,1.000000000000000000e+00,-6.296317209975965667e-01,9.992724564337892579e-01,1.335569717973835946e+00,1.000000000000000000e+00,3.966923166437917869e-01,1.000000000000000000e+00,-6.016455565606244615e-01,9.971643255860660471e-01,4.037783922782497981e-01
1.000000000000000000e+00,7.425512412989727640e-01,9.961500891580290507e-01,-5.788548441478130746e-02,9.976786470093128578e-01,6.025584273473216790e-02,1.000000000000000000e+00,8.555635429568816952e-02,9.994712312275574329e-01,-2.227154734905102185e+00,1.000000000000000000e+00,-6.282068038233344920e-01,9.992745123248337746e-01,1.353021792243616073e+00,1.000000000000000000e+00,3.942421337419107497e-01,1.000000000000000000e+00,-5.937723415611652067e-01,9.971582158141117924e-01,3.994388061683121771e-01
1.000000000000000000e+00,1.636439508533236165e-01,9.973635446389607084e-01,-5.833111992924979727e-01,9.976367583314614818e-01,6.482780845233138134e-02,9.982817704182942453e-01,6.031104310196494511e-01,9.990570039722314055e-01,-2.300318026744063715e+00,1.000000000000000000e+00,-3.360941149236014724e-01,9.989327415121206366e-01,2.070804685941845413e+00,1.000000000000000000e+00,1.055426813406982189e+00,1.000000000000000000e+00,-1.138467252111886152e+00,9.951827927641990756e-01,-1.304959966441375130e+00
1.000000000000000000e+00,1.640260468093115154e-01,9.973635363177382196e-01,-5.829302171650387887e-01,9.976367264098716658e-01,6.521065370437140185e-02,9.982817442520537377e-01,6.035011155833279739e-01,9.990569446052838254e-01,-2.299856453851898852e+00,1.000000000000000000e+00,-3.356592501316907895e-01,9.989327335532953711e-01,2.071182036041432362e+00,1.000000000000000000e+00,1.055827184181104217e+00,1.000000000000000000e+00,-1.138062336406421959e+00,9.951827336186656048e-01,-1.304540533468092844e+00
1.000000000000000000e+00,-2.920097182290469773e-01,9.966221893050354330e-01,1.116255890197924705e-01,9.982535285797601299e-01,5.575141502723854892e-01,9.977876591367048631e-01,4.526241578386823727e-01,1.000000000000000000e+00,-2.466511762402734842e+00,9.982235713337737071e-01,-4.923553336166455185e-01,9.987154131398411350e-01,1.539290025245937166e+00,1.000000000000000000e+00,8.004873820409736940e-01,1.000000000000000000e+00,-1.602010759988039990e+00,9.954703238300915968e-01,-7.854049799942867116e-01
9.993546244367211839e-01,7.927462103258777759e-01,9.990860075843577270e-01,-3.976224197815015349e-01,9.981627728385478182e-01,7.357617977623709393e-01,9.987231226255519623e-01,3.225372179128806471e-01,1.000000000000000000e+00,-1.310043937896437249e+00,9.975894265837821351e-01,-1.013073786066950088e+00,1.000000000000000000e+00,5.600239548547544244e-01,1.000000000000000000e+00,-2.533085205713141996e-01,1.000000000000000000e+00,-1.274882752330713354e+00,9.991199303689585198e-01,-4.038326746104738407e-01
1.000000000000000000e+00,-4.234150013230497667e-01,9.968910751523997194e-01,1.155839091885557390e-01,9.974186897264935014e-01,6.980272261159810032e-01,9.975789875814715657e-01,4.492317819480154961e-01,9.991052568470782935e-01,-1.908823571157323151e+00,9.977863320348926424e-01,-4.148406575831692367e-01,9.992918912200221548e-01,1.244492615987278228e+00,1.000000000000000000e+00,5.657255821411089070e-01,1.000000000000000000e+00,-1.628534476101747064e+00,9.961547778289202570e-01,-5.642708124090748401e-01
1.000000000000000000e+00,4.001431783850861734e-01,9.971043402775225939e-01,-8.955613331744799455e-02,9.977332049243566869e-01,1.102437932748232985e+00,9.990805710047522270e-01,5.171517808641192815e-01,9.991565471233696538e-01,-2.020619476188270980e+00,9.991501941473721615e-01,-4.065130308382163271e-01,9.994091249726513304e-01,9.775373460408463000e-01,9.996518863402563682e-01,-4.506279886161876913e-01,1.000000000000000000e+00,-1.364334953590958577e+00,9.969549526960014285e-01,6.531951988712154655e-01
1.000000000000000000e+00,1.725258302379921060e+00,9.969920033603344445e-01,-4.074361126367509467e-01,9.976332396065379360e-01,1.364166955181130625e+00,9.959078658222068059e-01,1.646677799776780360e-01,1.000000000000000000e+00,-2.529217142518689343e+00,9.955456638708922723e-01,-2.224977768791327470e-01,9.990145834550998583e-01,1.373179111768317195e+00,9.966441220493778008e-01,-8.854586017517673824e-02,1.000000000000000000e+00,-1.019801558571147737e+00,9.969937172241208900e-01,-1.547499163615921880e-01
1.000000000000000000e+00,7.790653854047107085e-01,9.961616324568263181e-01,-7.686671120340438090e-02,9.976874919670111197e-01,5.074310255945463366e-02,1.000000000000000000e+00,1.090843746282331994e-01,9.994416997520526591e-01,-2.245233769723042005e+00,1.000000000000000000e+00,-6.239726629357671417e-01,9.992791464532678747e-01,1.389875922985091439e+00,1.000000000000000000e+00,3.930067362160836186e-01,1.000000000000000000e+00,-5.765596342782726147e-01,9.971180742830353383e-01,3.642204037901362046e-01
1.000000000000000000e+00,1.201140265475665991e+00,9.966968632290548191e-01,-6.179909355883255184e-01,9.971775469711235962e-01,-3.558570066139397081e-01,1.000000000000000000e+00,1.966776962907317849e-01,9.983894724013213651e-01,-2.108255538990004840e+00,1.000000000000000000e+00,-5.160245313474766116e-01,9.994870758340077543e-01,1.778162193328014062e+00,1.000000000000000000e+00,5.528572493478784988e-01,1.000000000000000000e+00,-1.474425425785368393e-01,9.970156347290848320e-01,5.077875030131584477e-02
1.000000000000000000e+00,-1.064359613848824715e+00,1.000000000000000000e+00,-1.065143904692636756e+00,9.943449263393770998e-01,6.951667365472229410e-01,9.949650264948712852e-01,-6.415065165645631451e-01,9.989940122213967211e-01,-6.963759770527441217e-01,1.000000000000000000e+00,2.448128619213915669e-01,1.000000000000000000e+00,-4.896546120272934344e-01,1.000000000000000000e+00,1.238329381661900763e+00,1.000000000000000000e+00,-1.281883592959751628e-01,9.953764244271591233e-01,-4.915626160975571368e-01
1.000000000000000000e+00,1.818958528215952886e-01,9.970047046425192239e-01,-1.902484972924277651e-01,9.969012649546625804e-01,7.590769959750087725e-02,9.988862172628742986e-01,3.093320296014507864e-01,9.994451701193235449e-01,-2.473449637092199449e+00,9.997953383410764783e-01,-4.933077811880710595e-01,9.989711712904014718e-01,1.800235165721940866e+00,1.000000000000000000e+00,8.967374158847405408e-01,1.000000000000000000e+00,-1.335228501812482316e+00,9.956831768912838276e-01,-1.186031391595501860e+00
1.000000000000000000e+00,-2.282697869771495580e-01,9.963706596442011287e-01,3.996235690440241295e-01,9.975185360106324506e-01,5.175160694472421552e-01,9.983903635192822312e-01,2.000503963563821375e-01,1.000000000000000000e+00,-2.607433136464389900e+00,9.980768119141045780e-01,-6.196340629548440226e-01,9.987728793039596376e-01,1.346910700516309678e+00,1.000000000000000000e+00,6.818916246424561178e-01,1.000000000000000000e+00,-1.733791364096031407e+00,9.958975196215960057e-01,-7.299304143958189606e-01
1.000000000000000000e+00,7.854458496376648391e-01,9.961637879170384124e-01,-7.033872934927165588e-02,9.976855941630865532e-01,5.791371481285378930e-02,1.000000000000000000e+00,1.170867695764621907e-01,9.994414210267396070e-01,-2.238539811798509138e+00,1.000000000000000000e+00,-6.161494022005863380e-01,9.992785476631039776e-01,1.398268243389087839e+00,1.000000000000000000e+00,4.011496274537044160e-01,1.000000000000000000e+00,-5.707662126072029496e-01,9.971127586675384569e-01,3.671310983020262819e-01
1.000000000000000000e+00,-2.535136470308262391e-01,9.966515953969129482e-01,1.000633430188261896e-01,9.982084897817060654e-01,5.513954119800084097e-01,9.978344409444827035e-01,4.653604479042835473e-01,1.000000000000000000e+00,-2.483491883616371521e+00,9.982802342854452116e-01,-4.859426931424920548e-01,9.987281973050353701e-01,1.568645968959570869e+00,1.000000000000000000e+00,8.025132479047756284e-01,1.000000000000000000e+00,-1.577051418100289926e+00,9.954402135309423638e-01,-8.239632043651944349e-01
1.000000000000000000e+00,5.868394406494160664e-01,9.966300192028685334e-01,-2.899662847202226224e-01,9.975895660150129185e-01,2.315688230982380080e-01,9.993338302384001670e-01,3.431300709445028185e-01,9.982812394908161524e-01,-1.698587927695292432e+00,1.000000000000000000e+00,-4.401173409184249707e-01,9.996758288765481559e-01,1.338695789784407175e+00,1.000000000000000000e+00,3.306270564903555087e-01,1.000000000000000000e+00,-5.356715425336571190e-01,9.972100323816062151e-01,4.057034896592822681e-01
1.000000000000000000e+00,7.842911538710887198e-01,9.961834909003318694e-01,-7.738435091838208324e-02,9.976789888253503324e-01,5.970724304197283505e-02,1.000000000000000000e+00,1.211690438371967049e-01,9.994369224925332418e-01,-2.241001258344101021e+00,1.000000000000000000e+00,-6.126302738654556546e-01,9.992798003193084089e-01,1.403968898662368625e+00,1.000000000000000000e+00,4.053689507051001506e-01,1.000000000000000000e+00,-5.674088478658811940e-01,9.970934197430847412e-01,3.505033118434544015e-01
1.000000000000000000e+00,-2.222268669718573397e-01,9.964087715849415661e-01,3.808163415526739648e-01,9.975049692107420540e-01,5.164559166257093326e-01,9.983858539744533411e-01,2.033810443454233674e-01,1.000000000000000000e+00,-2.603910060836461149e+00,9.981077208274629076e-01,-6.124796035365476232e-01,9.987827764859329438e-01,1.353244501037798031e+00,1.000000000000000000e+00,6.869954598388987588e-01,1.000000000000000000e+00,-1.711989188137476692e+00,9.958813674201008048e-01,-7.431982714075543450e-01
1.000000000000000000e+00,7.837700602925894433e-01,9.961928484220426983e-01,-7.851857000334760972e-02,9.976751148311451267e-01,6.250669547226050948e-02,1.000000000000000000e+00,1.239198765993479445e-01,9.994359869644572347e-01,-2.240014479557276506e+00,1.000000000000000000e+00,-6.094303006208179330e-01,9.992801883636760474e-01,1.407032136193523408e+00,1.000000000000000000e+00,4.091541148807289474e-01,1.000000000000000000e+00,-5.652172859210997657e-01,9.970847658324006879e-01,3.446548088737090287e-01
1.000000000000000000e+00,7.708688028154566663e-01,9.962222079271902953e-01,-9.038842613530501113e-02,9.976636386643754628e-01,6.304211835715062273e-02,1.000000000000000000e+00,1.212526935609150591e-01,9.994346462637810902e-01,-2.244873556811708415e+00,1.000000000000000000e+00,-6.090544082300743955e-01,9.992821068066096712e-01,1.404165523655783510e+00,1.000000000000000000e+00,4.111911445916440755e-01,1.000000000000000000e+00,-5.666132651301289958e-01,9.970638994370840669e-01,3.218556115346406510e-01
1.000000000000000000e+00,1.156783975768879147e+00,9.967583201314590413e-01,-6.131254087949076226e-01,9.971633247338296258e-01,-3.221331834004000361e-01,1.000000000000000000e+00,1.989755893675326237e-01,9.984333805376087723e-01,-2.113018388940758996e+00,1.000000000000000000e+00,-5.047903729194216371e-01,9.994823512934480902e-01,1.766529616348261778e+00,1.000000000000000000e+00,5.673560288762690140e-01,1.000000000000000000e+00,-1.598808983727116884e-01,9.969558537836665790e-01,9.976246233520391637e-03
1.000000000000000000e+00,-1.923307263877243045e-01,9.990728731561744347e-01,-7.353116130388631655e-01,9.964092209323178739e-01,7.979787370923202561e-02,9.983736482716683014e-01,3.551220907568228835e-01,9.973936410316442958e-01,-2.126150640157299598e+00,9.972907495321212679e-01,8.971523090496121844e-01,9.970087104368006159e-01,1.773225717040896932e+00,1.000000000000000000e+00,5.877177871708095802e-01,1.000000000000000000e+00,-8.764724050920225107e-02,9.940228794276422253e-01,-1.348668253382751647e+00
1.000000000000000000e+00,8.556835928355321919e-03,9.979967894733949851e-01,-8.144174993010624419e-01,9.969790708331383033e-01,2.047967980042577074e-01,9.993183724541693236e-01,3.812196970349412961e-01,9.976142509011128867e-01,-1.992447982123994654e+00,9.984937384848785458e-01,3.197859208338260095e-01,9.973225091893673788e-01,1.413114828519310251e+00,1.000000000000000000e+00,7.844810080733355395e-01,1.000000000000000000e+00,-4.869430001677511610e-01,9.944265007976256232e-01,-1.105613947542990916e+00
1.000000000000000000e+00,-2.523328477276601811e-01,9.967617130257002689e-01,5.791189158091752942e-02,9.981193084794677262e-01,5.465631224994299542e-01,9.978370552422249906e-01,4.451300029233845601e-01,1.000000000000000000e+00,-2.472962369175946140e+00,9.983496692329180133e-01,-4.748702061487127812e-01,9.987654616223172743e-01,1.554091240879855285e+00,1.000000000000000000e+00,8.082747020096978652e-01,1.000000000000000000e+00,-1.521462047288114849e+00,9.954355871220379459e-01,-8.481359817800847578e-01
1.000000000000000000e+00,-2.145812619209307437e-01,9.964661964122213389e-01,3.606196298328647742e-01,9.974804304738430494e-01,5.214830963677739017e-01,9.983741279717994743e-01,2.077221414791411980e-01,1.000000000000000000e+00,-2.587557327636030635e+00,9.981465976600230050e-01,-5.967007987995580631e-01,9.987991930459843015e-01,1.359135109055299440e+00,1.000000000000000000e+00,7.001306154826567596e-01,1.000000000000000000e+00,-1.675211824716696052e+00,9.958672820058175335e-01,-7.491782327923721674e-01
1.000000000000000000e+00,5.883251464867851332e-01,9.966678752987971901e-01,-2.865812533745309421e-01,9.975672261031526267e-01,2.380821485128184201e-01,9.993288289917245937e-01,3.421445302915328002e-01,9.983504933884886912e-01,-1.727395640124722576e+00,1.000000000000000000e+00,-4.325633101626472077e-01,9.996542837446776852e-01,1.356324149654706490e+00,1.000000000000000000e+00,3.581210683524274629e-01,1.000000000000000000e+00,-5.265809217000880782e-01,9.971474784347442721e-01,3.617949704158718860e-01
1.000000000000000000e+00,5.780282803697348593e-01,9.966856316677684680e-01,-2.915109017983900652e-01,9.975578857859866977e-01,2.370928135992133590e-01,9.993181890874003326e-01,3.350375701948469787e-01,9.983699001775591109e-01,-1.738174331502841730e+00,1.000000000000000000e+00,-4.346772893370253743e-01,9.996498022638674597e-01,1.352469281478461349e+00,1.000000000000000000e+00,3.615288939920308087e-01,1.000000000000000000e+00,-5.291624022235095204e-01,9.971306931722353495e-01,3.441849588329078946e-01
1.000000000000000000e+00,7.446452759787181019e-01,9.962956478395443849e-01,-9.972128227392412780e-02,9.976292750468350734e-01,8.245708476326424341e-02,9.999822698624631911e-01,1.254965995110162436e-01,9.994400552492708201e-01,-2.237091719465456929e+00,1.000000000000000000e+00,-5.923645782946260763e-01,9.992861880107728467e-01,1.404987092726392772e+00,1.000000000000000000e+00,4.335835993239000596e-01,1.000000000000000000e+00,-5.613638331634958067e-01,9.970140047329421051e-01,2.827324420567322028e-01
1.000000000000000000e+00,7.154927859268835899e-01,9.963420694784319576e-01,-1.145133544483201704e-01,9.976082384466515851e-01,8.573287575879723343e-02,9.999371711698666898e-01,1.157547632481571442e-01,9.994451005658870901e-01,-2.240586634038691294e+00,1.000000000000000000e+00,-5.920110644038933945e-01,9.992896475581641846e-01,1.391792766962401506e+00,1.000000000000000000e+00,4.368676414431615362e-01,1.000000000000000000e+00,-5.670759170429495732e-01,9.969895738372910321e-01,2.533206856414572661e-01
1.000000000000000000e+00,1.061877126388009351e+00,9.968761059788372458e-01,-6.143478592221642831e-01,9.971204774619351063e-01,-2.747172135030191420e-01,1.000000000000000000e+00,1.824815706730000542e-01,9.985029325084032736e-01,-2.113286601403338683e+00,1.000000000000000000e+00,-4.912902609195539672e-01,9.994819329354324156e-01,1.724715481762154834e+00,1.000000000000000000e+00,5.883108066693655269e-01,1.000000000000000000e+00,-1.850325048187970167e-01,9.968781823141578124e-01,-5.340650884438208346e-02
1.000000000000000000e+00,-2.511251377552780606e-01,9.991843147242256418e-01,-7.471989566811334527e-01,9.963452384820041807e-01,1.139858506699933938e-01,9.982539359073029361e-01,2.994058375425512342e-01,9.975035457954012363e-01,-2.103295499661649970e+00,9.973345524790496741e-01,8.691281348443449239e-01,9.971504459661034714e-01,1.696828347907513912e+00,1.000000000000000000e+00,5.976979476568414773e-01,1.000000000000000000e+00,-6.014184896243413014e-02,9.941092731856548959e-01,-1.325320716329487558e+00
1.000000000000000000e+00,-3.747039874197422016e-02,9.981015673825029966e-01,-8.184259774860594971e-01,9.969179450375277307e-01,2.347935870582943674e-01,9.992107173337240189e-01,3.388635264749327858e-01,9.977029608199540212e-01,-1.975230073785556595e+00,9.985081794696466506e-01,3.075990334986915542e-01,9.974321071775216208e-01,1.359200353370649150e+00,1.000000000000000000e+00,7.917418371738631500e-01,1.000000000000000000e+00,-4.559697288543561600e-01,9.944891968560830575e-01,-1.087905134799407758e+00
1.000000000000000000e+00,-2.659003449452611578e-01,9.968942565697973546e-01,1.529473297269923204e-02,9.980244623369671775e-01,5.498478786422227316e-01,9.978120970707435866e-01,4.167562564478501930e-01,1.000000000000000000e+00,-2.440840012536826809e+00,9.984106900016859187e-01,-4.557543435875126558e-01,9.988117650852993412e-01,1.523655341424595022e+00,1.000000000000000000e+00,8.207734556808217175e-01,1.000000000000000000e+00,-1.454868162528107689e+00,9.954461450542009260e-01,-8.530553101220580414e-01
1.000000000000000000e+00,-3.582376601545397832e-01,9.970226716318183469e-01,7.394639640653272172e-02,9.973467819308722282e-01,6.708053078023681337e-01,9.976909768868722495e-01,4.160896125604064966e-01,9.992730280960886446e-01,-1.997158415648367935e+00,9.980053195194693583e-01,-4.019519527163066264e-01,9.992591516210562741e-01,1.288161249865084068e+00,1.000000000000000000e+00,6.269177348515332371e-01,1.000000000000000000e+00,-1.512516657469394898e+00,9.960352467279680599e-01,-6.456851132161056661e-01
1.000000000000000000e+00,1.187296016610906779e+00,9.993666273207534312e-01,-4.807805790012218417e-01,9.984714058485530952e-01,1.693401936551907738e+00,9.978603554928326957e-01,-1.490684444980944212e-01,1.000000000000000000e+00,-2.272887988520420066e+00,9.975773026099180596e-01,9.479807930357703194e-02,9.988629514390343633e-01,5.780009376824094547e-01,9.983200416366421193e-01,-9.967769714807583892e-02,1.000000000000000000e+00,-1.192244626461217649e+00,9.991659796218536060e-01,2.952423081113693115e-01
9.997639410302945340e-01,8.818486106362748433e-01,9.985416825480337710e-01,-2.292660624573127914e-01,9.980670335723781372e-01,5.450827755146758768e-01,9.993273420317426714e-01,1.305145469519139456e-01,1.000000000000000000e+00,-1.873451002461846704e+00,9.982928841915353901e-01,-1.050233299270939336e+00,1.000000000000000000e+00,7.451120389083651929e-01,1.000000000000000000e+00,-4.242250910392952878e-02,1.000000000000000000e+00,-1.179954463905188877e+00,9.985681421703850313e-01,-4.836321158514489960e-01
1.000000000000000000e+00,6.209265575531652814e-01,9.965065192848352460e-01,-1.455405174499416199e-01,9.975279252888192838e-01,1.154860678019813403e-01,9.997688437294343089e-01,9.241108657678559490e-02,9.994719469526918143e-01,-2.229642641772833667e+00,1.000000000000000000e+00,-5.731472164875359709e-01,9.993040178722260025e-01,1.353574964097025379e+00,1.000000000000000000e+00,4.660696570798283367e-01,1.000000000000000000e+00,-5.753145120827751757e-01,9.969078296719628973e-01,1.705593846756104370e-01
1.000000000000000000e+00,5.820240401172938061e-01,9.965620157300332238e-01,-1.611306918130561150e-01,9.975011122426082899e-01,1.201091170354819937e-01,9.997108835447733322e-01,7.749908718302517263e-02,9.994813669524571509e-01,-2.230026167031332829e+00,1.000000000000000000e+00,-5.719635531019715557e-01,9.993097258659742188e-01,1.333171363293208955e+00,1.000000000000000000e+00,4.696369245320168306e-01,1.000000000000000000e+00,-5.827033001225123687e-01,9.968842007050097154e-01,1.402726749164553421e-01
1.000000000000000000e+00,2.776079093312905366e-02,9.976995511437025677e-01,-6.066839658684924919e-01,9.973900545672159668e-01,1.639778471323755926e-01,9.981254680104080235e-01,4.588914067263308860e-01,9.991869822342623886e-01,-2.267316711771437898e+00,9.999963138276695140e-01,-3.169103202703165145e-01,9.990622179945072290e-01,1.850472357354032926e+00,1.000000000000000000e+00,1.019364844629933931e+00,1.000000000000000000e+00,-1.001726640321182860e+00,9.952535396173203264e-01,-1.268864438545748374e+00
1.000000000000000000e+00,-3.099507982320327537e-01,9.970755557487049892e-01,-5.053402225133374337e-02,9.979031116624115239e-01,5.462289921557148542e-01,9.977572896773021505e-01,3.607972318958123648e-01,1.000000000000000000e+00,-2.400086042235569650e+00,9.984757568199222888e-01,-4.392522448479116992e-01,9.988765821596745642e-01,1.460143242981247980e+00,1.000000000000000000e+00,8.255761730042384672e-01,1.000000000000000000e+00,-1.378883967162294333e+00,9.954706522893188581e-01,-8.601962374464914296e-01
1.000000000000000000e+00,3.619487817798482943e-01,9.972155710154120278e-01,-1.590571207539466236e-01,9.975733058492517458e-01,9.134119876941590999e-01,9.990162639819939461e-01,4.246565198103252614e-01,9.992105201867196307e-01,-2.046994298067184026e+00,9.994315528959676342e-01,-3.993253249345573019e-01,9.994152877935809087e-01,1.064013283275213606e+00,1.000000000000000000e+00,-1.741668971290407097e-01,1.000000000000000000e+00,-1.157665882626508269e+00,9.967824863775527344e-01,3.930906310048406516e-01
1.000000000000000000e+00,5.433522127456773543e-01,9.988278522383503555e-01,-2.459481485656130895e-01,9.979591695465375167e-01,1.177481925193467172e+00,9.986649821809453487e-01,4.023571584721634120e-01,1.000000000000000000e+00,-1.782465067914285495e+00,9.974095498540991311e-01,-7.924739177544048996e-01,1.000000000000000000e+00,5.861493705787349517e-01,9.997917951332433439e-01,-5.053148689883767419e-01,1.000000000000000000e+00,-1.585068939965394330e+00,9.980770817868283018e-01,-1.882527000703247966e-01
1.000000000000000000e+00,5.152414569919847587e-01,9.988135993367567300e-01,-2.576276013368946072e-01,9.979285063841077941e-01,1.154156007210417778e+00,9.986441685591275208e-01,3.850867649877491306e-01,1.000000000000000000e+00,-1.787980673738410076e+00,9.974621033918658064e-01,-7.853855751748655134e-01,1.000000000000000000e+00,5.892282107020341275e-01,9.998945167461641415e-01,-4.795333193636101554e-01,1.000000000000000000e+00,-1.564703843182370990e+00,9.980340666798521720e-01,-2.007696095782711132e-01
1.000000000000000000e+00,7.218593855540886839e-01,9.984793678742694967e-01,-2.608919474769643698e-01,9.978989876526763725e-01,5.190785395846611028e-01,9.991763593995338644e-01,8.466486922593649544e-02,1.000000000000000000e+00,-1.906359659215284275e+00,9.984638306564518340e-01,-9.719206136687374986e-01,1.000000000000000000e+00,7.625830947584799624e-01,1.000000000000000000e+00,4.975970425416131881e-02,1.000000000000000000e+00,-1.117446579425837250e+00,9.982671041113996280e-01,-4.968407817703511253e-01
1.000000000000000000e+00,4.701928054346924402e-01,9.967412490849032469e-01,-1.942977054220168531e-01,9.974107287338535022e-01,1.497966282944664385e-01,9.995222597986177515e-01,4.200775819981478199e-02,9.995162547778633222e-01,-2.210037960107964050e+00,1.000000000000000000e+00,-5.514655204228853247e-01,9.993315628841968890e-01,1.279464972055220251e+00,1.000000000000000000e+00,4.971694728890591608e-01,1.000000000000000000e+00,-5.916321426831506747e-01,9.968092851426889611e-01,6.096220713438249561e-02
1.000000000000000000e+00,4.363462140705707260e-01,9.967888471540300444e-01,-2.069184503423878163e-01,9.973870050775496265e-01,1.537299008517902243e-01,9.994718571246741234e-01,2.827062307844901978e-02,9.995249934236534184e-01,-2.207438760042299997e+00,1.000000000000000000e+00,-5.492373398926946315e-01,9.993379359492411407e-01,1.260937804306678123e+00,1.000000000000000000e+00,5.002895673189657888e-01,1.000000000000000000e+00,-5.967026753087918411e-01,9.967911100282130787e-01,3.786653901164038771e-02
1.000000000000000000e+00,-3.574593186733853178e-01,9.970542601441012565e-01,1.116151665031410445e-01,9.972081929538005873e-01,5.063084480175260582e-01,9.981314885148769855e-01,6.902845377415717243e-02,1.000000000000000000e+00,-2.453193891957530681e+00,9.983748984307768692e-01,-5.333115278397388970e-01,9.989901556919310588e-01,1.193871236241915712e+00,1.000000000000000000e+00,7.237847406333295375e-01,1.000000000000000000e+00,-1.429054091260072878e+00,9.958730247287035375e-01,-7.935439847865726204e-01
1.000000000000000000e+00,4.753526471321747326e-01,9.967547399393990037e-01,-1.829478690696396126e-01,9.974019539337340978e-01,1.650719306318488289e-01,9.995085917491154381e-01,5.222705235236380084e-02,9.995216036487013511e-01,-2.194408214896162779e+00,1.000000000000000000e+00,-5.371448964634590872e-01,9.993340424098015040e-01,1.288121289470704589e+00,1.000000000000000000e+00,5.133366792106102139e-01,1.000000000000000000e+00,-5.806224143443579067e-01,9.968016145675657746e-01,6.695947204725172242e-02
1.000000000000000000e+00,4.413851946131866488e-01,9.968023240821770603e-01,-1.957079269306478686e-01,9.973782790061775927e-01,1.688390812916288342e-01,9.994582717408455608e-01,3.824999996178812811e-02,9.995303691984365191e-01,-2.191831634726135736e+00,1.000000000000000000e+00,-5.350582097750742339e-01,9.993405321766312133e-01,1.269335835337790153e+00,1.000000000000000000e+00,5.162562762562683538e-01,1.000000000000000000e+00,-5.856868633901763932e-01,9.967837550908379418e-01,4.399678320273153753e-02
1.000000000000000000e+00,4.100488447983094975e-01,9.968465284612234578e-01,-2.072585875494329932e-01,9.973561393804419861e-01,1.725153107716240197e-01,9.994114696526477104e-01,2.539042233705224305e-02,9.995385527452420593e-01,-2.188709857766674372e+00,1.000000000000000000e+00,-5.326627370931045213e-01,9.993468065805206635e-01,1.252045623814666442e+00,1.000000000000000000e+00,5.192294291938215345e-01,1.000000000000000000e+00,-5.899258121166928159e-01,9.967673232087008728e-01,2.327711797343984257e-02
1.000000000000000000e+00,-7.684152310230130123e-02,9.979314528318494748e-01,-6.448323855518955927e-01,9.972488342320092736e-01,2.054703210800958302e-01,9.979823249231632998e-01,3.631984840351738519e-01,9.992258035832943808e-01,-2.185566329645626027e+00,9.999429736748017827e-01,-2.856377769626988194e-01,9.991563745261090590e-01,1.711597979268330905e+00,1.000000000000000000e+00,1.019206809461754126e+00,1.000000000000000000e+00,-9.057236764540870233e-01,9.953188800993580942e-01,-1.217171608655748027e+00
1.000000000000000000e+00,-3.612729101093130613e-01,9.973257852964878545e-01,-1.221852936491442110e-01,9.977389651932830894e-01,5.572645752104651296e-01,9.976689307400509188e-01,2.951493408204722835e-01,1.000000000000000000e+00,-2.311983446622201122e+00,9.985594257637840920e-01,-3.957002508679716701e-01,9.989730698620149507e-01,1.381769099960553415e+00,1.000000000000000000e+00,8.496877685871697672e-01,1.000000000000000000e+00,-1.257526927609581957e+00,9.955081885250851581e-01,-8.428497354342836534e-01
1.000000000000000000e+00,3.587717382161631496e-01,9.970872447866951926e-01,-3.169897057179306143e-01,9.973339515904394714e-01,3.183604487013774742e-01,9.989544188902594879e-01,2.473065566437644969e-01,9.986523621263596606e-01,-1.760066554184616328e+00,1.000000000000000000e+00,-3.827094649838780338e-01,9.996338018819831417e-01,1.267823999880193675e+00,1.000000000000000000e+00,4.835542278728946486e-01,1.000000000000000000e+00,-5.323427047171274129e-01,9.968846738458712053e-01,1.314674194952586417e-01
1.000000000000000000e+00,8.477285667703862160e-01,9.976968212559710336e-01,-5.568144420316716303e-01,9.977320202343025191e-01,7.809590242750534816e-01,9.981330238339912730e-01,-2.881562729299977366e-01,9.993566885860231119e-01,-2.222079231198559324e+00,1.000000000000000000e+00,3.930094088148343157e-01,9.985732682968054830e-01,1.209709616357924844e+00,1.000000000000000000e+00,8.505655763436485994e-01,1.000000000000000000e+00,-2.100373986645150404e-01,9.977977708054438510e-01,4.736787738974866380e-01
1.000000000000000000e+00,2.645441394394519863e-01,9.972048088930364207e-01,-3.536327743273726676e-01,9.972730571833363644e-01,3.171876985342053090e-01,9.988361817356695704e-01,1.968282883274056205e-01,9.987017860620476251e-01,-1.771725733871899910e+00,1.000000000000000000e+00,-3.875269929112767353e-01,9.996425966381916606e-01,1.211181234321892175e+00,1.000000000000000000e+00,4.853984232165131085e-01,1.000000000000000000e+00,-5.520903421697596070e-01,9.968364782607890273e-01,6.379503822427165516e-02
1.000000000000000000e+00,2.589492966049997680e-01,9.972181007220620730e-01,-3.523497914369503325e-01,9.972653077838493640e-01,3.218999109338744891e-01,9.988233276455176224e-01,1.956057934918380425e-01,9.987098469975193016e-01,-1.768185912081662536e+00,1.000000000000000000e+00,-3.833069769830153017e-01,9.996435241951507900e-01,1.209481859263349168e+00,1.000000000000000000e+00,4.911049655385645862e-01,1.000000000000000000e+00,-5.497814861998863156e-01,9.968301146161321347e-01,6.061042455910170546e-02
1.000000000000000000e+00,1.976230771201323289e-01,9.974494279413018694e-01,-2.253731438817119792e-01,9.973781878244175614e-01,8.261784955883537673e-01,9.987475238569464286e-01,3.150123813798633154e-01,9.992319391584738586e-01,-1.978212259003010454e+00,9.994312847667234934e-01,-3.670976439590269425e-01,9.994746191993866269e-01,1.026959742592298719e+00,1.000000000000000000e+00,2.385869801215539932e-02,1.000000000000000000e+00,-1.030347229440647938e+00,9.966798705280166537e-01,2.160069416410835830e-01
1.000000000000000000e+00,3.716567534372564596e-01,9.987550296550774531e-01,-2.830921773352395587e-01,9.977176093829381864e-01,1.060308914762272625e+00,9.984874421604686967e-01,3.143320813661675261e-01,1.000000000000000000e+00,-1.760806499947799253e+00,9.977604900778493935e-01,-6.892437813695651005e-01,1.000000000000000000e+00,6.417925703127105308e-01,1.000000000000000000e+00,-2.654864676667273993e-01,1.000000000000000000e+00,-1.391928033991558067e+00,9.977599731292211560e-01,-2.379255860392213706e-01
1.000000000000000000e+00,8.455576627906800091e-01,9.988959906957169954e-01,-3.604489722033513144e-01,9.980401557543361335e-01,1.280929134345033082e+00,9.982593110065292041e-01,-2.382668108358395043e-01,1.000000000000000000e+00,-2.415828423891818399e+00,9.981601730318123700e-01,-1.527637074206849022e-01,9.989310234452372095e-01,6.653629549553017331e-01,1.000000000000000000e+00,1.177235846549665454e-01,1.000000000000000000e+00,-1.099624857850271198e+00,9.983456364633449542e-01,1.712920157261149656e-02
1.000000000000000000e+00,1.458759910254417425e-01,9.973672964733575341e-01,-3.918585011785321592e-01,9.971859579722509581e-01,3.263899004551963912e-01,9.986714737360742333e-01,1.378607870469456820e-01,9.987700418679904546e-01,-1.769599000590266424e+00,1.000000000000000000e+00,-3.796532543081966304e-01,9.996577794723092714e-01,1.144059757057406923e+00,1.000000000000000000e+00,5.003468494733999128e-01,1.000000000000000000e+00,-5.656136158334625907e-01,9.967697479996427967e-01,-1.469457369057869389e-02
1.000000000000000000e+00,1.571606636739661389e-01,9.973630465297125269e-01,-3.819941232784376806e-01,9.971869967675887070e-01,3.341499463648606727e-01,9.986766750489135536e-01,1.466788940837468747e-01,9.987726592605753462e-01,-1.762567746095234034e+00,1.000000000000000000e+00,-3.724421559321978159e-01,9.996567878507082172e-01,1.153406397621649981e+00,1.000000000000000000e+00,5.088849833440749482e-01,1.000000000000000000e+00,-5.581049200122014664e-01,9.967700428158567938e-01,-5.718253021431751737e-03
1.000000000000000000e+00,4.903455985377189186e-01,9.984163142908880628e-01,-4.337076101380812343e-01,9.979309342259201632e-01,4.843886490406363876e-01,9.988784307659021033e-01,1.608620461511821031e-01,9.990910366536160936e-01,-1.692375087068379580e+00,9.979526265736188284e-01,2.001413995300477255e-02,9.979821511430737591e-01,1.381564603242186884e+00,1.000000000000000000e+00,5.517092966746759419e-01,1.000000000000000000e+00,-3.858754033428498653e-01,9.975219975592828359e-01,4.500678668275969185e-01
1.000000000000000000e+00,2.418888798796036410e-01,9.987497807230784064e-01,-3.334116344935189602e-01,9.975875440005281813e-01,9.834330310199353997e-01,9.983645907062705938e-01,2.398578832719951981e-01,1.000000000000000000e+00,-1.762034800673018431e+00,9.979123260784504845e-01,-6.550824139368570664e-01,9.999802153408982042e-01,6.324629673084908310e-01,1.000000000000000000e+00,-1.754898512635984509e-01,1.000000000000000000e+00,-1.318764044961097559e+00,9.976032738069824379e-01,-2.875910726379435900e-01
1.000000000000000000e+00,4.976715930940012189e-01,9.994636764945462604e-01,-3.869721982648141601e-01,9.981554357100399510e-01,1.017809051961028999e+00,9.985730464247712934e-01,2.381260713083750702e-01,1.000000000000000000e+00,-1.700053532322361782e+00,9.962736958283179289e-01,-2.940108743238840083e-01,9.985292193767294489e-01,8.887037996874618262e-01,1.000000000000000000e+00,-5.321201517619200683e-02,1.000000000000000000e+00,-1.077571969493365200e+00,9.981175078124452371e-01,1.251782090158921057e-01
1.000000000000000000e+00,7.189044829869007946e-01,9.982318716278130166e-01,-3.613825867723475249e-01,9.976785491989084154e-01,8.158074157956263228e-01,9.976580839111428567e-01,3.658404434346124168e-01,1.000000000000000000e+00,-1.855457340264473842e+00,9.956255545343564162e-01,-4.563353378970445573e-01,9.986952650866970371e-01,1.272140627156328474e+00,1.000000000000000000e+00,-8.158786274660101423e-03,1.000000000000000000e+00,-9.702544003440762843e-01,9.969744847602314275e-01,-1.403085367307447262e-01
1.000000000000000000e+00,4.110529239939242352e-01,9.975489667425863072e-01,-3.570977377205982739e-01,9.970756843000468939e-01,7.280318780149017677e-01,9.973455685136545235e-01,3.139313331974436516e-01,1.000000000000000000e+00,-1.930627749291363049e+00,9.971539773896901382e-01,-7.733822770653107082e-01,9.999954093420290180e-01,1.034929104359261220e+00,1.000000000000000000e+00,-8.037892039401584032e-02,1.000000000000000000e+00,-1.154048532049515741e+00,9.963846683941020022e-01,-5.618119987321495978e-01
1.000000000000000000e+00,6.321212646596902074e-02,9.987680575097452884e-01,-4.175116430501583653e-01,9.974405026979688005e-01,8.819509146778590214e-01,9.982037575519656647e-01,1.337280419477203108e-01,1.000000000000000000e+00,-1.777842983122050358e+00,9.980559996499719366e-01,-6.346907405838480010e-01,9.999626255775647676e-01,5.917581734980810193e-01,1.000000000000000000e+00,-1.075833035341763888e-01,1.000000000000000000e+00,-1.263985925534135468e+00,9.974319475352287911e-01,-3.677315229852294309e-01
1.000000000000000000e+00,3.250753030027186963e-01,9.994068072217189291e-01,-4.410619649718699464e-01,9.979858489534558785e-01,9.249858760058953244e-01,9.984533018635917134e-01,1.706535511000276673e-01,1.000000000000000000e+00,-1.706568974966857555e+00,9.965088985946348732e-01,-3.299592644441705080e-01,9.986602717800689977e-01,8.367624693009467762e-01,1.000000000000000000e+00,-2.205565632238715157e-02,1.000000000000000000e+00,-1.066224937762625391e+00,9.979200355738097050e-01,1.836023114557550073e-02
1.000000000000000000e+00,4.253977583831745624e-01,9.996416687145461832e-01,-4.386562172406087146e-01,9.969722631739333929e-01,7.895642854993998316e-01,9.982310374685432475e-01,2.643889504305803606e-01,1.000000000000000000e+00,-1.709003129945242394e+00,9.976602966554219964e-01,-9.834205464905230176e-01,1.000000000000000000e+00,6.447889077616637543e-01,1.000000000000000000e+00,-5.359557314708784936e-02,9.999339566092532161e-01,-1.366925692227953792e+00,9.980333967117311911e-01,7.264462541155794484e-02
1.000000000000000000e+00,5.220342998468573414e-01,9.973955152398218393e-01,-2.216078322739594986e-01,9.970753863699370889e-01,9.467722562084663895e-01,9.965854507078025781e-01,1.000511585825451799e-01,1.000000000000000000e+00,-2.349537592670867259e+00,9.978479664277900563e-01,-5.386433628839216725e-01,1.000000000000000000e+00,1.121061632032583022e+00,1.000000000000000000e+00,1.794355867568576679e-01,1.000000000000000000e+00,-7.811539872418538089e-01,9.982250308474786005e-01,-2.820921777865437186e-01
1.000000000000000000e+00,-1.853713385931396451e-01,9.978541039618690212e-01,-4.258763603399588482e-01,9.970855179824822390e-01,6.535149485043267870e-01,9.982575502368801201e-01,7.037570946196286537e-02,9.992205824331157338e-01,-1.933213585644164123e+00,9.993471298492880850e-01,-3.739470714400708329e-01,9.995687273292555020e-01,8.509449143056735387e-01,1.000000000000000000e+00,1.635514432381897643e-01,1.000000000000000000e+00,-9.538854264166827246e-01,9.965301733580854693e-01,-9.717927152288052817e-02
1.000000000000000000e+00,2.362920506037920199e-01,9.987505754859142826e-01,-1.614941530257514302e-01,9.976769304024036833e-01,9.292289561666664532e-01,9.978783653931443398e-01,2.672356059864045008e-01,1.000000000000000000e+00,-1.921803828879432130e+00,9.970098474816252443e-01,-5.421583559480431802e-01,9.993880705799293995e-01,9.893168801397109746e-01,1.000000000000000000e+00,2.702917168573604201e-02,1.000000000000000000e+00,-8.878865924408296806e-01,9.990847650465585206e-01,3.539058622608692861e-02
1.000000000000000000e+00,5.556245187971922128e-01,9.979610834475595160e-01,-4.963569382408813957e-01,9.972690153037067073e-01,9.265984272046465797e-01,9.970564216024918602e-01,-2.522733055189518847e-03,1.000000000000000000e+00,-2.132431621702173263e+00,9.975479101057821429e-01,-3.118818939393716572e-01,9.994114889455200101e-01,9.793969080408169159e-01,1.000000000000000000e+00,1.902058731346545628e-01,1.000000000000000000e+00,-9.229841091872259540e-01,9.969140297320039368e-01,-3.451017273731475377e-01
1.000000000000000000e+00,7.326143423869779792e-01,9.986310143759468128e-01,-2.710892875621142561e-01,9.960008996617715216e-01,1.023115431701577815e+00,9.970380686933616454e-01,6.471226199507235100e-02,9.999155401202752813e-01,-2.424504668131778118e+00,9.974779191907547915e-01,-5.527480970222264922e-01,1.000000000000000000e+00,1.056504982108614765e+00,1.000000000000000000e+00,2.900183571023327023e-01,1.000000000000000000e+00,-8.954057925666413231e-01,9.982857246874519141e-01,-1.637570640398492983e-01
1.000000000000000000e+00,3.953299403112229271e-01,9.982400009391458884e-01,-6.822631192101163977e-01,9.972087705993024631e-01,9.694071548961048501e-01,9.982011623325215410e-01,-8.395829872006418948e-02,9.984733527576917789e-01,-2.084230833756164358e+00,9.966947726964766607e-01,1.253595857730752383e-01,9.989419417719532790e-01,1.179116990115312014e+00,1.000000000000000000e+00,2.219449482862976275e-01,1.000000000000000000e+00,-6.148974309609693822e-01,9.960732196262825910e-01,-3.163905667935682509e-01
1.000000000000000000e+00,-1.468368390731042972e-01,9.986084127532616206e-01,-5.554504518861528295e-01,9.974988201407053445e-01,5.946819019708483589e-01,9.983208244297997469e-01,2.395317546815342591e-02,9.992879208179922257e-01,-1.889051473895336342e+00,9.977799449239347362e-01,-2.093628681190342067e-01,9.984899556356616745e-01,9.492043288686951019e-01,1.000000000000000000e+00,1.683151239164641377e-01,1.000000000000000000e+00,-8.698689912578747574e-01,9.969421905594157973e-01,4.043968491087378270e-02
1.000000000000000000e+00,4.783169162154298215e-01,9.988743352418127941e-01,-6.839951281388183535e-01,9.974096649955270788e-01,1.084434396559015301e+00,9.980901668798317639e-01,-4.976450373977739372e-02,9.992465745411690525e-01,-1.978465097965818265e+00,9.959519143638980720e-01,-7.243775804789034933e-02,9.992187212736607371e-01,9.810421789188386033e-01,1.000000000000000000e+00,5.889974713153195429e-02,1.000000000000000000e+00,-8.340143484255557738e-01,9.966801510573299883e-01,-5.314714901644699285e-01
1.000000000000000000e+00,3.369264927261027553e-01,9.986386957310018353e-01,-3.664106222050754758e-01,9.970234926125480790e-01,6.011970402214057430e-01,9.973333192534926672e-01,2.850812319165375586e-01,1.000000000000000000e+00,-2.021181487838366486e+00,9.964988602474111890e-01,-8.926910589708276778e-01,9.998203708153952096e-01,1.096382105468708401e+00,1.000000000000000000e+00,1.378119168291745689e-02,1.000000000000000000e+00,-1.024820771719406443e+00,9.981986103112927555e-01,-8.258694804304014814e-02
1.000000000000000000e+00,3.279617169896485440e-01,9.989533529987510985e-01,-3.857605680457957820e-01,9.964423087074300023e-01,7.263551226954135798e-01,9.975425241343405247e-01,1.715794184037619519e-01,9.996341815505633832e-01,-2.202569080133726320e+00,9.964647939608656246e-01,-7.040546762855842688e-01,1.000000000000000000e+00,1.044089242021487118e+00,1.000000000000000000e+00,6.644584136206244107e-02,1.000000000000000000e+00,-1.043970179185836011e+00,9.979718079921325868e-01,-2.643456832144066015e-01
1.000000000000000000e+00,3.740636306380091258e-01,9.989607574848327065e-01,-6.028639484990879760e-01,9.970325090633903597e-01,8.778762988053608884e-01,9.977267157030589306e-01,3.524319476798527112e-02,9.997429382216254101e-01,-2.169804038473151842e+00,9.962690725334855113e-01,-5.502127411424567738e-01,9.999401430271022129e-01,9.796765567494977178e-01,1.000000000000000000e+00,-1.019209418944510420e-02,1.000000000000000000e+00,-9.567166988146215134e-01,9.978240238684936703e-01,-3.773588571220207188e-01
1.000000000000000000e+00,2.609820492134293790e-01,9.989498987499447757e-01,-6.604440593364303558e-01,9.970686689752120690e-01,8.094365243948438149e-01,9.977196216934748341e-01,9.672399226125744792e-03,9.996773274984561697e-01,-2.229809574380741566e+00,9.963251705285869342e-01,-5.964639228680799210e-01,9.998604873696290696e-01,9.391311465251347412e-01,1.000000000000000000e+00,-6.371413178779958275e-02,1.000000000000000000e+00,-1.032938298014438150e+00,9.977710166334359254e-01,-4.549695818929984092e-01
1.000000000000000000e+00,1.451032290308974737e+00,9.962919211024824362e-01,-2.059327858593771876e-01,9.977560992944706220e-01,7.973711675749770578e-01,9.972234771855689184e-01,6.539897000699255170e-01,9.994357602927586015e-01,-2.248349941032603549e+00,9.946979592936082692e-01,-1.074404867729178981e-01,9.973818039320231366e-01,2.143105993640580298e+00,9.988884689880572765e-01,1.638604349949390748e-03,1.000000000000000000e+00,-6.563549980892118274e-01,9.958303512023450876e-01,5.385059153046078961e-01
1.000000000000000000e+00,7.680047442816346770e-01,9.962062397703502770e-01,-9.569815581557561401e-02,9.976719706387792153e-01,5.162162114826912562e-02,1.000000000000000000e+00,1.112975881905857722e-01,9.994341893486144990e-01,-2.253573130478939923e+00,1.000000000000000000e+00,-6.207527180890231033e-01,9.992819526157561416e-01,1.394253593614174225e+00,1.000000000000000000e+00,3.979615323531375815e-01,1.000000000000000000e+00,-5.742856270399465668e-01,9.970794341255214688e-01,3.261181284569982797e-01
1.000000000000000000e+00,-2.622869086160614649e-01,9.967071429110023750e-01,6.836216638145758973e-02,9.981627005689014398e-01,5.384640147968899893e-01,9.978383734139012473e-01,4.451799358276407048e-01,1.000000000000000000e+00,-2.493080716337922720e+00,9.983150561264223510e-01,-4.920384310699998376e-01,9.987463457118370691e-01,1.552415785740696608e+00,1.000000000000000000e+00,7.936645047951358389e-01,1.000000000000000000e+00,-1.559843949530689278e+00,9.954370558423956128e-01,-8.500330728319873685e-01
1.000000000000000000e+00,4.417860230006092070e-01,9.970792153026739602e-01,-1.136800463492431135e-01,9.977226315510457910e-01,1.020381165760025466e+00,9.991624114329969997e-01,4.975687595567344634e-01,9.991906379843447095e-01,-2.075794059607650954e+00,9.993263588413019427e-01,-4.225883510825250156e-01,9.993922601168971909e-01,1.032778150384296101e+00,1.000000000000000000e+00,-3.892840569063614753e-01,1.000000000000000000e+00,-1.302094458675379318e+00,9.968968898385685007e-01,5.696352707366364454e-01
1.000000000000000000e+00,7.601414520051983370e-01,9.962310856566041206e-01,-1.006173138477373663e-01,9.976611379830230275e-01,5.682313300525632105e-02,1.000000000000000000e+00,1.131699030320296728e-01,9.994341176074164057e-01,-2.252768967106098863e+00,1.000000000000000000e+00,-6.157820972145002791e-01,9.992831160847343019e-01,1.395698282436399262e+00,1.000000000000000000e+00,4.046145936036650292e-01,1.000000000000000000e+00,-5.724819262403085807e-01,9.970607377224303125e-01,3.106185245649820681e-01
1.000000000000000000e+00,-2.352681048656977136e-01,9.964720612716108095e-01,3.424232402422617838e-01,9.974810959876484473e-01,5.064807684266885435e-01,9.983679326291181599e-01,1.896481653572232307e-01,1.000000000000000000e+00,-2.605482436397227097e+00,9.981432403449911339e-01,-6.135277389675573012e-01,9.987996280942513794e-01,1.340178448435262348e+00,1.000000000000000000e+00,6.829106769330488547e-01,1.000000000000000000e+00,-1.690432396094201373e+00,9.958692329764636808e-01,-7.661147952554276941e-01
1.000000000000000000e+00,7.571080932443077227e-01,9.962434455052828763e-01,-1.012351237510423219e-01,9.976552956092327173e-01,6.106523117081064100e-02,1.000000000000000000e+00,1.153171113508315304e-01,9.994347165401720190e-01,-2.250577257223147054e+00,1.000000000000000000e+00,-6.117976570661165514e-01,9.992836359582544237e-01,1.397449372081982499e+00,1.000000000000000000e+00,4.095805707565732257e-01,1.000000000000000000e+00,-5.706208175586588993e-01,9.970514089322926043e-01,3.044352252275048243e-01
1.000000000000000000e+00,1.169470790930127180e-02,9.979821862988292880e-01,-8.175292933080662294e-01,9.969887003928159519e-01,1.969095172043062725e-01,9.993328211866049360e-01,3.844842149383666530e-01,9.975995792676753959e-01,-1.996949503536318282e+00,9.984931607274453169e-01,3.190328180053741414e-01,9.973063720123906961e-01,1.418332255233712536e+00,1.000000000000000000e+00,7.809975599472901431e-01,1.000000000000000000e+00,-4.942901649594981794e-01,9.944182197291397962e-01,-1.110801105408320666e+00
1.000000000000000000e+00,1.929736970296025422e-02,9.979740558303443754e-01,-8.133371413010174189e-01,9.969934115039587041e-01,1.982967830785275221e-01,9.993405809790634198e-01,3.915901640266653549e-01,9.975930742976890642e-01,-1.992904296675431119e+00,9.984931968378655265e-01,3.241509038541005583e-01,9.972989073809406246e-01,1.426202834583581325e+00,1.000000000000000000e+00,7.848286142909939311e-01,1.000000000000000000e+00,-4.926676972298724699e-01,9.944134401615882801e-01,-1.107483180558234803e+00
1.000000000000000000e+00,1.645484206735152166e-01,9.974067102602781620e-01,-5.565535800577153802e-01,9.975782442692792129e-01,1.060627544652578691e-01,9.982883187539298708e-01,5.885228852096536789e-01,9.991244108514500954e-01,-2.327733249101974433e+00,1.000000000000000000e+00,-3.346207236733939050e-01,9.989539120174786291e-01,2.040958015062745989e+00,1.000000000000000000e+00,1.037601182909536623e+00,1.000000000000000000e+00,-1.112255941904785939e+00,9.951731547020796764e-01,-1.313894913691477928e+00
1.000000000000000000e+00,1.670887630496801779e-01,9.974063785955225026e-01,-5.541182774736364003e-01,9.975781578148131823e-01,1.083482491986649532e-01,9.982886486727565734e-01,5.908425203221941979e-01,9.991246615266551334e-01,-2.325185475165343796e+00,1.000000000000000000e+00,-3.322745982631599704e-01,9.989539950468810936e-01,2.043179321536264581e+00,1.000000000000000000e+00,1.039897898822082833e+00,1.000000000000000000e+00,-1.109992023702009556e+00,9.951728119561151775e-01,-1.311459527787898649e+00
1.000000000000000000e+00,1.696270287610657235e-01,9.974061077299863909e-01,-5.516651255513581598e-01,9.975780241949757654e-01,1.106746669205340150e-01,9.982889525764542249e-01,5.931565082782024323e-01,9.991249381923871242e-01,-2.322607233658872783e+00,1.000000000000000000e+00,-3.299037931186235006e-01,9.989541022343020327e-01,2.045379008364613949e+00,1.000000000000000000e+00,1.042210547048411540e+00,1.000000000000000000e+00,-1.107680161952757203e+00,9.951724811797519887e-01,-1.308992333169749056e+00
1.000000000000000000e+00,-2.412089114446002158e-01,9.967319712077830074e-01,7.543713726053641322e-02,9.981406468561349055e-01,5.535902854694281228e-01,9.978418999983648119e-01,4.593870112112383719e-01,1.000000000000000000e+00,-2.469338572701656354e+00,9.983370627122384322e-01,-4.702929864876622679e-01,9.987558893660174464e-01,1.568378321407551734e+00,1.000000000000000000e+00,8.142962132794113739e-01,1.000000000000000000e+00,-1.528007057682911229e+00,9.954331413549455387e-01,-8.373716984841186317e-01
9.998968698022728807e-01,8.215157613625505562e-01,9.987848150830551663e-01,-4.172371208051989244e-02,9.982609699378074408e-01,1.268119483408001402e+00,9.992493315643398155e-01,3.335613399564504311e-01,1.000000000000000000e+00,-2.129887777374028790e+00,9.970373986160570023e-01,-1.012603605342755397e+00,9.998969353351898626e-01,4.998898718685872433e-01,9.994876996577684025e-01,-7.368646095625319692e-01,9.999204540580377554e-01,-1.858090180173290307e+00,9.983979329731144103e-01,-1.813761380879210239e-01
1.000000000000000000e+00,-3.607612598735966403e-01,9.969498724249717947e-01,9.585414502615838273e-02,9.973867895718276921e-01,6.742684498590383324e-01,9.976835378094672802e-01,4.372567119525737067e-01,9.992370550112430472e-01,-1.991166846755811237e+00,9.979428990153110801e-01,-4.108715606363467776e-01,9.992539422401679472e-01,1.294992996564911625e+00,1.000000000000000000e+00,6.069267700785753172e-01,1.000000000000000000e+00,-1.559587312264889558e+00,9.960539251723415921e-01,-6.338396455930276341e-01
9.998577866842489614e-01,6.774195034294330231e-01,9.989961211993855228e-01,-1.978927427839822784e-01,9.981627465193835258e-01,1.338152722471957157e+00,9.987419026422946766e-01,4.872410466404198948e-01,1.000000000000000000e+00,-1.743653927794892367e+00,9.969533052637332693e-01,-8.643389918460053778e-01,1.000000000000000000e+00,5.012797868060088202e-01,9.989422404228149865e-01,-7.294867272682421522e-01,9.996230575282222253e-01,-1.769286188084014499e+00,9.984060440859123808e-01,-1.252304033879123035e-01
1.000000000000000000e+00,4.503994972917589323e-01,9.970967506411484438e-01,-1.062973268448000885e-01,9.976940642736585874e-01,1.008008697924337005e+00,9.991483187936363031e-01,5.004139912309608640e-01,9.992008400361346299e-01,-2.062161454627546853e+00,9.993624164758395656e-01,-4.039600462056279762e-01,9.993911363143141990e-01,1.063990929429123211e+00,1.000000000000000000e+00,-3.256443308109157053e-01,1.000000000000000000e+00,-1.255769185872760207e+00,9.968638882315663530e-01,5.418389694726086780e-01
1.000000000000000000e+00,1.339582716581466659e+00,9.992263900887572436e-01,-3.737771585089413873e-01,9.985907711365146211e-01,1.659357329765999145e+00,9.982391356805284666e-01,-3.216188133271692950e-01,1.000000000000000000e+00,-2.637747961074428105e+00,9.976489846525637972e-01,1.214958179527636517e-02,9.985766614396751617e-01,5.626957158792700309e-01,9.986639514824285913e-01,-9.769705016673108089e-02,1.000000000000000000e+00,-1.256788076413299038e+00,9.992356175719793177e-01,2.701041416738372281e-01
1.000000000000000000e+00,6.777199429722335910e-01,9.964017536896245808e-01,-1.309474373525340574e-01,9.975802449648244474e-01,9.196447092310833238e-02,9.998771621403053089e-01,1.036126605708662385e-01,9.994532612018507400e-01,-2.242208535614259368e+00,1.000000000000000000e+00,-5.897586841906299338e-01,9.992943963037664856e-01,1.374595619422138038e+00,1.000000000000000000e+00,4.427537869632808265e-01,1.000000000000000000e+00,-5.736694887678683852e-01,9.969596932177711146e-01,2.184206309896477016e-01
1.000000000000000000e+00,6.415284723476060158e-01,9.964551846166549431e-01,-1.464014408164693859e-01,9.975549435875109561e-01,9.650494516470478623e-02,9.998223480684498288e-01,9.059023794454554301e-02,9.994612947035195205e-01,-2.243988174117050427e+00,1.000000000000000000e+00,-5.888024650866134913e-01,9.992990312641288897e-01,1.356668070751230637e+00,1.000000000000000000e+00,4.465662685586226921e-01,1.000000000000000000e+00,-5.808202800642263686e-01,9.969347813661320057e-01,1.874325708637782917e-01
1.000000000000000000e+00,-7.289592044931597625e-02,9.981559824805890102e-01,-8.326359991940546212e-01,9.968889150221490469e-01,2.380186728977118360e-01,9.991527238560665714e-01,3.076368961744186947e-01,9.977420501786005147e-01,-1.974672625177342100e+00,9.985188893362995088e-01,2.929375819135625059e-01,9.974862171596426963e-01,1.323273424195255066e+00,1.000000000000000000e+00,7.861825647146691853e-01,1.000000000000000000e+00,-4.503229666601009096e-01,9.945222153390248510e-01,-1.089044088642189489e+00
1.000000000000000000e+00,8.386724652544652603e-02,9.975854348436739016e-01,-5.834553160966685637e-01,9.974604370533139974e-01,1.461026808176551783e-01,9.981929221097937122e-01,5.106204780345081629e-01,9.991674120278922766e-01,-2.294803009971148278e+00,1.000000000000000000e+00,-3.242999289296167875e-01,9.990190782580169460e-01,1.924609626840112497e+00,1.000000000000000000e+00,1.026126046459544749e+00,1.000000000000000000e+00,-1.042894028823224684e+00,9.952209887967558011e-01,-1.286431203505018495e+00
1.000000000000000000e+00,9.846213219309524201e-02,9.972592723413277183e-01,-2.517262495286757273e-01,9.968404818602939477e-01,1.404570085897657861e-01,9.987125622040797790e-01,2.605256704640133147e-01,9.994715840212116120e-01,-2.421815581248112359e+00,9.997364741564470636e-01,-4.574079121511573920e-01,9.990447981414276590e-01,1.700063403159108422e+00,1.000000000000000000e+00,9.023616798615430312e-01,1.000000000000000000e+00,-1.219319049047447479e+00,9.956686189040517831e-01,-1.167862012536214467e+00
1.000000000000000000e+00,6.461328573137237186e-01,9.964687549119619625e-01,-1.357767679850823694e-01,9.975461677600870880e-01,1.113930900069440844e-01,9.998079920208937654e-01,1.012983278685360145e-01,9.994656004060331611e-01,-2.229923363198027531e+00,1.000000000000000000e+00,-5.747545366882911289e-01,9.993003404080755825e-01,1.366124120374595519e+00,1.000000000000000000e+00,4.625564374794552958e-01,1.000000000000000000e+00,-5.710352627558508143e-01,9.969246549806534130e-01,1.908815323449883916e-01
1.000000000000000000e+00,7.330519961646789207e-02,9.976189225179469267e-01,-5.845118873959280759e-01,9.974391155630915051e-01,1.571264785997353308e-01,9.981740561957495039e-01,5.004842641834503780e-01,9.991746864946837725e-01,-2.280976955604043344e+00,1.000000000000000000e+00,-3.170250846038927262e-01,9.990323610662841247e-01,1.907330940299285293e+00,1.000000000000000000e+00,1.029494027488983665e+00,1.000000000000000000e+00,-1.025224169986987732e+00,9.952303280104616290e-01,-1.275350882007702191e+00
1.000000000000000000e+00,-4.489940233390641855e-01,9.974162774676033072e-01,-1.674395726604471224e-01,9.975106107995106441e-01,6.828754731702125769e-01,9.986305995176404382e-01,2.101679812248316293e-01,9.990459679561862760e-01,-2.136740716331745560e+00,9.968998721607496005e-01,1.098212861838170906e-01,9.974203777874488530e-01,9.195532555058290036e-01,1.000000000000000000e+00,5.936266294202259264e-01,1.000000000000000000e+00,-9.153675805517615949e-01,9.948401772732399229e-01,-6.219878614066076672e-01
1.000000000000000000e+00,6.760798146931940034e-01,9.964456954786112819e-01,-1.143486911806030348e-01,9.975547771806093644e-01,1.234808766420399662e-01,9.998312856536785143e-01,1.216107901213528963e-01,9.994640982795711670e-01,-2.214666241917600864e+00,1.000000000000000000e+00,-5.610232690785276199e-01,9.992981861846287339e-01,1.388678515172256489e+00,1.000000000000000000e+00,4.763663383945362373e-01,1.000000000000000000e+00,-5.561551593244493663e-01,9.969308096087325932e-01,2.152550974752046042e-01
1.000000000000000000e+00,-2.408483399709663852e-01,9.967151201363247948e-01,2.674723922233037121e-01,9.973664031839422073e-01,5.308740973513210726e-01,9.982890689386649807e-01,1.769246448792402560e-01,1.000000000000000000e+00,-2.520424337338257548e+00,9.982638142460872333e-01,-5.534399244942829199e-01,9.988772270106113238e-01,1.320691126730115350e+00,1.000000000000000000e+00,7.310872057364288246e-01,1.000000000000000000e+00,-1.548780620319244461e+00,9.958553872404538598e-01,-7.610994420026904184e-01
1.000000000000000000e+00,6.769764599173724307e-01,9.964557776039585368e-01,-1.091325741865846188e-01,9.975487016180504263e-01,1.320164733727291484e-01,9.998207492080889436e-01,1.269553724134387385e-01,9.994669378574021490e-01,-2.206891229292404333e+00,1.000000000000000000e+00,-5.531650540991471798e-01,9.992991733561750189e-01,1.393079010730891021e+00,1.000000000000000000e+00,4.854683577283241958e-01,1.000000000000000000e+00,-5.510031227638222395e-01,9.969240724769636852e-01,2.157850367840130068e-01
1.000000000000000000e+00,4.805739889526334796e-01,9.968733685810639011e-01,-3.030914877981010225e-01,9.974528243557788665e-01,2.734762300321105788e-01,9.991586996527347386e-01,2.953027645528270573e-01,9.985217823590888386e-01,-1.766532493320709385e+00,1.000000000000000000e+00,-4.134596431549922846e-01,9.996300167659885050e-01,1.321567801645283868e+00,1.000000000000000000e+00,4.238498706206461630e-01,1.000000000000000000e+00,-5.324588648507452282e-01,9.969959434999116077e-01,2.283402725985684834e-01
1.000000000000000000e+00,6.133594861935665055e-01,9.965486882000254010e-01,-1.347681711458534881e-01,9.975041011984089323e-01,1.404380392345881412e-01,9.997248431945410241e-01,1.029423718472722848e-01,9.994828358131291335e-01,-2.207430871618237589e+00,1.000000000000000000e+00,-5.509963496999783494e-01,9.993087926254106135e-01,1.359876412263991696e+00,1.000000000000000000e+00,4.921847170239312952e-01,1.000000000000000000e+00,-5.625571152029231747e-01,9.968843746181926813e-01,1.654495610041976095e-01
1.000000000000000000e+00,-2.666576697139650398e-01,9.968217567370527554e-01,2.247651813319404002e-01,9.973163690967150607e-01,5.301088971845421272e-01,9.982440647580853588e-01,1.517956285188341581e-01,1.000000000000000000e+00,-2.493566882181401212e+00,9.983030114401096888e-01,-5.408509948566306846e-01,9.989125428187455302e-01,1.289878123824362177e+00,1.000000000000000000e+00,7.367808147406138541e-01,1.000000000000000000e+00,-1.503238065018160263e+00,9.958591987647374966e-01,-7.657230882671515193e-01
9.998734814717867847e-01,6.733808593830458156e-01,9.987343119021223625e-01,-3.761553794747571344e-01,9.978943787477079219e-01,6.544927133791260676e-01,9.987394325726769440e-01,2.907461818950359822e-01,1.000000000000000000e+00,-1.495129574784315629e+00,9.982282965948859887e-01,-8.449729952894566853e-01,1.000000000000000000e+00,7.601979514502892332e-01,1.000000000000000000e+00,-6.857958033570754619e-03,1.000000000000000000e+00,-1.079011906171251756e+00,9.984186865740584116e-01,-4.039801146755386818e-01
1.000000000000000000e+00,1.145244638278961613e+00,9.973768342750981564e-01,-4.499502562526773164e-01,9.979411629225861669e-01,7.221607822185165393e-01,9.986109321331225752e-01,-5.180168245909073654e-01,1.000000000000000000e+00,-2.692668338970964914e+00,1.000000000000000000e+00,4.001778341946073958e-01,9.980932824788919522e-01,1.271788188939560360e+00,1.000000000000000000e+00,9.337390924021078398e-01,1.000000000000000000e+00,-1.756073750567260228e-01,9.979590776876710034e-01,5.556192386744412959e-01
1.000000000000000000e+00,4.702972650741440441e-01,9.967498628483857370e-01,-1.902831368484780850e-01,9.974055713048791683e-01,1.564867538329171026e-01,9.995134005696096891e-01,4.548655474921753372e-02,9.995190450263469195e-01,-2.203295761872396064e+00,1.000000000000000000e+00,-5.452884201050632873e-01,9.993329908482965207e-01,1.281990871419833145e+00,1.000000000000000000e+00,5.041872333401136164e-01,1.000000000000000000e+00,-5.873063508509278607e-01,9.968049135604998279e-01,6.205697703771939633e-02
1.000000000000000000e+00,4.365400106789580348e-01,9.967972688853597996e-01,-2.028993043847023281e-01,9.973819519197161254e-01,1.603398488409957523e-01,9.994632274260037974e-01,3.170230780623733979e-02,9.995277652640390809e-01,-2.200673228348921207e+00,1.000000000000000000e+00,-5.431053162503169940e-01,9.993394064772953556e-01,1.263429456401129247e+00,1.000000000000000000e+00,5.072207409772053754e-01,1.000000000000000000e+00,-5.923293332786503385e-01,9.967869573450655052e-01,3.914477243669312045e-02
1.000000000000000000e+00,-5.406974155648065494e-01,9.977429950821423699e-01,-2.865119571702617884e-01,9.973125393384287829e-01,6.610975966116425795e-01,9.984246527940729976e-01,1.035897345832072214e-01,9.990705180157546383e-01,-2.069506271827162625e+00,9.971513192643268741e-01,9.555854020949428040e-02,9.976805403276869377e-01,8.296763674297776836e-01,1.000000000000000000e+00,6.190722611019640054e-01,1.000000000000000000e+00,-8.120547375981853611e-01,9.949499604215873427e-01,-6.492242739763995907e-01
1.000000000000000000e+00,4.999694730790993913e-01,9.967347780595420259e-01,-1.670329603101024518e-01,9.974103746389105796e-01,1.734643414240122361e-01,9.995300552559898133e-01,6.801359310501103872e-02,9.995199390713804810e-01,-2.184786353984307983e+00,1.000000000000000000e+00,-5.282484724454776792e-01,9.993318678024849522e-01,1.305802301518815378e+00,1.000000000000000000e+00,5.229068744621601095e-01,1.000000000000000000e+00,-5.696359756600188895e-01,9.968073604666506382e-01,8.557071803084490003e-02
1.000000000000000000e+00,3.270445219700512940e-01,9.971038567796515206e-01,-3.419552365641164160e-01,9.973285610572625304e-01,3.005258366975538387e-01,9.989356979807780812e-01,2.237314051914803814e-01,9.986497380427004078e-01,-1.778690984600354241e+00,1.000000000000000000e+00,-4.005086912624582496e-01,9.996357187927900068e-01,1.242456985652136581e+00,1.000000000000000000e+00,4.636158551691961227e-01,1.000000000000000000e+00,-5.511539557068826367e-01,9.968820599002379268e-01,1.065374525278217077e-01
1.000000000000000000e+00,4.498059301044801117e-01,9.968088247613637876e-01,-1.842366938566818435e-01,9.973732677249954603e-01,1.818816291784892403e-01,9.994519950325290170e-01,4.874717311474596748e-02,9.995341572839461231e-01,-2.178249368017999288e+00,1.000000000000000000e+00,-5.226873875135238379e-01,9.993420886913468859e-01,1.278966871993888921e+00,1.000000000000000000e+00,5.301348039700335413e-01,1.000000000000000000e+00,-5.752688232469213014e-01,9.967793462512359870e-01,5.215602804118724123e-02
1.000000000000000000e+00,4.181748087525604674e-01,9.968533145521328853e-01,-1.959671020770680228e-01,9.973510308727532303e-01,1.854759051826239957e-01,9.994049304141416901e-01,3.564963580480284833e-02,9.995423972354369191e-01,-2.175178266548062123e+00,1.000000000000000000e+00,-5.203927231771987572e-01,9.993484486065223882e-01,1.261392183811848700e+00,1.000000000000000000e+00,5.329852010241071802e-01,1.000000000000000000e+00,-5.795504228654864143e-01,9.967630103353297688e-01,3.135414878864051236e-02
1.000000000000000000e+00,2.586963823741622592e-01,9.971999365574711893e-01,-3.625662617386588016e-01,9.972771971754088582e-01,3.078936220913763844e-01,9.988399060760878578e-01,1.903163204509326634e-01,9.986945359980118342e-01,-1.780091361636022995e+00,1.000000000000000000e+00,-3.962612570982164684e-01,9.996426015487441807e-01,1.204470892749584188e+00,1.000000000000000000e+00,4.747006216201194451e-01,1.000000000000000000e+00,-5.597889834724811831e-01,9.968404373982970856e-01,5.836281141547783324e-02
1.000000000000000000e+00,3.825046138927820083e-01,9.969097707829855937e-01,-2.062518916755522458e-01,9.973220883710548490e-01,1.942718663970522119e-01,9.993453317967598837e-01,2.315242119477545213e-02,9.995536925003758455e-01,-2.166135193706013595e+00,1.000000000000000000e+00,-5.130361430368716169e-01,9.993570329546302977e-01,1.243189281695223691e+00,1.000000000000000000e+00,5.412293515307717851e-01,1.000000000000000000e+00,-5.807779360455763706e-01,9.967419268986220660e-01,9.407755486218083441e-03
1.000000000000000000e+00,3.576233863062974749e-01,9.969459474526217724e-01,-2.148448534726264403e-01,9.973037224262614187e-01,1.979320324274643772e-01,9.993069757347859960e-01,1.317882505382567127e-02,9.995604702031937183e-01,-2.162001520256677356e+00,1.000000000000000000e+00,-5.099765745717714793e-01,9.993625867373231442e-01,1.229637985398201794e+00,1.000000000000000000e+00,5.444533464936237577e-01,1.000000000000000000e+00,-5.830530047084525602e-01,9.967288136146450483e-01,-6.104488241582162189e-03
1.000000000000000000e+00,2.099581787558268964e-01,9.972739227056035549e-01,-3.743227913268072360e-01,9.972368197291117120e-01,3.171684798946078909e-01,9.987660099350107457e-01,1.680351365959352472e-01,9.987293969574916330e-01,-1.775472594895098899e+00,1.000000000000000000e+00,-3.884721329372085030e-01,9.996488727079364534e-01,1.178732901751528450e+00,1.000000000000000000e+00,4.872811222078754501e-01,1.000000000000000000e+00,-5.619762730302002574e-01,9.968086307999713958e-01,2.623589856653385510e-02
1.000000000000000000e+00,2.108923673321252412e-01,9.972801170380675151e-01,-3.699203300894359780e-01,9.972326372970093944e-01,3.227733653165964500e-01,9.987604042698663420e-01,1.705890820360436710e-01,9.987349584335142305e-01,-1.770550275736789914e+00,1.000000000000000000e+00,-3.832261048207970533e-01,9.996491842689807505e-01,1.181211905720703115e+00,1.000000000000000000e+00,4.937824133120758408e-01,1.000000000000000000e+00,-5.577303237057356089e-01,9.968050699496342482e-01,2.785865709494556031e-02
1.000000000000000000e+00,2.716927251192005621e-01,9.972341118039097507e-01,-1.017773115990110444e-01,9.973965317588705526e-01,7.235051088348756210e-01,9.991530519744538097e-01,1.469888916106887322e-01,1.000000000000000000e+00,-2.325446727814372672e+00,9.996158252270300748e-01,-4.735699489039135179e-01,9.992249907590953217e-01,1.038858246906123828e+00,1.000000000000000000e+00,8.049228305898031843e-02,1.000000000000000000e+00,-1.057831279795817370e+00,9.965760105165207827e-01,1.480684052666106365e-01
1.000000000000000000e+00,5.009653852639093241e-01,9.984620155000200059e-01,-2.848632289975894238e-01,9.976487995737092218e-01,5.172351585176343525e-01,9.989180864504524360e-01,2.848391909287600887e-02,1.000000000000000000e+00,-1.897111522812713558e+00,9.986329217823665116e-01,-8.366630423687129170e-01,9.999522710572447126e-01,7.792408810263344865e-01,1.000000000000000000e+00,1.981917136665199419e-01,1.000000000000000000e+00,-1.011143861903573526e+00,9.978760486184037326e-01,-4.980820632362312761e-01
1.000000000000000000e+00,2.836183612989541802e-01,9.970683696166432464e-01,-2.332787057851382073e-01,9.972398668379255371e-01,2.201659170433493129e-01,9.991769592012934575e-01,-1.097269573015902111e-02,9.995847743901259408e-01,-2.135949791153573862e+00,1.000000000000000000e+00,-4.890140816894079645e-01,9.993823242431066900e-01,1.193348251194402021e+00,1.000000000000000000e+00,5.660367530273484604e-01,1.000000000000000000e+00,-5.805894758291711977e-01,9.966838172709089338e-01,-4.793852366445894297e-02
1.000000000000000000e+00,1.536663662297809707e-01,9.973700426646083805e-01,-3.818659990850112318e-01,9.971829698076366544e-01,3.361485344458847724e-01,9.986696475438056053e-01,1.456201388242846229e-01,9.987762975835381418e-01,-1.760903489543336642e+00,1.000000000000000000e+00,-3.705110925577494441e-01,9.996573549060348007e-01,1.152058767639644987e+00,1.000000000000000000e+00,5.113112423295462783e-01,1.000000000000000000e+00,-5.571603325836917975e-01,9.967669151020832619e-01,-7.600673368057198065e-03
1.000000000000000000e+00,1.206455025755794608e-01,9.975530984956935132e-01,-2.571266058667379117e-01,9.972985717598776834e-01,7.941988775987265381e-01,9.986279308977914493e-01,2.661208538624272868e-01,9.992395553120323459e-01,-1.948410673620722733e+00,9.994177024427717271e-01,-3.540656324678525535e-01,9.995017430380965795e-01,1.000843981569698338e+00,1.000000000000000000e+00,8.986380372596838861e-02,1.000000000000000000e+00,-9.868342529701685795e-01,9.966411363216188812e-01,1.484871376800222520e-01
1.000000000000000000e+00,6.559166022253507533e-01,9.990303542019665084e-01,-4.689695876908747119e-01,9.978898434131262540e-01,1.287698299590924300e+00,9.978864115342004348e-01,-9.767749587839452685e-02,1.000000000000000000e+00,-2.074087176154024270e+00,9.981084077903883411e-01,-8.653809294644926320e-02,9.992113421065789147e-01,6.641392426529412196e-01,1.000000000000000000e+00,1.235938140181678802e-01,1.000000000000000000e+00,-1.035800407218313790e+00,9.982362900260401961e-01,1.914924289307767813e-02
1.000000000000000000e+00,2.313712311360925089e-01,9.987484447771982632e-01,-3.334646728431270857e-01,9.975701125497092869e-01,9.790796067754095056e-01,9.983492671228946236e-01,2.359351982676307080e-01,1.000000000000000000e+00,-1.756447298715581251e+00,9.979322790371807361e-01,-6.448394438610688395e-01,9.999771287442252854e-01,6.373404567973943724e-01,1.000000000000000000e+00,-1.572200532272619022e-01,1.000000000000000000e+00,-1.303414095629469305e+00,9.975824823823743470e-01,-2.884586991675031076e-01
1.000000000000000000e+00,2.314928705085898542e-01,9.987466918614152922e-01,-3.292238524421987611e-01,9.975628958420019732e-01,9.807462267657778288e-01,9.983441230396602473e-01,2.381397720900078063e-01,1.000000000000000000e+00,-1.750827154197833746e+00,9.979412857995190178e-01,-6.371062502027137198e-01,9.999753683256388248e-01,6.435105990966034639e-01,1.000000000000000000e+00,-1.454177496194849484e-01,1.000000000000000000e+00,-1.293356369365548098e+00,9.975737163147891939e-01,-2.851632258065817105e-01
1.000000000000000000e+00,2.326915258378443319e-01,9.987446526894505627e-01,-3.242277299675977997e-01,9.975562027749682592e-01,9.831338384278207609e-01,9.983395986234553376e-01,2.411739539757781770e-01,1.000000000000000000e+00,-1.744862563975484004e+00,9.979499168129355446e-01,-6.290385181639064349e-01,9.999734974324880898e-01,6.503351238672759882e-01,1.000000000000000000e+00,-1.333871845030443204e-01,1.000000000000000000e+00,-1.283085377520311265e+00,9.975654814187514541e-01,-2.812209460645004877e-01
1.000000000000000000e+00,2.349445007231483751e-01,9.987422837771871009e-01,-3.184666572768384274e-01,9.975499879464855280e-01,9.862296892530667547e-01,9.983356494479087573e-01,2.450465107120425035e-01,1.000000000000000000e+00,-1.738550992567900355e+00,9.979582576939566296e-01,-6.205939762621696110e-01,9.999714739457579160e-01,6.578598477671163680e-01,1.000000000000000000e+00,-1.210587105344895220e-01,1.000000000000000000e+00,-1.272544785251249255e+00,9.975576974400136576e-01,-2.766337050725752311e-01
1.000000000000000000e+00,1.003739258651441535e+00,9.984613813930754977e-01,-4.787176915005203481e-02,9.970181159272724081e-01,8.110139147670269999e-01,9.972272575567331376e-01,6.101726717155098179e-01,1.000000000000000000e+00,-1.985089397250569876e+00,9.958788943219486489e-01,-9.742050734652492050e-01,1.000000000000000000e+00,1.452497322817330794e+00,1.000000000000000000e+00,8.127443605898732049e-02,1.000000000000000000e+00,-8.921604587574150091e-01,9.989468415201273599e-01,3.476258760541047765e-01
1.000000000000000000e+00,5.779539391336731002e-01,9.983182896960015595e-01,-3.944501785933008930e-01,9.976045201597774081e-01,7.782084313023761579e-01,9.976685930312262363e-01,3.108552847300319333e-01,1.000000000000000000e+00,-1.837990903208815308e+00,9.958760023030908126e-01,-4.570853331217490378e-01,9.987746928734567708e-01,1.201337013450058055e+00,1.000000000000000000e+00,1.915360125722084805e-02,1.000000000000000000e+00,-9.660638795858953465e-01,9.969523079745762351e-01,-1.832707637097368836e-01
1.000000000000000000e+00,2.345291642250013076e-01,9.979947233921214744e-01,-6.218788354500208726e-01,9.972920744790019221e-01,6.048409526318618834e-01,9.978887252369628147e-01,-2.983585809362561680e-01,9.992785020170389387e-01,-2.058767220032786671e+00,1.000000000000000000e+00,1.025705005442238416e-01,9.990263660575100513e-01,9.886246446510260633e-01,1.000000000000000000e+00,7.266969879037157298e-01,1.000000000000000000e+00,-4.012043623333517162e-01,9.972263915204196971e-01,5.915982840855071867e-02
1.000000000000000000e+00,-1.279728962216460098e-01,9.978095962045512302e-01,-3.874898034370362065e-01,9.971137213949619049e-01,6.840072684647732215e-01,9.983108235340724113e-01,1.103745049481119345e-01,9.992254146555624716e-01,-1.924444606830169491e+00,9.993603180444126100e-01,-3.592598968552399574e-01,9.995572185163437151e-01,8.870084413259035072e-01,1.000000000000000000e+00,1.722707876348494038e-01,1.000000000000000000e+00,-9.432102748693036443e-01,9.965451414500015037e-01,-5.302329932376850796e-02
1.000000000000000000e+00,6.290797391057302290e-01,9.979160407772322827e-01,-4.701510245990432324e-01,9.972930545761742316e-01,9.578234055530243651e-01,9.970491719778301620e-01,2.461499926172733277e-02,1.000000000000000000e+00,-2.133192476506800439e+00,9.974940319544450817e-01,-2.974366854705972063e-01,9.993973830849832707e-01,1.014804483121356071e+00,1.000000000000000000e+00,1.972134950476520099e-01,1.000000000000000000e+00,-9.109656064547313470e-01,9.969268245262756789e-01,-3.163901354195945981e-01
1.000000000000000000e+00,7.957371383091191852e-01,9.986228704881343621e-01,-2.415999101765416990e-01,9.959758812536083639e-01,1.051204518478405792e+00,9.970343523411614450e-01,8.919555581876414951e-02,9.999341035788471554e-01,-2.430338119923511009e+00,9.974374345966936506e-01,-5.487641977154602557e-01,1.000000000000000000e+00,1.087004197445365694e+00,1.000000000000000000e+00,3.017312318248284164e-01,1.000000000000000000e+00,-8.824565019837122826e-01,9.983428814325890910e-01,-1.318657522235315294e-01
1.000000000000000000e+00,-1.400981887533515879e-01,9.987859243273607968e-01,-5.117236884112514872e-01,9.972864743011458089e-01,7.758806429609275135e-01,9.980063834176203796e-01,2.908635558433533830e-02,1.000000000000000000e+00,-1.812116610033188691e+00,9.981878250391289509e-01,-6.120061198464598062e-01,9.999217574423505672e-01,5.519172039751679693e-01,1.000000000000000000e+00,-4.775276651364215863e-02,1.000000000000000000e+00,-1.221906584579547816e+00,9.972434755037961063e-01,-4.711320388352605582e-01
1.000000000000000000e+00,-6.138362617019510470e-02,9.987595302271186082e-01,-4.601245452675446490e-01,9.973286200661546363e-01,8.230803374059609823e-01,9.980618317046652255e-01,8.514816651302126171e-02,1.000000000000000000e+00,-1.794087742122771445e+00,9.981658803930675283e-01,-5.951908778653839382e-01,9.999145873469097445e-01,5.962919229894793061e-01,1.000000000000000000e+00,-3.426754988333033380e-02,1.000000000000000000e+00,-1.210153589529975537e+00,9.972845006885960872e-01,-4.259313129571749013e-01
1.000000000000000000e+00,6.499232773052988632e-01,9.985609174223997186e-01,-1.963775563414599801e-01,9.970364984495682092e-01,7.267751639330017888e-01,9.973365022484701470e-01,4.470755602639315818e-01,1.000000000000000000e+00,-1.959621970942682312e+00,9.962992509809222019e-01,-8.771618681276072138e-01,9.999261136960353458e-01,1.270579302940845645e+00,1.000000000000000000e+00,8.842339398788073845e-02,1.000000000000000000e+00,-9.288037028054583200e-01,9.984732008996676234e-01,1.310264839017334926e-01
1.000000000000000000e+00,3.319050169224783131e-01,9.993772464427868041e-01,-2.886592627814613676e-01,9.972720578128290159e-01,7.793658193604062756e-01,9.978826734988847091e-01,2.869073019879251896e-01,1.000000000000000000e+00,-1.889410043397215855e+00,9.968881820792416804e-01,-8.006308308634155768e-01,9.998506213814848387e-01,9.420642169352650974e-01,1.000000000000000000e+00,4.280321983150062182e-02,1.000000000000000000e+00,-1.030848696841240475e+00,9.990907473431274166e-01,1.957490599576105217e-01
1.000000000000000000e+00,3.186024087004111216e-01,9.983875705084084284e-01,-2.464891016795526246e-01,9.966464070767488970e-01,8.843037414201596613e-01,9.975251025813161032e-01,1.942888562418211562e-01,9.991521176533841864e-01,-2.214293348091566749e+00,9.965467650726832494e-01,-4.331650601937759859e-01,9.999111834538698673e-01,1.149785635204625844e+00,1.000000000000000000e+00,1.212007595916510111e-01,1.000000000000000000e+00,-8.827074123408154005e-01,9.977462813481424719e-01,-4.016823897315334735e-01
1.000000000000000000e+00,4.435168622434393360e-01,9.988451217444767050e-01,-6.769870714871670803e-01,9.974335966449454638e-01,1.060202769463382877e+00,9.980874649820465905e-01,-2.257572428150619870e-02,9.992382142667218803e-01,-2.003908989729441537e+00,9.960266844431537869e-01,-9.957740399908762696e-02,9.991797340386996407e-01,9.905425001868737311e-01,1.000000000000000000e+00,4.778360705102700778e-02,1.000000000000000000e+00,-8.655371640594750060e-01,9.967032931458474909e-01,-5.384362397318671611e-01
1.000000000000000000e+00,5.244324303065808213e-01,9.993240186947252024e-01,-7.249827688281099691e-01,9.971829731664183516e-01,9.302541170197361486e-01,9.980858910671508433e-01,3.035843580137963238e-02,9.997147241514611204e-01,-2.010985922855271557e+00,9.959577037157589796e-01,-3.796184733005348311e-01,9.995632085719062809e-01,9.591917274888120959e-01,1.000000000000000000e+00,1.842676426729854267e-02,1.000000000000000000e+00,-1.008300567379772694e+00,9.970755351557567536e-01,-3.447242361510615138e-01
1.000000000000000000e+00,4.987891648469090777e-02,9.984557167489470642e-01,-4.355565244567706218e-01,9.968139237834766631e-01,7.271413264122381648e-01,9.975522650303237926e-01,1.076999527349660757e-01,9.990992639991124191e-01,-2.318304587645209747e+00,9.966787261164713474e-01,-5.416363735438909366e-01,9.997034857747125747e-01,1.022627787279523970e+00,1.000000000000000000e+00,-1.219107281726647396e-02,1.000000000000000000e+00,-1.055906322015924159e+00,9.976006252853217848e-01,-5.744497371660555185e-01
1.000000000000000000e+00,6.572421936986182489e-01,9.985756244948416072e-01,1.138379716592913260e-01,9.980498939991693241e-01,1.174597908378575140e+00,9.978547413853294801e-01,4.734990821507556458e-01,1.000000000000000000e+00,-2.098536004199853089e+00,9.964570178000317080e-01,-6.237149726781421322e-01,9.994097292003717437e-01,1.177109601679757311e+00,1.000000000000000000e+00,-1.365380111553803899e-01,1.000000000000000000e+00,-8.762950668914046837e-01,1.000000000000000000e+00,3.428585565435567917e-01
1.000000000000000000e+00,4.474966801511541803e-01,9.986810446499264637e-01,-4.341175703928893959e-01,9.976893597243089440e-01,5.966846772773877206e-01,9.985596555082740799e-01,1.896125983123124747e-01,1.000000000000000000e+00,-1.570717135674489562e+00,9.984141872557675823e-01,-7.820479656531313939e-01,1.000000000000000000e+00,7.399869257800915090e-01,1.000000000000000000e+00,7.859322402912041761e-02,1.000000000000000000e+00,-1.030449443409141574e+00,9.980698304148037936e-01,-4.503865351462111311e-01
1.000000000000000000e+00,2.312650226519605834e-01,9.972163111008853775e-01,-3.829739602902758056e-01,9.972709903887561067e-01,2.940376702820061694e-01,9.988214772141462694e-01,1.707594122474191678e-01,9.986933269531590440e-01,-1.794121690928569102e+00,1.000000000000000000e+00,-4.097228790700958023e-01,9.996446059443129251e-01,1.183381848638566325e+00,1.000000000000000000e+00,4.594040404292354940e-01,1.000000000000000000e+00,-5.748145474948012090e-01,9.968366565410984315e-01,3.716872004414520370e-02
1.000000000000000000e+00,6.053479072691199114e-01,9.979107800559855468e-01,-4.649713362736609956e-01,9.977251227247700971e-01,1.139540476097216981e+00,9.980913380478548813e-01,-1.636539944212506703e-01,9.997518489039736167e-01,-2.378119201086807077e+00,9.995654237846324230e-01,2.535474945912524203e-01,9.985949187509229885e-01,9.760345750936569864e-01,1.000000000000000000e+00,3.342320580672473174e-01,1.000000000000000000e+00,-7.442974449061174891e-01,9.974802753853118098e-01,4.792528041604408040e-01
1.000000000000000000e+00,3.473743603573121175e-01,9.986793416606091212e-01,-4.604905035186800943e-01,9.976000083558419496e-01,5.756988526869608602e-01,9.984694348620665183e-01,1.446332338900509495e-01,1.000000000000000000e+00,-1.591671797332235183e+00,9.984732804482920887e-01,-7.535957187361612686e-01,1.000000000000000000e+00,7.244111201122078736e-01,1.000000000000000000e+00,1.128242604502802948e-01,1.000000000000000000e+00,-1.010220037594341758e+00,9.979316000461280201e-01,-4.716190307986085073e-01
1.000000000000000000e+00,1.001286878943950798e-01,9.975251740226287467e-01,-2.919368751329876055e-01,9.973292765273479299e-01,7.677757177754065410e-01,9.986580010479861880e-01,2.437460897978049323e-01,9.992226334853033798e-01,-1.997837324398144654e+00,9.994165579227154428e-01,-3.969539310111492858e-01,9.994940379387124985e-01,9.669325758653913860e-01,1.000000000000000000e+00,1.954347426679836630e-02,1.000000000000000000e+00,-1.042805327907393664e+00,9.966576776536156812e-01,1.329378865344855443e-01
1.000000000000000000e+00,6.478350309912432881e-01,9.990542515203216789e-01,-5.180628220480956170e-01,9.979361343580136490e-01,1.273416852033974589e+00,9.978804641925659302e-01,-1.435523877360475042e-01,1.000000000000000000e+00,-2.134506289318657490e+00,9.980742867027024845e-01,-1.157780327024739431e-01,9.991843521041552378e-01,6.155073804205954957e-01,9.999466638149655529e-01,5.978432037249509223e-02,1.000000000000000000e+00,-1.089598944263126423e+00,9.983042191381914510e-01,-3.437236153338740774e-03
1.000000000000000000e+00,2.640436607597825280e-01,9.986849583273089692e-01,-4.821778446537119955e-01,9.975250123485440712e-01,5.600195620762316029e-01,9.983903252955259600e-01,1.073630579677852248e-01,1.000000000000000000e+00,-1.604008430236210536e+00,9.985164670686472732e-01,-7.283275813256959719e-01,1.000000000000000000e+00,7.101582736833500498e-01,1.000000000000000000e+00,1.413693437009708176e-01,1.000000000000000000e+00,-9.922925938193134510e-01,9.978201376559057145e-01,-4.887170014196947077e-01
1.000000000000000000e+00,2.006910266693205935e-01,9.971372310521509075e-01,-2.856186651947273947e-01,9.972082481117168218e-01,1.921903423051382620e-01,9.991019139151103845e-01,-6.385438634649626133e-02,9.995901783978722310e-01,-2.160255989643131258e+00,1.000000000000000000e+00,-5.139617291613551853e-01,9.993927974473184594e-01,1.135100902847665738e+00,1.000000000000000000e+00,5.360466166144066680e-01,1.000000000000000000e+00,-6.138581346013638473e-01,9.966624539659862947e-01,-1.071475736794041955e-01
1.000000000000000000e+00,1.461979346209477670e-01,9.973542063380441691e-01,-1.792598517132762415e-01,9.973169329071879252e-01,6.597510804833364162e-01,9.990100769037155715e-01,6.352967969405326487e-02,9.999915702175895538e-01,-2.322835880508768547e+00,9.995895784787786065e-01,-4.922214348204059786e-01,9.992597523013186933e-01,9.707752094065327242e-01,1.000000000000000000e+00,1.005811664526795601e-01,1.000000000000000000e+00,-1.051717995157822383e+00,9.965401036680888724e-01,4.581322127981893311e-02
1.000000000000000000e+00,6.366289654997281389e-01,9.989907108174159722e-01,-6.353600580269764819e-01,9.977911178571811091e-01,8.794280248274919387e-01,9.978485674886394818e-01,-2.587277405096875538e-01,1.000000000000000000e+00,-1.953673329734336939e+00,9.987245023095556729e-01,-1.234624627495848892e-01,9.993622134611593877e-01,7.193935558301280953e-01,1.000000000000000000e+00,4.414732118951811835e-01,1.000000000000000000e+00,-7.131566764827024230e-01,9.984024889313971585e-01,-1.802481295171194930e-01
1.000000000000000000e+00,3.080270380548660869e-02,9.975122341306144058e-01,-4.513686465482084076e-01,9.971176877920214787e-01,3.079413877670152955e-01,9.985416406490834618e-01,7.648871148886496329e-02,9.987999063542045697e-01,-1.790521881706349960e+00,1.000000000000000000e+00,-3.924207063592853872e-01,9.996975698520593756e-01,1.059857826185575558e+00,1.000000000000000000e+00,4.748963289224735762e-01,1.000000000000000000e+00,-6.024230801637734389e-01,9.967351250622146219e-01,-1.010626206314878817e-01
1.000000000000000000e+00,4.678629757990865334e-02,9.974849007006603152e-01,-4.359034572034399257e-01,9.971243282190054291e-01,3.167141580163447268e-01,9.985408244365509001e-01,8.358341833262203369e-02,9.988186326298427176e-01,-1.780641965095808965e+00,1.000000000000000000e+00,-3.819263639458575499e-01,9.996783935550233036e-01,1.079687139780084015e+00,1.000000000000000000e+00,4.886236036236164537e-01,1.000000000000000000e+00,-5.897427652187774427e-01,9.967321054441538042e-01,-8.157365432237745351e-02
1.000000000000000000e+00,6.316932757078043137e-01,9.988571686065292887e-01,-4.086930315036509942e-01,9.978597773520314629e-01,1.143137368275722654e+00,9.981891626080890978e-01,-2.746801552686326531e-01,1.000000000000000000e+00,-2.380859125549366517e+00,9.982863899714187195e-01,-2.143785966050679725e-01,9.990382157461215051e-01,6.320010463708471971e-01,1.000000000000000000e+00,1.412769896091547461e-01,1.000000000000000000e+00,-1.085710047390948674e+00,9.980959842037034901e-01,-9.470232758327851164e-02
1.000000000000000000e+00,5.046180903374621884e-01,9.989759386589338597e-01,-6.472261397038431285e-01,9.976795261063147180e-01,8.304137390132017016e-01,9.978070466670626582e-01,-2.654581813910531496e-01,1.000000000000000000e+00,-1.932509583713639456e+00,9.987491312352390072e-01,-1.526681216317908873e-01,9.994179344112517072e-01,6.985620830041225915e-01,1.000000000000000000e+00,4.410481492132847237e-01,1.000000000000000000e+00,-7.215200561298816817e-01,9.982252027047071596e-01,-2.317550723177851379e-01
1.000000000000000000e+00,2.316710637178759080e-01,9.984957078658811547e-01,-5.189443732014515920e-01,9.977159109442562679e-01,4.105700713453268036e-01,9.986736525186192814e-01,7.204821615403894652e-02,9.990757755935054663e-01,-1.714273253089534821e+00,9.980552389871337748e-01,-8.563233187536561930e-02,9.982685654752087023e-01,1.220461241010771802e+00,1.000000000000000000e+00,4.899225974007558881e-01,1.000000000000000000e+00,-4.810546087433322238e-01,9.973272475358633260e-01,2.391556539306276541e-01
1.000000000000000000e+00,2.829752192335484029e-01,9.979711344274050377e-01,-6.326773618602328231e-01,9.973364676494078651e-01,6.057358205872215295e-01,9.979067584328159546e-01,-3.140324772486969840e-01,9.993014881792761095e-01,-2.089621381743087536e+00,1.000000000000000000e+00,1.191185003062516651e-01,9.989956948976149720e-01,9.899046364395664988e-01,1.000000000000000000e+00,7.175929900140296525e-01,1.000000000000000000e+00,-3.983332460253143914e-01,9.972947099127640325e-01,8.812040029922682538e-02
1.000000000000000000e+00,2.709007131620389530e-01,9.994159604472429015e-01,-4.743078836817896660e-01,9.979494220728578613e-01,8.854141896087300845e-01,9.984318253475250593e-01,1.456221585643811545e-01,1.000000000000000000e+00,-1.725336549710454692e+00,9.965496561550245547e-01,-3.529363595133343523e-01,9.987061860470394237e-01,8.008334390440622341e-01,1.000000000000000000e+00,-4.399423608449062884e-02,1.000000000000000000e+00,-1.085519118654424853e+00,9.978898768071868819e-01,-2.447103904423922338e-02
1.000000000000000000e+00,2.370704246657562297e-02,9.987860441470876038e-01,-4.417501765701881689e-01,9.974048471046583764e-01,8.543794545739553659e-01,9.981721277313768681e-01,1.147096374470365221e-01,1.000000000000000000e+00,-1.789393963031369328e+00,9.980944531165449884e-01,-6.308009286009825800e-01,9.999822160477108701e-01,5.724441947717215928e-01,1.000000000000000000e+00,-1.049943267493525512e-01,1.000000000000000000e+00,-1.259996543106654432e+00,9.974055590551975659e-01,-3.937458726175872559e-01
1.000000000000000000e+00,5.632576865161748048e-01,9.973626029367959056e-01,-2.056516522682831916e-01,9.970842853308924392e-01,9.588935585506423998e-01,9.965742979126342993e-01,1.204131488247532911e-01,1.000000000000000000e+00,-2.367233032343772248e+00,9.978293827792880100e-01,-5.418638485689863948e-01,1.000000000000000000e+00,1.134598561893574331e+00,1.000000000000000000e+00,1.682908578852728709e-01,1.000000000000000000e+00,-7.812538065078630245e-01,9.982820557135403394e-01,-2.726445729973839827e-01
1.000000000000000000e+00,4.843499217240474497e-01,9.983260083927163464e-01,-1.674206405193782998e-01,9.965291574321262225e-01,9.534138553792632642e-01,9.975012730189742882e-01,2.285352061146443403e-01,9.991078392729813018e-01,-2.251820535207628815e+00,9.963293748087391766e-01,-4.185840196495247412e-01,1.000000000000000000e+00,1.213938871555103161e+00,1.000000000000000000e+00,1.221917178933833864e-01,1.000000000000000000e+00,-8.366184242058761766e-01,9.979289150590682222e-01,-3.526215830401534523e-01
1.000000000000000000e+00,4.049598678515261563e-01,9.983700867731786222e-01,-2.130475742921078552e-01,9.965424747234505887e-01,9.112648809679779749e-01,9.975002132056022264e-01,1.918477650046606087e-01,9.991196839127965967e-01,-2.239175015666154955e+00,9.964036822289275008e-01,-4.340071598179675583e-01,1.000000000000000000e+00,1.165326278135577542e+00,1.000000000000000000e+00,1.107754527435368258e-01,1.000000000000000000e+00,-8.568847189974330147e-01,9.978653626932912912e-01,-3.832265954826418186e-01
1.000000000000000000e+00,5.307802347561649814e-01,9.989091893568974312e-01,-7.059634905923763970e-01,9.974080409035691597e-01,1.105871748722113690e+00,9.981218743039617092e-01,-7.377145697196460516e-02,9.992330344391417984e-01,-1.978106855989669510e+00,9.958353981727003923e-01,-5.129842862649039437e-02,9.992689787968734860e-01,9.668153538772314981e-01,1.000000000000000000e+00,3.905306162764907163e-02,1.000000000000000000e+00,-8.213803017257156336e-01,9.966744101186617577e-01,-5.369271408202479501e-01
1.000000000000000000e+00,-2.259023904907866420e-01,9.988324605829721481e-01,-5.739578749387805878e-01,9.972328022745442500e-01,7.178147247632606920e-01,9.979498069134130622e-01,-2.739427825032811348e-02,1.000000000000000000e+00,-1.835725759784625488e+00,9.982254356971226317e-01,-6.271673582494683430e-01,9.999603802505402372e-01,4.927934364524446109e-01,1.000000000000000000e+00,-7.236325578168417705e-02,1.000000000000000000e+00,-1.238612285730144258e+00,9.972085533923571443e-01,-5.275581901358692427e-01
1.000000000000000000e+00,4.760264306454879968e-01,9.986277600649189345e-01,-3.045126172832189337e-01,9.970022070614673604e-01,6.348774762928397486e-01,9.973193207527628612e-01,3.396675584901511225e-01,1.000000000000000000e+00,-1.992599033646313522e+00,9.963824323139909289e-01,-9.103141479050882445e-01,9.999338667888860721e-01,1.147894735706554092e+00,1.000000000000000000e+00,2.629639032301678281e-02,1.000000000000000000e+00,-9.861707834032689135e-01,9.983654930004830508e-01,1.309394713732481286e-02
1.000000000000000000e+00,4.380675574407430495e-01,9.989921341230002527e-01,-3.351188518358020896e-01,9.963417474059471646e-01,7.645335384256173317e-01,9.975413001032570337e-01,1.934112431006022592e-01,9.996809379375978244e-01,-2.172297374648088031e+00,9.963788358693759228e-01,-6.929968703945528219e-01,1.000000000000000000e+00,1.069727909140514743e+00,1.000000000000000000e+00,9.354450691099328030e-02,1.000000000000000000e+00,-9.965151041024764567e-01,9.980818728330113077e-01,-1.953519013016208339e-01
1.000000000000000000e+00,3.374399588461776123e-01,9.990021522951951782e-01,-3.883473360768721072e-01,9.963649306408642881e-01,7.186687342206626861e-01,9.975251909733477973e-01,1.481532611739334038e-01,9.996489573543423379e-01,-2.181410294759152269e+00,9.964486362007283216e-01,-7.052256147742167469e-01,1.000000000000000000e+00,1.016755650401030220e+00,1.000000000000000000e+00,6.842362450728198264e-02,1.000000000000000000e+00,-1.025458453692486005e+00,9.980032217403211892e-01,-2.551150459895837885e-01
1.000000000000000000e+00,7.600745117366752845e-02,9.989202792003982756e-01,-6.052685747138352168e-01,9.967168392885447092e-01,7.122556363377152699e-01,9.977732927125725348e-01,-3.509480162383524920e-02,9.990471016540557470e-01,-2.094020720919820722e+00,9.964127691111499541e-01,-3.602406334101060925e-01,9.994767652897293964e-01,8.752291634411578647e-01,1.000000000000000000e+00,3.592576772608164354e-02,1.000000000000000000e+00,-1.074125096386261857e+00,9.967115298774850141e-01,-5.908629624173087347e-01
1.000000000000000000e+00,3.882327147823184665e-01,9.990089088411694407e-01,-6.080341498392318744e-01,9.969778386348107091e-01,8.846177402038541970e-01,9.977106835839866239e-01,7.897533174036172610e-03,9.997665303124495528e-01,-2.136488264330336673e+00,9.962532702728411627e-01,-5.348089856773090567e-01,1.000000000000000000e+00,9.509870683426333571e-01,1.000000000000000000e+00,-1.187178380403511313e-03,1.000000000000000000e+00,-9.247964817831839657e-01,9.978388688518211591e-01,-3.687496446662658633e-01
1.000000000000000000e+00,2.762536387530805104e-01,9.990113870423933395e-01,-6.594068198729686747e-01,9.969782333143875075e-01,8.220541891885335684e-01,9.976817823424597442e-01,-2.905957574917954547e-02,9.997142982890044882e-01,-2.173469468304005225e+00,9.963189531005499644e-01,-5.697323336358124379e-01,9.999803642297828699e-01,9.007425404264310931e-01,1.000000000000000000e+00,-3.902621651069519693e-02,1.000000000000000000e+00,-9.797860732949040807e-01,9.977750161637353177e-01,-4.375122591094472435e-01
1.000000000000000000e+00,2.187665347525651893e-01,9.993572866247800723e-01,-6.035064997723661451e-01,9.973361708153369865e-01,8.094449679841149159e-01,9.975658630625754419e-01,-2.025038412653597519e-01,9.996382107570672693e-01,-2.116906724601033130e+00,9.962357205892657941e-01,-5.396810631367190414e-01,1.000000000000000000e+00,8.586617628384104473e-01,1.000000000000000000e+00,-1.233640600678729271e-01,1.000000000000000000e+00,-1.128342730803239879e+00,9.977250774223115348e-01,-4.830232765323705935e-01
1.000000000000000000e+00,2.478031869801919362e-01,9.986731036623412994e-01,-7.139697031352922885e-01,9.977545524212024786e-01,7.386851357628798631e-01,9.975875931655545648e-01,-1.919015922074667202e-01,9.990042800654203026e-01,-1.931781159046784824e+00,9.963988074381531224e-01,-4.170107347851220170e-01,9.998109359599898216e-01,7.185047401527064892e-01,1.000000000000000000e+00,-3.074244858997178809e-01,1.000000000000000000e+00,-1.162318536944698666e+00,9.974400145623276703e-01,-6.716847861518047136e-01
1.000000000000000000e+00,1.695433224696239138e+00,9.982411273433549059e-01,1.854186745708438222e-01,9.968247040048465735e-01,8.822739812435260731e-01,9.965832955441232821e-01,9.112090683112114009e-01,1.000000000000000000e+00,-2.253501011748674898e+00,9.946355819792340736e-01,-1.412463459015395939e+00,1.000000000000000000e+00,1.802351913681075057e+00,1.000000000000000000e+00,-1.066108883527351336e-01,1.000000000000000000e+00,-9.402398442403259171e-01,1.000000000000000000e+00,7.609171834061275730e-01
1.000000000000000000e+00,4.444989499302889890e-01,9.968604611913659541e-01,-3.494771016673585695e-01,9.974683409521474253e-01,2.284298255016952717e-01,9.991681247325469029e-01,2.570679758991396002e-01,9.984922223273554609e-01,-1.805754684231906992e+00,1.000000000000000000e+00,-4.571342744197027796e-01,9.996339598330069576e-01,1.280624429119118668e+00,1.000000000000000000e+00,3.710182867211674340e-01,1.000000000000000000e+00,-5.688148675816228073e-01,9.970186349682064186e-01,2.019793393189912578e-01
1.000000000000000000e+00,5.826662983164514475e-01,9.965254578644762162e-01,-1.767199857792718931e-01,9.975228080384616058e-01,9.260889469006006181e-02,9.997492270494477973e-01,6.236857585796790060e-02,9.994709900447641404e-01,-2.255623858552971317e+00,1.000000000000000000e+00,-5.971535724243273169e-01,9.993054889984643863e-01,1.321699459998243009e+00,1.000000000000000000e+00,4.405480960462316298e-01,1.000000000000000000e+00,-5.987820218733810318e-01,9.969061580294741320e-01,1.397816634530154034e-01
1.000000000000000000e+00,5.449385034459950372e-01,9.965796680452337908e-01,-1.912807504680497650e-01,9.974963511459533638e-01,9.768278748968106662e-02,9.996921078777534220e-01,4.838935679755521080e-02,9.994801526771359690e-01,-2.255230711513380726e+00,1.000000000000000000e+00,-5.951896800360214623e-01,9.993109528844164036e-01,1.302403330444876772e+00,1.000000000000000000e+00,4.446890444426173095e-01,1.000000000000000000e+00,-6.056557339487638192e-01,9.968826285615312033e-01,1.105407659049661151e-01
1.000000000000000000e+00,-3.566074477688893074e-01,9.971091881905432830e-01,-9.200658813664452929e-02,9.978841279570735967e-01,5.171057258446998262e-01,9.977374085033815510e-01,3.184816088153659686e-01,1.000000000000000000e+00,-2.427176514456201861e+00,9.984762126438107011e-01,-4.666561214608982988e-01,9.988848205650371348e-01,1.415900055392503187e+00,1.000000000000000000e+00,7.933680431880683059e-01,1.000000000000000000e+00,-1.397893842496161998e+00,9.954786482882989063e-01,-8.921980314012641911e-01
1.000000000000000000e+00,5.615192683615539693e-01,9.965676671531438213e-01,-1.796671975422508560e-01,9.975009489753674519e-01,1.045211620050210677e-01,9.997048453563603942e-01,5.962254808178821253e-02,9.994794997056304364e-01,-2.246973317809976667e+00,1.000000000000000000e+00,-5.877483687898770182e-01,9.993099145631461067e-01,1.314791950268517473e+00,1.000000000000000000e+00,4.524695999575499838e-01,1.000000000000000000e+00,-5.972849645466229429e-01,9.968858021128831348e-01,1.236704160653214202e-01
1.000000000000000000e+00,-3.167018708157841589e-01,9.968406053976796022e-01,1.806815874256241794e-01,9.973137842593131630e-01,4.951971343668594705e-01,9.982248067227955657e-01,1.098658705282085646e-01,1.000000000000000000e+00,-2.531438478394695935e+00,9.982976590868021249e-01,-5.757736717942320004e-01,9.989137570854310644e-01,1.246426648485106314e+00,1.000000000000000000e+00,6.979464899972366299e-01,1.000000000000000000e+00,-1.535156630151228274e+00,9.958620528217118073e-01,-8.048438996919612398e-01
1.000000000000000000e+00,5.739595402054640250e-01,9.965616233299577909e-01,-1.695956040449852487e-01,9.975026112231966113e-01,1.119589660389527230e-01,9.997112549393083469e-01,6.934573528252307995e-02,9.994798676819541816e-01,-2.238590341346770707e+00,1.000000000000000000e+00,-5.800249869859226415e-01,9.993094843418977025e-01,1.325085899337352879e+00,1.000000000000000000e+00,4.607509039885290258e-01,1.000000000000000000e+00,-5.896377275893389669e-01,9.968863881319418585e-01,1.336427006714811516e-01
1.000000000000000000e+00,5.357127629565692217e-01,9.966159715886004911e-01,-1.843878106030665820e-01,9.974760419181494253e-01,1.167099655090884924e-01,9.996540079617487473e-01,5.465845472491978607e-02,9.994893257630780292e-01,-2.237973124833591676e+00,1.000000000000000000e+00,-5.782926144520361689e-01,9.993153756116871511e-01,1.304974398323408113e+00,1.000000000000000000e+00,4.644840804703907478e-01,1.000000000000000000e+00,-5.965359533670344661e-01,9.968636764758388447e-01,1.048289968271544637e-01
1.000000000000000000e+00,-3.507435596782145226e-01,9.971452858381415485e-01,-9.253845443643260449e-02,9.978591293728129585e-01,5.282978687861452638e-01,9.977282387525929774e-01,3.200224331399738054e-01,1.000000000000000000e+00,-2.402873311642287124e+00,9.984925767938302998e-01,-4.500074596412810268e-01,9.988998724937752094e-01,1.415843402432758857e+00,1.000000000000000000e+00,8.081156559147248952e-01,1.000000000000000000e+00,-1.369120244095316075e+00,9.954826641291550926e-01,-8.795215064342385425e-01
1.000000000000000000e+00,5.556701737738167779e-01,9.966013267921352003e-01,-1.705698202561350962e-01,9.974817468167318513e-01,1.247589255231941197e-01,9.996696023564397571e-01,6.809702537141237855e-02,9.994884620185291446e-01,-2.228357335787824134e+00,1.000000000000000000e+00,-5.695809790096004743e-01,9.993140436656463566e-01,1.319824520386966071e+00,1.000000000000000000e+00,4.736430033534065887e-01,1.000000000000000000e+00,-5.866243099966207408e-01,9.968675616584720123e-01,1.204842070060730130e-01
1.000000000000000000e+00,5.175983129853918285e-01,9.966550538735239329e-01,-1.852189109988380822e-01,9.974553868172285620e-01,1.292797594252614313e-01,9.996129431997268222e-01,5.314907195074544677e-02,9.994980008974582164e-01,-2.227343503203817576e+00,1.000000000000000000e+00,-5.678596610294335267e-01,9.993202177882051229e-01,1.299463715790452500e+00,1.000000000000000000e+00,4.771279286978445389e-01,1.000000000000000000e+00,-5.933206803038595378e-01,9.968457474125816953e-01,9.253145125945361205e-02
1.000000000000000000e+00,4.809794929109682537e-01,9.967066453787772895e-01,-1.990623256638007210e-01,9.974298797002759676e-01,1.336502316635523047e-01,9.995583636890095214e-01,3.863351718553570402e-02,9.995072989119756501e-01,-2.225600387021439808e+00,1.000000000000000000e+00,-5.658440112353391171e-01,9.993265006101070824e-01,1.279747063510631611e+00,1.000000000000000000e+00,4.805486822921370416e-01,1.000000000000000000e+00,-5.994016155261936429e-01,9.968252323012132265e-01,6.639531505904838760e-02
1.000000000000000000e+00,-3.026426229336393048e-02,9.975130071800218934e-01,-3.383038020494754106e-01,9.967485143292420524e-01,1.611215193027604742e-01,9.985336856245006221e-01,1.631372626359873235e-01,9.994832198775761567e-01,-2.367672397808104012e+00,9.996996492910308341e-01,-4.435019770866776012e-01,9.991291837044398161e-01,1.557800605031839147e+00,1.000000000000000000e+00,8.855644588882753965e-01,1.000000000000000000e+00,-1.136696835916709780e+00,9.956996598668649279e-01,-1.155262194007908860e+00
1.000000000000000000e+00,4.722697433545439694e-01,9.967291700149010225e-01,-1.976739237597890941e-01,9.974176528646279127e-01,1.425449187793432770e-01,9.995347861842179826e-01,3.923301953285679433e-02,9.995127893895037197e-01,-2.217213981998789496e+00,1.000000000000000000e+00,-5.580612505679819479e-01,9.993296911098992208e-01,1.277991402589984560e+00,1.000000000000000000e+00,4.896231190507755460e-01,1.000000000000000000e+00,-5.957938250894669885e-01,9.968150970256994814e-01,6.137471250092613184e-02
1.000000000000000000e+00,-3.297421341841338949e-02,9.975314371274561775e-01,-3.378226238159121597e-01,9.967407658880688137e-01,1.688312584694614538e-01,9.985213793584825082e-01,1.615990181538058124e-01,9.994858096809171588e-01,-2.355702091370392992e+00,9.996971675316910222e-01,-4.361160970270245296e-01,9.991366820274437677e-01,1.552651334529575822e+00,1.000000000000000000e+00,8.908519377492809532e-01,1.000000000000000000e+00,-1.124124501717232993e+00,9.957023743220883016e-01,-1.146809966197101849e+00
1.000000000000000000e+00,-4.729739523324825723e-01,9.975855204062143988e-01,-3.029360521378597348e-01,9.977127307890527597e-01,6.700847274543759724e-01,9.971505584430785385e-01,5.007954435817923988e-01,9.990837305105971788e-01,-1.866700469863779244e+00,9.983196580753372906e-01,-2.791723626581518736e-01,9.993118052216074521e-01,1.343539007890247605e+00,1.000000000000000000e+00,7.369467294747884534e-01,1.000000000000000000e+00,-1.247857487281432531e+00,9.956768771061259571e-01,-7.573435224500890683e-01
1.000000000000000000e+00,5.021786034740249871e-01,9.988009549133036735e-01,-2.547054068648728631e-01,9.978981158169377697e-01,1.144985404086846792e+00,9.986253664809615627e-01,3.810763198195036283e-01,1.000000000000000000e+00,-1.780026770646522039e+00,9.975088459371543870e-01,-7.663212491586082198e-01,1.000000000000000000e+00,6.045669683764575142e-01,9.999966345516709820e-01,-4.412650066322151288e-01,1.000000000000000000e+00,-1.533930188632748770e+00,9.979922685767850243e-01,-2.013035734339440053e-01
1.000000000000000000e+00,5.632011559189439298e-01,9.986974428129988812e-01,-4.029524597634160377e-01,9.977917291166937819e-01,6.249383125811018846e-01,9.986558124159133909e-01,2.420555496351586011e-01,1.000000000000000000e+00,-1.536803814177401195e+00,9.983320812485990681e-01,-8.123799326094895967e-01,1.000000000000000000e+00,7.549941126620622889e-01,1.000000000000000000e+00,3.897561473903282669e-02,1.000000000000000000e+00,-1.052555812443082495e+00,9.982374898891664960e-01,-4.251454000007160450e-01
1.000000000000000000e+00,4.690272625279346408e-01,9.967644412010351340e-01,-1.849510646304543537e-01,9.973970547382495777e-01,1.664175473072935785e-01,9.994983647170733176e-01,4.995757631214320371e-02,9.995235071141863603e-01,-2.193322656826839800e+00,1.000000000000000000e+00,-5.361862873056997270e-01,9.993353727294855826e-01,1.284859832369199983e+00,1.000000000000000000e+00,5.145490224120234934e-01,1.000000000000000000e+00,-5.811726435935253843e-01,9.967978555067976698e-01,6.275125476405918334e-02
1.000000000000000000e+00,8.004504878603573292e-01,9.977085729782138035e-01,-5.928758631414359215e-01,9.977253921897774047e-01,7.477878104565476303e-01,9.981195582205552030e-01,-3.190024395698549675e-01,9.993439833315589382e-01,-2.248649678263722418e+00,1.000000000000000000e+00,3.580825616086244501e-01,9.985832589928955727e-01,1.173213519649764169e+00,1.000000000000000000e+00,8.148155438577227017e-01,1.000000000000000000e+00,-2.422714821120836026e-01,9.977906020448343849e-01,4.356981023408372788e-01
1.000000000000000000e+00,2.238293445638766255e-01,9.972201325706402386e-01,-3.888363226288842900e-01,9.972697031298034531e-01,2.898221445778871308e-01,9.988170276019769922e-01,1.652987725074817338e-01,9.986924668786377746e-01,-1.798302071195472696e+00,1.000000000000000000e+00,-4.137849638825686349e-01,9.996451168046028846e-01,1.177518023645188538e+00,1.000000000000000000e+00,4.547199181796681700e-01,1.000000000000000000e+00,-5.792128395042646094e-01,9.968359660573877790e-01,3.135835004074316590e-02
1.000000000000000000e+00,2.201491909745287856e-01,9.972304275214980418e-01,-3.871615637984732738e-01,9.972635678505821222e-01,2.940654663197735941e-01,9.988071615875129261e-01,1.649231621013668159e-01,9.986990382229326002e-01,-1.794904906621213714e+00,1.000000000000000000e+00,-4.098987232398303981e-01,9.996458579904275998e-01,1.176815714747469821e+00,1.000000000000000000e+00,4.598476566265129462e-01,1.000000000000000000e+00,-5.768594686662105175e-01,9.968308563500953845e-01,2.943202341819467494e-02
1.000000000000000000e+00,3.971684049500307512e-01,9.986781339565463655e-01,-4.441059154345617932e-01,9.976401891523777321e-01,5.887393426618038328e-01,9.985120434923210331e-01,1.687993750439259477e-01,1.000000000000000000e+00,-1.579398554248519382e+00,9.984478370671102665e-01,-7.629611605751577263e-01,1.000000000000000000e+00,7.357948662438754672e-01,1.000000000000000000e+00,1.017408833175273419e-01,1.000000000000000000e+00,-1.015823758719272440e+00,9.979928632576245962e-01,-4.582617149435167514e-01
1.000000000000000000e+00,4.146437782397898175e-01,9.985672517497615752e-01,-2.021960710724901022e-01,9.977533606438118152e-01,9.408202662350593215e-01,9.988692560611878157e-01,1.305514373924913651e-01,1.000000000000000000e+00,-2.119101927434944965e+00,9.979033301893873720e-01,-8.279689238256681127e-01,9.997731699276111161e-01,6.141698922179954501e-01,1.000000000000000000e+00,-2.655168532451458452e-01,1.000000000000000000e+00,-1.463388563109731422e+00,9.976882658857648689e-01,-3.323033337068680426e-01
1.000000000000000000e+00,7.284523983495923005e-01,9.990065177733919999e-01,-6.417056703313779309e-01,9.978863038355325621e-01,9.119738194447197799e-01,9.978627990308824858e-01,-2.756195079776544432e-01,1.000000000000000000e+00,-1.978281366626816862e+00,9.986949716568959134e-01,-1.054515729668425994e-01,9.992953031499273164e-01,7.266062887725940334e-01,1.000000000000000000e+00,4.367421371552107079e-01,1.000000000000000000e+00,-7.112646147963563870e-01,9.985486064834747655e-01,-1.456800061421135717e-01
1.000000000000000000e+00,7.864721705686394948e-02,9.974109584147409224e-01,-4.403500510694022263e-01,9.971676257487213091e-01,2.943306373156960865e-01,9.986228692661628381e-01,9.080165450377239433e-02,9.987686221142454412e-01,-1.798570598676767940e+00,1.000000000000000000e+00,-4.088420966356936526e-01,9.996647029905745274e-01,1.093576167952522438e+00,1.000000000000000000e+00,4.659870771265323119e-01,1.000000000000000000e+00,-5.996046724607460021e-01,9.967578391632937462e-01,-6.517036870524645087e-02
1.000000000000000000e+00,9.463604600918265608e-02,9.973998626370362830e-01,-4.292118728369536118e-01,9.971724794208560727e-01,3.014163261929972970e-01,9.986351227167266087e-01,1.017777896051255959e-01,9.987684340551022943e-01,-1.792252325698190596e+00,1.000000000000000000e+00,-4.024734821699725851e-01,9.996629864995345560e-01,1.105361754860601620e+00,1.000000000000000000e+00,4.735061438805757139e-01,1.000000000000000000e+00,-5.919638252151825375e-01,9.967611006007143226e-01,-5.330234281963397436e-02
1.000000000000000000e+00,3.319616821309310795e-01,9.985687447125044525e-01,-2.324671475095962392e-01,9.976650206424004796e-01,8.964916301174401525e-01,9.987801751706638642e-01,8.847332913119898556e-02,1.000000000000000000e+00,-2.107594897405177914e+00,9.980002372313216963e-01,-7.979457236681177790e-01,9.997647425321019021e-01,6.125962186474227522e-01,1.000000000000000000e+00,-2.004728653370174141e-01,1.000000000000000000e+00,-1.409021183936837174e+00,9.975844468497019335e-01,-3.596461438247079978e-01
1.000000000000000000e+00,6.245919535146591262e-01,9.989855060458474600e-01,-6.424290339539122652e-01,9.977919518738548321e-01,8.753170545069626218e-01,9.978365739693848546e-01,-2.731335985298757874e-01,1.000000000000000000e+00,-1.954656972258804304e+00,9.987183573645075363e-01,-1.280180706747020003e-01,9.993424659743078697e-01,7.177162675929791291e-01,1.000000000000000000e+00,4.435491889934172760e-01,1.000000000000000000e+00,-7.132458976308955201e-01,9.983936145800693662e-01,-1.828801325034732916e-01
1.000000000000000000e+00,-5.074855887452858760e-02,9.981393785654097961e-01,-3.374904073527877912e-01,9.975534461794626218e-01,9.455680690427867296e-02,9.993412119722939746e-01,4.747737812469146057e-01,9.985988727364059070e-01,-1.365300424598834494e+00,9.977463145646972009e-01,-6.026495499831899805e-01,9.987856524079296028e-01,1.320509129140646332e+00,1.000000000000000000e+00,2.354577222864733255e-01,1.000000000000000000e+00,-6.834518311492419063e-01,9.967681667163139636e-01,7.650545094073316066e-02
1.000000000000000000e+00,4.522568966615384545e-01,9.978768346022943714e-01,-6.083015371247710856e-01,9.974586601033217370e-01,6.540169695624202806e-01,9.979984857329778913e-01,-3.035306214776452571e-01,9.993079769671525669e-01,-2.131602284461128871e+00,1.000000000000000000e+00,1.867801496863630839e-01,9.988693616557943189e-01,1.057973754108733067e+00,1.000000000000000000e+00,7.564480779797240206e-01,1.000000000000000000e+00,-3.461554658176439481e-01,9.974376615945470537e-01,2.000186468639388593e-01
1.000000000000000000e+00,4.577983966801010274e-01,9.990185421466651894e-01,-5.477928427358926822e-01,9.977618300597431711e-01,1.156900232249251870e+00,9.978221649307522645e-01,-1.679037219216976962e-01,1.000000000000000000e+00,-2.084481840062662350e+00,9.981843945027460974e-01,-1.622753982728067090e-01,9.992798107801873497e-01,5.992222645513173296e-01,1.000000000000000000e+00,1.036092164813858518e-01,1.000000000000000000e+00,-1.059322704627755352e+00,9.980585246033227831e-01,-9.694715869835043853e-02
1.000000000000000000e+00,6.486693516714143737e-01,9.982154164462393453e-01,-5.040979137610170913e-01,9.975749772630331247e-01,4.590318753281725228e-01,9.976276852551885233e-01,2.283022308293889968e-01,1.000000000000000000e+00,-1.736494755263293888e+00,9.960786786917096292e-01,-5.012745224859136428e-01,9.987975078935975581e-01,1.313885084912158163e+00,1.000000000000000000e+00,2.499183183592411650e-01,1.000000000000000000e+00,-7.092072884048195025e-01,9.970545350208781521e-01,-3.150641516299456657e-01
1.000000000000000000e+00,-1.461956092755967995e-01,9.977976017955165755e-01,-4.194142627855795835e-01,9.971339755018956419e-01,6.589746452799200016e-01,9.983401275695801269e-01,8.314335663806385335e-02,9.992277064680785692e-01,-1.955298783428455200e+00,9.993606408030026866e-01,-3.962964285317072122e-01,9.995652410124759024e-01,8.515603884418317948e-01,1.000000000000000000e+00,1.163337496295068219e-01,1.000000000000000000e+00,-9.859207681921925426e-01,9.965590793796258451e-01,-6.375769627310104437e-02
1.000000000000000000e+00,6.259259484545500740e-01,9.978821978163580075e-01,-5.190765764203753019e-01,9.973024848135166875e-01,9.257774168331982523e-01,9.969980406822278596e-01,-1.949405414711519180e-02,1.000000000000000000e+00,-2.188291866883973036e+00,9.974203590115626739e-01,-3.379640577159523374e-01,9.993918247768810437e-01,9.828891946732685181e-01,9.999501406249569069e-01,1.405609958704469864e-01,1.000000000000000000e+00,-9.535115831458438329e-01,9.969214528156837840e-01,-3.531517985451944619e-01
1.000000000000000000e+00,7.865255886016084830e-01,9.987475839114983156e-01,-5.769759036330496249e-01,9.968817609256892531e-01,7.938146668814405338e-01,9.971089229299051615e-01,5.111219170221745212e-02,1.000000000000000000e+00,-2.104725497473685980e+00,9.971974768561786551e-01,-6.801769486268807174e-01,1.000000000000000000e+00,9.407858619913552767e-01,1.000000000000000000e+00,1.504723100747321074e-01,1.000000000000000000e+00,-1.084169022345303102e+00,9.974482816233363192e-01,-2.676475201449279862e-02
1.000000000000000000e+00,3.353051682977643833e-02,9.981045268102568535e-01,-7.175912333581340175e-01,9.971946921983737555e-01,5.147028128496630162e-01,9.977824211973038704e-01,-3.835046517167138846e-01,9.992600930454657027e-01,-2.067755700040577072e+00,9.999701314238380601e-01,1.259268346709321862e-02,9.991176144950660865e-01,8.699140364082886823e-01,1.000000000000000000e+00,6.463186135815915945e-01,1.000000000000000000e+00,-4.814522215821209761e-01,9.971227420706898492e-01,-7.797498445786479881e-02
1.000000000000000000e+00,3.021971023161782455e-01,9.981655068757419036e-01,-4.505822765118783213e-01,9.964332195301088824e-01,7.313463018163511853e-01,9.980046564722855340e-01,5.684709963410072842e-02,9.981439813691008744e-01,-2.197793974847672693e+00,9.968993548026423568e-01,-6.551229116571652411e-02,9.992210624335126079e-01,1.256112722001395898e+00,1.000000000000000000e+00,2.765312029822469264e-01,1.000000000000000000e+00,-7.719210064246201375e-01,9.960948068505695030e-01,-2.216326237035213531e-01
1.000000000000000000e+00,3.423080412927910210e-01,9.988861352593810805e-01,-5.002467579481004734e-01,9.966710459403391731e-01,8.382501063188869672e-01,9.978749169009714093e-01,4.208223323026219487e-02,9.990042210741165718e-01,-2.069608869036621446e+00,9.961132111499668707e-01,-2.825305178368545667e-01,9.995289449291807626e-01,9.959658542538262216e-01,1.000000000000000000e+00,8.728009774648511077e-02,1.000000000000000000e+00,-1.003600004960035541e+00,9.967290415509557633e-01,-4.829468639706128164e-01
1.000000000000000000e+00,2.838186090256581418e-01,9.988995302111154384e-01,-5.236688264605666721e-01,9.966736336405285224e-01,8.100630899214761316e-01,9.978554913101831403e-01,1.945758498311464524e-02,9.990166603386915201e-01,-2.065368313371858999e+00,9.961793955109309318e-01,-2.981983003185914027e-01,9.995272411740768748e-01,9.667400972276811721e-01,1.000000000000000000e+00,8.126379364831833041e-02,1.000000000000000000e+00,-1.011851755311215406e+00,9.967212819113994149e-01,-5.023902852507210470e-01
1.000000000000000000e+00,5.659415747709045652e-01,9.990171335187597590e-01,-5.532861260033252737e-01,9.969570429032565961e-01,9.774174690847413638e-01,9.977363705392323645e-01,2.829391254249728760e-02,9.998652419859108686e-01,-2.091917964207259395e+00,9.960749284825681782e-01,-4.982098925064147865e-01,1.000000000000000000e+00,1.019557485153362641e+00,1.000000000000000000e+00,4.438674260662252291e-02,1.000000000000000000e+00,-8.379570386529215931e-01,9.979631099441703679e-01,-2.670293069127624985e-01
1.000000000000000000e+00,2.866786831072668518e-01,9.990204176226818999e-01,-4.198956308097775425e-01,9.963281015447482680e-01,6.895842600153084812e-01,9.974940282069698627e-01,9.458734677888450126e-02,9.996587111196587605e-01,-2.168877532026809440e+00,9.964551445091722748e-01,-7.188126770976621671e-01,1.000000000000000000e+00,9.846045957877642696e-01,1.000000000000000000e+00,6.723177054357006022e-02,1.000000000000000000e+00,-1.020928648364106461e+00,9.979722092724858662e-01,-2.708376961077662015e-01
1.000000000000000000e+00,2.221208730228835249e-01,9.990276906937801682e-01,-4.529409308331236450e-01,9.963405237042701756e-01,6.612923241457173695e-01,9.974812787324012220e-01,6.540962672040021020e-02,9.996399186676039328e-01,-2.171045142529940186e+00,9.965030847085256660e-01,-7.241261552202710172e-01,1.000000000000000000e+00,9.511894915411223117e-01,1.000000000000000000e+00,5.410010894084870542e-02,1.000000000000000000e+00,-1.036524556004134956e+00,9.979193542253224081e-01,-3.076488202423426355e-01
1.000000000000000000e+00,3.039653874574887449e-01,9.990451434462328528e-01,-6.579689259724568196e-01,9.969266594291704697e-01,8.408251164868999483e-01,9.976656803098978843e-01,-7.245932844288821562e-02,9.997777261314535480e-01,-2.108909247586514546e+00,9.962871872593762612e-01,-5.457072716624411512e-01,1.000000000000000000e+00,8.932592369881913186e-01,1.000000000000000000e+00,-1.776026757177209814e-03,1.000000000000000000e+00,-9.149909044220810861e-01,9.977789520803684864e-01,-3.983666421679301073e-01
1.000000000000000000e+00,2.195553308117028091e-01,9.990527400477436926e-01,-6.940582604791890597e-01,9.969165628798026813e-01,7.958678534110354974e-01,9.976386465416605676e-01,-1.043910625187328967e-01,9.997454205525662108e-01,-2.122924775908110462e+00,9.963457740953289843e-01,-5.648427558965941619e-01,1.000000000000000000e+00,8.527325284501579006e-01,1.000000000000000000e+00,-2.182987539085720283e-02,1.000000000000000000e+00,-9.457774847608565461e-01,9.977244804538681899e-01,-4.450338003304661338e-01
1.000000000000000000e+00,1.538804292881018887e-01,9.990534374203597912e-01,-7.233406172323580963e-01,9.969126383335297215e-01,7.605428208211795216e-01,9.976149951570132401e-01,-1.263252713478197620e-01,9.997154570481471270e-01,-2.139243877099951341e+00,9.963878258995045867e-01,-5.806147759073065906e-01,9.999981968478682814e-01,8.226946530505664379e-01,1.000000000000000000e+00,-4.125777549364605112e-02,1.000000000000000000e+00,-9.745593838856736468e-01,9.976810906573507776e-01,-4.833880803482469291e-01
1.000000000000000000e+00,1.034135722503722044e-01,9.990487248922491625e-01,-7.465933239108153430e-01,9.969150816584557706e-01,7.329692906191167534e-01,9.975967044470660516e-01,-1.393473662141462843e-01,9.996869750862412696e-01,-2.159568431961301105e+00,9.964159667176468727e-01,-5.954023966378062527e-01,9.999657507064063644e-01,8.017898083073373705e-01,1.000000000000000000e+00,-6.060349228743929645e-02,1.000000000000000000e+00,-1.002913199636245034e+00,9.976489131931881582e-01,-5.157656422300076482e-01
1.000000000000000000e+00,9.711209180539009944e-02,9.993955514552086417e-01,-6.642411423246868951e-01,9.972687593993505573e-01,7.504223139138240795e-01,9.974902991290086618e-01,-2.958217127357273823e-01,9.996349474439388816e-01,-2.088095637223852385e+00,9.963007959661036583e-01,-5.506494444572324065e-01,1.000000000000000000e+00,7.813004982140616672e-01,1.000000000000000000e+00,-1.270208274057102460e-01,1.000000000000000000e+00,-1.127671245013622592e+00,9.976307621280587901e-01,-5.316005735898066131e-01
1.000000000000000000e+00,1.819004039900740111e-01,9.987117907628582092e-01,-7.472199834653696637e-01,9.977071799538016483e-01,7.088453991039658231e-01,9.975359610057242810e-01,-2.698232205638494974e-01,9.989819448492167631e-01,-1.874495374964532113e+00,9.964362380066241753e-01,-4.068466723225546144e-01,9.998657039396320334e-01,6.486017888776736129e-01,1.000000000000000000e+00,-3.024317205432803246e-01,1.000000000000000000e+00,-1.142139221826830475e+00,9.973757444440666253e-01,-7.015677265085848990e-01
1.000000000000000000e+00,1.289753454048023218e-02,9.984267311756878094e-01,-6.781465722492171500e-01,9.979817077707872075e-01,7.211852820634548911e-01,9.978817286845312884e-01,-3.073773408176607158e-01,9.992053659382820197e-01,-1.867091351387620612e+00,9.967547130977975067e-01,-4.679539596432151227e-01,9.999589830131435653e-01,5.703777428227262414e-01,1.000000000000000000e+00,-2.522020805706910451e-01,1.000000000000000000e+00,-1.274138010659741749e+00,9.970397704227755842e-01,-6.862490884169453187e-01
1.000000000000000000e+00,-4.919961556865413976e-02,9.986060056506743665e-01,-6.708601029802798710e-01,9.977189784504365555e-01,7.874957713194621345e-01,9.982820917854808851e-01,-3.008476193443029301e-01,9.991267374361616493e-01,-1.826197556442878511e+00,9.967801929596774579e-01,-4.246426777908413053e-01,1.000000000000000000e+00,5.536391934687332483e-01,1.000000000000000000e+00,-3.021594795810675915e-01,1.000000000000000000e+00,-1.388165645008503368e+00,9.968725621168021966e-01,-7.186891564446965530e-01
1.000000000000000000e+00,2.167476311707160264e+00,9.971519549766033608e-01,-3.280815241130043414e-01,9.965588085097919491e-01,1.571791806873067854e+00,9.960101725147689766e-01,5.099735875713947708e-01,9.988610830782943539e-01,-1.696124853814144018e+00,9.939286452328195409e-01,-1.611799290658392225e-01,9.994149183323791652e-01,1.436038521834234860e+00,1.000000000000000000e+00,-3.572464679867936588e-01,9.997158252332341011e-01,-4.692429641275070451e-01,9.976995350319723954e-01,2.172572377711243230e-01
9.997868229647113303e-01,6.655594564507280042e-01,9.990653932166304596e-01,-2.142171319429995169e-01,9.982077838807420500e-01,1.363464765242578647e+00,9.987260788238349063e-01,4.771678552070122148e-01,1.000000000000000000e+00,-1.743032170092730260e+00,9.968023468624436223e-01,-9.061550192044380836e-01,1.000000000000000000e+00,4.350350220865432105e-01,9.986668994929330800e-01,-8.160337549255893830e-01,9.994623107560073327e-01,-1.844378004311965524e+00,9.985081351317919296e-01,-1.273167267258832891e-01
1.000000000000000000e+00,5.750362238387970448e-01,9.966426165517359159e-01,-3.069607580102526878e-01,9.975852127561282146e-01,2.154625388076746861e-01,9.993402610681626497e-01,3.255739260949219727e-01,9.983086800441364206e-01,-1.730231878231486498e+00,1.000000000000000000e+00,-4.555702849992354642e-01,9.996674085556448430e-01,1.330068897654703708e+00,1.000000000000000000e+00,3.225888321617668697e-01,1.000000000000000000e+00,-5.446946865023688522e-01,9.971898937544535491e-01,3.743277867810890780e-01
1.000000000000000000e+00,7.613653212921156488e-01,9.962165434020422428e-01,-1.018310212814081406e-01,9.976682226114634844e-01,4.992009777509576196e-02,1.000000000000000000e+00,1.081867547150578979e-01,9.994336637479449559e-01,-2.257199964539140069e+00,1.000000000000000000e+00,-6.226414702391569467e-01,9.992827069244741844e-01,1.390971338422777315e+00,1.000000000000000000e+00,3.965344521360830710e-01,1.000000000000000000e+00,-5.764434235880138147e-01,9.970730261081452994e-01,3.168010190355383671e-01
1.000000000000000000e+00,7.432749843364965248e-01,9.962514896158839450e-01,-1.143562849524615288e-01,9.976535786342182188e-01,5.172335517469334176e-02,1.000000000000000000e+00,1.037506535976958633e-01,9.994341140219411557e-01,-2.261497012356340264e+00,1.000000000000000000e+00,-6.218352205052759540e-01,9.992847166744878162e-01,1.385346524837839599e+00,1.000000000000000000e+00,3.994229664350543163e-01,1.000000000000000000e+00,-5.791968071219211200e-01,9.970503096873715165e-01,2.916546557369358306e-01
1.000000000000000000e+00,7.196603098286300515e-01,9.962922823541771056e-01,-1.277235123769329128e-01,9.976356103397823194e-01,5.461720615797821532e-02,9.999880471266269222e-01,9.705349646802483021e-02,9.994367422263418232e-01,-2.265223978127374416e+00,1.000000000000000000e+00,-6.208705926292814592e-01,9.992871655982150658e-01,1.376351945022692647e+00,1.000000000000000000e+00,4.029011684629698609e-01,1.000000000000000000e+00,-5.834040641868171173e-01,9.970262068839479408e-01,2.642458662306270134e-01
1.000000000000000000e+00,-3.095273754513423459e-01,9.983245342243923792e-01,-7.566859817380724440e-01,9.974819477696744707e-01,9.603918295202564792e-01,9.973191785937483012e-01,4.938929249054217485e-01,1.000000000000000000e+00,-2.553326463761898424e+00,9.995394524719135587e-01,-9.253250403409829516e-01,1.000000000000000000e+00,1.776747606940745516e+00,1.000000000000000000e+00,1.337235323033705514e+00,1.000000000000000000e+00,-4.205505389320891574e-01,9.962783398115320210e-01,-6.701745553138039879e-01
1.000000000000000000e+00,-2.578154478736729427e-01,9.978646247792825053e-01,-3.435581479981297814e-01,9.967495037024305393e-01,8.987787223351895172e-01,9.980089065121511283e-01,2.038765347353694024e-01,1.000000000000000000e+00,-2.692428642414728124e+00,9.992287237111806553e-01,-1.049506908528299753e+00,1.000000000000000000e+00,1.530369188802316316e+00,1.000000000000000000e+00,1.171734864156638523e+00,1.000000000000000000e+00,-6.790416403581986948e-01,9.967473854166492009e-01,-5.671200203281203667e-01
1.000000000000000000e+00,1.559668542250378098e-01,9.970813713968139647e-01,-2.153684418084162444e-01,9.968943902186356842e-01,9.366214280185247709e-02,9.988333490812453253e-01,2.964508188080854922e-01,9.994564584673116814e-01,-2.473545024796364178e+00,9.997715447980068948e-01,-4.886119695363174142e-01,9.989898486708057579e-01,1.771728854174610568e+00,1.000000000000000000e+00,8.906002201976628285e-01,1.000000000000000000e+00,-1.304598986852319564e+00,9.956633700665785680e-01,-1.195280148006129028e+00
1.000000000000000000e+00,-2.567542630197793274e-01,9.967389271328463973e-01,6.158250495744010955e-02,9.981371731107318013e-01,5.424795636248492814e-01,9.978381483496785442e-01,4.447260326298228539e-01,1.000000000000000000e+00,-2.482446841448178620e+00,9.983355817905911200e-01,-4.826901764439971432e-01,9.987573654360878406e-01,1.553186835061810323e+00,1.000000000000000000e+00,8.014800127420944609e-01,1.000000000000000000e+00,-1.538033525517954914e+00,9.954358475388964678e-01,-8.500596266604658613e-01
1.000000000000000000e+00,7.616678201357662825e-01,9.962437498392583413e-01,-9.616332567217739102e-02,9.976542995563786320e-01,6.600058313842360747e-02,1.000000000000000000e+00,1.204819583064699606e-01,9.994351769121325724e-01,-2.245589894231802663e+00,1.000000000000000000e+00,-6.066783410976562818e-01,9.992833469159824178e-01,1.402691658298034216e+00,1.000000000000000000e+00,4.150253307538872560e-01,1.000000000000000000e+00,-5.667213833788283806e-01,9.970492565651702943e-01,3.078030165202894630e-01
1.000000000000000000e+00,-4.284321433478545105e-01,9.971767264052755486e-01,-9.401794528346690827e-02,9.976710601970139036e-01,6.813853292219776980e-01,9.987352550724706290e-01,2.568895640798994906e-01,9.990560668330861205e-01,-2.190578814828892718e+00,9.966958836782430220e-01,1.008469644508238339e-01,9.972460177011943649e-01,9.498451923972035527e-01,1.000000000000000000e+00,5.538350710063968396e-01,1.000000000000000000e+00,-1.020207614012026198e+00,9.947806556215913476e-01,-6.050826384357241849e-01
1.000000000000000000e+00,-2.420399004805923737e-01,9.967120945932419485e-01,8.164064316015981482e-02,9.981562699147363826e-01,5.529944300659781486e-01,9.978424988639916782e-01,4.620569991536882526e-01,1.000000000000000000e+00,-2.473489517801046311e+00,9.983251682240453784e-01,-4.737171905152879892e-01,9.987490495476375463e-01,1.570437692593612988e+00,1.000000000000000000e+00,8.117482324073350686e-01,1.000000000000000000e+00,-1.539259943707755429e+00,9.954333413014708754e-01,-8.353469474028150099e-01
1.000000000000000000e+00,1.507206539035274684e+00,9.977208183480125170e-01,-2.633941684629673707e-01,9.980598439084186202e-01,1.023294878052017909e+00,9.971573937448824365e-01,6.229848488556524178e-01,1.000000000000000000e+00,-2.006680262347038557e+00,9.935655404908261268e-01,-4.562017997075936693e-01,9.981231027343487883e-01,1.657984004719272875e+00,9.983177777537275421e-01,-2.686589295495028784e-01,1.000000000000000000e+00,-1.042121362683748220e+00,9.969941247089976200e-01,3.924188051674587507e-02
1.000000000000000000e+00,5.503221053522510120e-01,9.967167471601559026e-01,-3.085454376348070737e-01,9.975430779297315143e-01,2.285665860667974725e-01,9.992958417688377892e-01,3.148681771748290115e-01,9.983956880991996519e-01,-1.760439271594351096e+00,1.000000000000000000e+00,-4.457154495841528230e-01,9.996450459428983804e-01,1.335306787507402504e+00,1.000000000000000000e+00,3.575176459274296281e-01,1.000000000000000000e+00,-5.407509183078584858e-01,9.971087627717879487e-01,3.109181669463288999e-01
1.000000000000000000e+00,7.091695203950265647e-01,9.963410918211672573e-01,-1.216106971802053960e-01,9.976099046477290289e-01,7.864213730594643570e-02,9.999386311236743152e-01,1.086252813721793609e-01,9.994441051787750219e-01,-2.247788719129499402e+00,1.000000000000000000e+00,-5.991970058869195981e-01,9.992897714106867557e-01,1.384661491244719933e+00,1.000000000000000000e+00,4.290734373983355887e-01,1.000000000000000000e+00,-5.727234256257407452e-01,9.969925307457367936e-01,2.485387906985006279e-01
1.000000000000000000e+00,6.764335702303378994e-01,9.963912021270218133e-01,-1.366053755792434599e-01,9.975866186341867392e-01,8.277873814534708607e-02,9.998882817654253241e-01,9.746048721610117704e-02,9.994506082688674464e-01,-2.250406895411969366e+00,1.000000000000000000e+00,-5.983556950115695994e-01,9.992936356042637636e-01,1.369312738205318292e+00,1.000000000000000000e+00,4.328590951736387415e-01,1.000000000000000000e+00,-5.791936987997075015e-01,9.969674622725547275e-01,2.181297859911521253e-01
1.000000000000000000e+00,-3.210343929373358773e-01,9.964262903344239808e-01,-3.313089485116487709e-01,9.972823147620137885e-01,7.509585322409277897e-01,9.997670425509725955e-01,-1.317006448543079355e-01,1.000000000000000000e+00,-1.862716377244590493e+00,9.975050469007110676e-01,3.080938306022933393e-01,9.985888568762052442e-01,4.502107640638836616e-01,1.000000000000000000e+00,2.450408062551379107e-01,1.000000000000000000e+00,-1.409390080582461957e+00,9.941948372561635328e-01,-7.101669930814802356e-01
1.000000000000000000e+00,-2.689899712103469565e-01,9.968669429769062562e-01,1.878353357849149585e-02,9.980442077247102528e-01,5.440663581626159484e-01,9.978169652206666518e-01,4.172579004879955478e-01,1.000000000000000000e+00,-2.454383713765746489e+00,9.983969290768860416e-01,-4.654193070708863011e-01,9.988015094755990919e-01,1.524737264937017223e+00,1.000000000000000000e+00,8.123410003599076390e-01,1.000000000000000000e+00,-1.474274827430932522e+00,9.954442023406073758e-01,-8.581578465885230100e-01
1.000000000000000000e+00,7.113652221363200301e-01,9.963559860040319682e-01,-1.136142902643957342e-01,9.976009802971245177e-01,9.171051083575404439e-02,9.999230398729522795e-01,1.177929346663712795e-01,9.994474712766849844e-01,-2.236352836660201238e+00,1.000000000000000000e+00,-5.868555770627976731e-01,9.992906070379279360e-01,1.392750734888939412e+00,1.000000000000000000e+00,4.432633062618263065e-01,1.000000000000000000e+00,-5.648143340882730845e-01,9.969808595856898270e-01,2.485540530007694371e-01
1.000000000000000000e+00,-2.657499372864354226e-01,9.968786987493207796e-01,1.868575577357906026e-02,9.980354802397540803e-01,5.479156134068213779e-01,9.978153454892793039e-01,4.186590218715732781e-01,1.000000000000000000e+00,-2.446833245226142317e+00,9.984035196216151098e-01,-4.596868043013570548e-01,9.988060672394849515e-01,1.525960870798908520e+00,1.000000000000000000e+00,8.176040996688203055e-01,1.000000000000000000e+00,-1.464263374233092829e+00,9.954447523261108488e-01,-8.545150465736561785e-01
1.000000000000000000e+00,7.102321656223635760e-01,9.963667660288724193e-01,-1.106379006515313956e-01,9.975949685653142662e-01,9.848376654177176670e-02,9.999119292971081485e-01,1.215253101368564126e-01,9.994496753231063568e-01,-2.230806721404654525e+00,1.000000000000000000e+00,-5.807041126355780847e-01,9.992913476078393309e-01,1.395635064638874656e+00,1.000000000000000000e+00,4.505491008051543123e-01,1.000000000000000000e+00,-5.613058400134443016e-01,9.969735188889089494e-01,2.466157548825732571e-01
1.000000000000000000e+00,-2.363014122413875651e-01,9.966298425375486048e-01,2.916822051228820101e-01,9.974077609242087972e-01,5.212255415754896148e-01,9.983194434088722424e-01,1.836375434852370592e-01,1.000000000000000000e+00,-2.553075551540600507e+00,9.982256476800881462e-01,-5.748240526728480848e-01,9.988486399018571271e-01,1.331028290140342296e+00,1.000000000000000000e+00,7.140485568049870224e-01,1.000000000000000000e+00,-1.598027008152056228e+00,9.958558659866869611e-01,-7.667401411281367096e-01
1.000000000000000000e+00,1.187832856175836227e+00,9.976097411299399420e-01,-6.191850555619685670e-01,9.980365941843184485e-01,8.812284951414328660e-01,9.981288623524530168e-01,-4.064151697337244906e-01,9.994109142975257098e-01,-2.381681846548688863e+00,1.000000000000000000e+00,6.229022314121130943e-01,9.982050269109979945e-01,1.262361973031657758e+00,1.000000000000000000e+00,8.941010003113032401e-01,1.000000000000000000e+00,-9.536878163467427116e-02,9.982797445501165878e-01,7.373762755897571575e-01
1.000000000000000000e+00,-3.860486370111495535e-01,9.971066909084653762e-01,3.132234302838809992e-02,9.973047894029828386e-01,6.536032292641749120e-01,9.976769106603146087e-01,3.743926576216554114e-01,9.992954051401303772e-01,-2.010837242049665186e+00,9.980534816018374888e-01,-4.085343880209426626e-01,9.992719439922503888e-01,1.253976543453374504e+00,1.000000000000000000e+00,6.257783765785933650e-01,1.000000000000000000e+00,-1.483094603411210022e+00,9.960278419410151240e-01,-6.692104815534951623e-01
1.000000000000000000e+00,-2.518536031959268673e-01,9.968976216254765710e-01,2.530620334536892724e-02,9.980206194539007480e-01,5.606611280333761993e-01,9.978145075782617335e-01,4.283262543861219851e-01,1.000000000000000000e+00,-2.426282016029502220e+00,9.984167628146154438e-01,-4.430911279787977941e-01,9.988142508261967922e-01,1.535489561755264187e+00,1.000000000000000000e+00,8.337843974951589798e-01,1.000000000000000000e+00,-1.440432115432342286e+00,9.954447032723614530e-01,-8.414109558211072537e-01
9.999891978655721658e-01,6.380299289524760109e-01,9.989034974538135714e-01,-2.065487218475058895e-01,9.980736301793495802e-01,1.270611672917120627e+00,9.987256970271141121e-01,4.626104159250397085e-01,1.000000000000000000e+00,-1.757460862072745433e+00,9.971807336346198980e-01,-8.219295312418060107e-01,1.000000000000000000e+00,5.605237949948789211e-01,9.993602902212399552e-01,-6.131568137982625899e-01,9.998413121267828441e-01,-1.671964137801496664e+00,9.982490545923212721e-01,-1.444637947506811071e-01
1.000000000000000000e+00,7.468933577371905663e-01,9.986731997504336711e-01,-7.065666552507993137e-02,9.981262765091150069e-01,1.174029936662614793e+00,9.991841248410415766e-01,3.036224625015280787e-01,1.000000000000000000e+00,-2.124810190077538685e+00,9.973484987030026838e-01,-9.461715401179562335e-01,9.998479868673272319e-01,5.762754297406789128e-01,1.000000000000000000e+00,-5.768953297915369038e-01,1.000000000000000000e+00,-1.718975096739839614e+00,9.981777549582614428e-01,-2.089204332315503509e-01
1.000000000000000000e+00,6.417144982248976781e-01,9.964925532229872429e-01,-1.300715379368117541e-01,9.975328230101708771e-01,1.252165677101886310e-01,9.997831731083273166e-01,1.072547147916073085e-01,9.994714235143730141e-01,-2.217987825696707826e+00,1.000000000000000000e+00,-5.625115575106454102e-01,9.993027575822828190e-01,1.369787140429166605e+00,1.000000000000000000e+00,4.770808918417782651e-01,1.000000000000000000e+00,-5.641859736449295060e-01,9.969108757406528465e-01,1.872597135152152814e-01
1.000000000000000000e+00,6.023978289586171542e-01,9.965485384117808154e-01,-1.461461998044412125e-01,9.975059259508209930e-01,1.296118584163103160e-01,9.997250056757517322e-01,9.197994613117047025e-02,9.994809086863717384e-01,-2.218812910182145437e+00,1.000000000000000000e+00,-5.617281903652295849e-01,9.993085393651371939e-01,1.348963199547834613e+00,1.000000000000000000e+00,4.803753727108880378e-01,1.000000000000000000e+00,-5.718073159717349530e-01,9.968871733845953154e-01,1.564634959447707141e-01
1.000000000000000000e+00,5.630826529563978111e-01,9.966040585031900045e-01,-1.617505131334770474e-01,9.974789795399484627e-01,1.340489048905994518e-01,9.996668618229224146e-01,7.651287121226185706e-02,9.994906103187174429e-01,-2.218754825265760733e+00,1.000000000000000000e+00,-5.605652762819066659e-01,9.993146362803162486e-01,1.327909912823740823e+00,1.000000000000000000e+00,4.836862630113376027e-01,1.000000000000000000e+00,-5.791278951401286346e-01,9.968643430206611811e-01,1.267875315345855791e-01
1.000000000000000000e+00,5.245914938892072277e-01,9.966581718969154124e-01,-1.766858135376415673e-01,9.974524841003556963e-01,1.384208052510352005e-01,9.996098908281905171e-01,6.121032913590868096e-02,9.995002625520977846e-01,-2.217867687007183175e+00,1.000000000000000000e+00,-5.590458406409875014e-01,9.993209409026257983e-01,1.307129537525631324e+00,1.000000000000000000e+00,4.869753895865879811e-01,1.000000000000000000e+00,-5.859521087522909788e-01,9.968426243458384794e-01,9.864412906192382424e-02
1.000000000000000000e+00,-3.445041332432052794e-01,9.971868101935890127e-01,-9.308865584508840829e-02,9.978306336671748378e-01,5.411596127295054126e-01,9.977171486512819154e-01,3.214202380255901659e-01,1.000000000000000000e+00,-2.374763549682093355e+00,9.985107947914685367e-01,-4.310015098231884112e-01,9.989173777225361928e-01,1.415259469676595216e+00,1.000000000000000000e+00,8.249139765731985374e-01,1.000000000000000000e+00,-1.336244414904526501e+00,9.954876786000834699e-01,-8.646667509370896676e-01
1.000000000000000000e+00,5.038235129655874722e-01,9.988063259187766052e-01,-2.597586392566539892e-01,9.979111456592443252e-01,1.145409507238448921e+00,9.986327148551442656e-01,3.793668409215026349e-01,1.000000000000000000e+00,-1.786839793548031352e+00,9.974897048827827684e-01,-7.776327177409589897e-01,1.000000000000000000e+00,5.946372477239412202e-01,9.999520958370701207e-01,-4.611200687665233389e-01,1.000000000000000000e+00,-1.550015875920006447e+00,9.980101041958429064e-01,-2.041983122751132029e-01
1.000000000000000000e+00,5.160161299554808512e-01,9.966870805924479271e-01,-1.723397730566482711e-01,9.974364886162425670e-01,1.523494167521841081e-01,9.995797399128873995e-01,6.457658800653376385e-02,9.995077453480164520e-01,-2.204814518809345980e+00,1.000000000000000000e+00,-5.467654323002424377e-01,9.993249578990633930e-01,1.307443081914287708e+00,1.000000000000000000e+00,5.013178595000451487e-01,1.000000000000000000e+00,-5.793153751083237601e-01,9.968288959578465169e-01,9.405011962455658847e-02
1.000000000000000000e+00,4.794108151202490786e-01,9.967382620446720853e-01,-1.863137916419485562e-01,9.974112099851022428e-01,1.563598369464034299e-01,9.995256997257442322e-01,4.966207777557318792e-02,9.995170801531050309e-01,-2.202982695855542516e+00,1.000000000000000000e+00,-5.449833094156157909e-01,9.993315020024783335e-01,1.287329699946763606e+00,1.000000000000000000e+00,5.043376485867065995e-01,1.000000000000000000e+00,-5.853086842700655490e-01,9.968091965011893762e-01,6.846627504738084236e-02
1.000000000000000000e+00,4.450372532783580803e-01,9.967864668509398562e-01,-1.992197805886232742e-01,9.973872351153523219e-01,1.602360802652106619e-01,9.994747031268648163e-01,3.561824332556057238e-02,9.995259355608537843e-01,-2.200507425771921710e+00,1.000000000000000000e+00,-5.428827265337483610e-01,9.993379607364093475e-01,1.268418333671091913e+00,1.000000000000000000e+00,5.073573580020717122e-01,1.000000000000000000e+00,-5.905302099584681663e-01,9.967909000549858289e-01,4.501348867811977295e-02
1.000000000000000000e+00,-3.764669667649969131e-01,9.973081141684926321e-01,-1.327110358782482291e-01,9.977516789973764899e-01,5.414752443476240629e-01,9.976716675852441707e-01,2.839305621581206251e-01,1.000000000000000000e+00,-2.336672765976979260e+00,9.985491929570616820e-01,-4.144201030219860638e-01,9.989639696609293740e-01,1.371589238494690832e+00,1.000000000000000000e+00,8.310196850552938885e-01,1.000000000000000000e+00,-1.282876904738291746e+00,9.955062542348408483e-01,-8.608972572083580799e-01
1.000000000000000000e+00,4.870117762797659400e-01,9.967496821683763386e-01,-1.734221542431617635e-01,9.974033317692273526e-01,1.724084438178475343e-01,9.995142501167454396e-01,6.141388823155519150e-02,9.995222398871030922e-01,-2.186484256656841652e+00,1.000000000000000000e+00,-5.298514051639677813e-01,9.993337422723446162e-01,1.297712306290494944e+00,1.000000000000000000e+00,5.213824436014806718e-01,1.000000000000000000e+00,-5.732541934814083806e-01,9.968021555385703225e-01,7.630108867989343624e-02
1.000000000000000000e+00,3.156886451959500794e-01,9.971161510060414512e-01,-3.473887598724421655e-01,9.973224510832280343e-01,2.989775359679340272e-01,9.989231848675002023e-01,2.171331595646532331e-01,9.986542246383565136e-01,-1.781426745060652683e+00,1.000000000000000000e+00,-4.024456609679340491e-01,9.996366049774167983e-01,1.235157425651679741e+00,1.000000000000000000e+00,4.621939749085700599e-01,1.000000000000000000e+00,-5.545988375875827714e-01,9.968772352519027491e-01,9.807053546976363112e-02
1.000000000000000000e+00,3.035580139312636927e-01,9.971362722025005620e-01,-3.493583564614824444e-01,9.973113340676443839e-01,3.026221694510982108e-01,9.989034347937368885e-01,2.120745232722144047e-01,9.986649361114205981e-01,-1.779945331032731781e+00,1.000000000000000000e+00,-3.996316601072099073e-01,9.996378433472119518e-01,1.229267205427680087e+00,1.000000000000000000e+00,4.669268053639333282e-01,1.000000000000000000e+00,-5.546117728494677213e-01,9.968679174600693083e-01,8.962924657134485606e-02
1.000000000000000000e+00,2.927678756333410570e-01,9.971549550391869410e-01,-3.506847144825150364e-01,9.973009288870893219e-01,3.064519320147228165e-01,9.988851235982098009e-01,2.077890738694194162e-01,9.986750298635563849e-01,-1.778006991155279604e+00,1.000000000000000000e+00,-3.965365897495861658e-01,9.996390541000121921e-01,1.224217250319737715e+00,1.000000000000000000e+00,4.718172716805937861e-01,1.000000000000000000e+00,-5.541469289683825794e-01,9.968592607355818425e-01,8.230658874315238682e-02
1.000000000000000000e+00,4.675106354205239567e-01,9.986781535744112537e-01,-4.136410585844322307e-01,9.976872158619836117e-01,6.144051241357527671e-01,9.985638626766235593e-01,2.070500179146923525e-01,1.000000000000000000e+00,-1.553780563227458833e+00,9.984147150227141720e-01,-7.645728762526775579e-01,1.000000000000000000e+00,7.586641001955700681e-01,1.000000000000000000e+00,9.901206431654133167e-02,1.000000000000000000e+00,-1.013448802365640056e+00,9.980661453885768530e-01,-4.331692845347996368e-01
1.000000000000000000e+00,5.576440213592994688e-01,9.984610774801726540e-01,-2.839330746140319994e-01,9.977198355336119873e-01,5.110859757252057545e-01,9.989933531289417745e-01,3.947163929037605934e-02,1.000000000000000000e+00,-1.908912679744950047e+00,9.985911864896165335e-01,-8.804727839058301697e-01,9.999731788918583275e-01,7.712580552313736959e-01,1.000000000000000000e+00,1.512999612203280164e-01,1.000000000000000000e+00,-1.046472552729185157e+00,9.979821686469000364e-01,-5.034192864270976564e-01
1.000000000000000000e+00,2.025821995010922416e-01,9.972744891582459026e-01,-3.819243112851628541e-01,9.972376211916864630e-01,3.105089335512990489e-01,9.987645734813944687e-01,1.617100714145229268e-01,9.987258679657260441e-01,-1.781661802931284955e+00,1.000000000000000000e+00,-3.947594329713998706e-01,9.996492508925868270e-01,1.172076314862850799e+00,1.000000000000000000e+00,4.797717174673218343e-01,1.000000000000000000e+00,-5.681046469022552614e-01,9.968096943096399487e-01,2.006596192332327222e-02
1.000000000000000000e+00,2.036369504672347897e-01,9.972802827516942248e-01,-3.776217765486008515e-01,9.972336779965240705e-01,3.159117927437861129e-01,9.987593687255190700e-01,1.642479936927010165e-01,9.987311765494066851e-01,-1.776891391375467588e+00,1.000000000000000000e+00,-3.896961675471976028e-01,9.996495491522752186e-01,1.174554260838603259e+00,1.000000000000000000e+00,4.860424957472481156e-01,1.000000000000000000e+00,-5.639823207308141129e-01,9.968063252343632996e-01,2.173098331414469175e-02
1.000000000000000000e+00,2.052253839835021798e-01,9.972857207557379589e-01,-3.729322219427180229e-01,9.972298846335354572e-01,3.215714532339301046e-01,9.987545386508607237e-01,1.671656945662468863e-01,9.987364662720868980e-01,-1.771879002885853094e+00,1.000000000000000000e+00,-3.843897048550622975e-01,9.996497890871213210e-01,1.177438444836929499e+00,1.000000000000000000e+00,4.925832863970097120e-01,1.000000000000000000e+00,-5.595772578075037806e-01,9.968030641300845707e-01,2.381568205373335578e-02
1.000000000000000000e+00,6.952416527297627935e-01,9.990540618252595761e-01,-4.876726491405746211e-01,9.979532426081917373e-01,1.308398321732358260e+00,9.978938422200031022e-01,-1.163709177680982698e-01,1.000000000000000000e+00,-2.115512464264658998e+00,9.980634136972705850e-01,-8.916497003335993599e-02,9.991753646163598068e-01,6.422728038517888649e-01,9.999177566973566078e-01,8.112138722568495997e-02,1.000000000000000000e+00,-1.069855104868826290e+00,9.983284521744544282e-01,2.947426495048366402e-02
1.000000000000000000e+00,1.347545161324839591e-01,9.973747086864409583e-01,-3.997770687944779966e-01,9.971828230931608639e-01,3.212340083447232097e-01,9.986632740176706324e-01,1.301188125288852138e-01,9.987699833183915077e-01,-1.774324650788746016e+00,1.000000000000000000e+00,-3.843857745737097598e-01,9.996589175184509291e-01,1.135732502229480190e+00,1.000000000000000000e+00,4.948136002434855296e-01,1.000000000000000000e+00,-5.711527984602449148e-01,9.967677172579907374e-01,-2.302974961779286067e-02
1.000000000000000000e+00,6.088864601508023888e-01,9.977445542811892443e-01,-3.388593572523863062e-01,9.976636192981332973e-01,1.017011948431255863e+00,9.984352896506532016e-01,-2.944420706054924897e-01,1.000000000000000000e+00,-2.626372467869663385e+00,9.997133421890340710e-01,1.323254522924960930e-01,9.984549318198775447e-01,9.894211069758154231e-01,1.000000000000000000e+00,4.190745218070211497e-01,1.000000000000000000e+00,-7.495887312375981715e-01,9.972990620300237197e-01,3.697143184046579045e-01
1.000000000000000000e+00,2.485166611627231958e-01,9.986835213163176572e-01,-4.681713511051070475e-01,9.974878578621324543e-01,5.736039675129420701e-01,9.983578903896410672e-01,1.105547052806475083e-01,1.000000000000000000e+00,-1.590235698967080724e+00,9.985382496713258726e-01,-6.958924918295505968e-01,1.000000000000000000e+00,7.253896837615654292e-01,1.000000000000000000e+00,1.783412067816775581e-01,1.000000000000000000e+00,-9.634865787069506471e-01,9.977648272070220870e-01,-4.756259461966769186e-01
1.000000000000000000e+00,7.566719149099288000e-02,9.974569836217881402e-01,-4.177956858352270264e-01,9.971378846580883915e-01,3.270089107463767242e-01,9.985783842839274227e-01,1.017190314176221744e-01,9.988025439926894178e-01,-1.769338254358846063e+00,1.000000000000000000e+00,-3.774195244359515589e-01,9.996672967344260030e-01,1.103356734482015877e+00,1.000000000000000000e+00,5.037827650305040095e-01,1.000000000000000000e+00,-5.753123059355207403e-01,9.967339627236891930e-01,-5.993245881675252074e-02
1.000000000000000000e+00,4.335107702893400416e-01,9.962664744394660321e-01,-2.489868428375643927e-01,9.968022977028185849e-01,5.691831962722100346e-01,9.974631847125909889e-01,4.087354327476823701e-01,9.991436856047531956e-01,-2.114836303973711473e+00,9.982457399121473784e-01,-5.421836340457835135e-01,9.995907186916188625e-01,1.457006299759533885e+00,1.000000000000000000e+00,1.369327135247276339e-01,1.000000000000000000e+00,-8.587421947308584436e-01,9.954020857736421979e-01,-1.906878569079612507e-01
1.000000000000000000e+00,6.962851719657709992e-01,9.967733955623022668e-01,-4.245853085416891881e-01,9.970915238230176891e-01,8.294376949259542053e-01,9.970677154980117640e-01,3.426816626148709855e-02,9.995482523749869008e-01,-2.376342082297804303e+00,9.984664844639145054e-01,-4.448189662998880411e-02,9.989316242719167294e-01,1.374852366215360000e+00,1.000000000000000000e+00,3.926184794520773957e-01,1.000000000000000000e+00,-6.372360931837213194e-01,9.961187757549426758e-01,3.497227038983552472e-02
1.000000000000000000e+00,-5.607729070561978668e-02,9.977253819471294527e-01,-3.591158625145889904e-01,9.971794798646526070e-01,7.076842085807691918e-01,9.984241703346351526e-01,1.471616460121458192e-01,9.992336362571843100e-01,-1.943530592635553944e+00,9.993801609085031235e-01,-3.735073920164381778e-01,9.995452227912108301e-01,9.081098147960318112e-01,1.000000000000000000e+00,1.265571759385872574e-01,1.000000000000000000e+00,-9.721532076204584261e-01,9.965823895595787851e-01,5.822955418537112404e-03
1.000000000000000000e+00,4.575522131038941009e-01,9.990041218593957995e-01,-5.221570904772929733e-01,9.977338584125685639e-01,1.162392397291724055e+00,9.978222367719773445e-01,-1.432177690380215251e-01,1.000000000000000000e+00,-2.052606035460800449e+00,9.982047750629386984e-01,-1.472113472537965317e-01,9.992939786739385433e-01,6.254050990714628000e-01,1.000000000000000000e+00,1.381905420908348670e-01,1.000000000000000000e+00,-1.030231250823205436e+00,9.980173110913411749e-01,-8.719242559951034810e-02
1.000000000000000000e+00,1.303015703885126997e-01,9.986978511683473059e-01,-4.947952886832105435e-01,9.973779547083873043e-01,5.573695724229528192e-01,9.982343780882133588e-01,6.244208471492423973e-02,1.000000000000000000e+00,-1.600373569803109852e+00,9.985934635236023427e-01,-6.519832168420379714e-01,1.000000000000000000e+00,7.089852181198197378e-01,1.000000000000000000e+00,2.235323834257729181e-01,1.000000000000000000e+00,-9.327384963586382582e-01,9.976057176283517069e-01,-4.971580897881251460e-01
1.000000000000000000e+00,2.981763034576140892e-01,9.980495836478161520e-01,-4.898666227939262874e-01,9.974406685932942773e-01,9.782982867795011472e-01,9.979566382965460170e-01,-1.651735129955281822e-01,9.996294509020706709e-01,-2.207714664110370872e+00,9.994874367348111077e-01,1.227569469199214502e-01,9.988854693679518615e-01,9.156246138641148669e-01,1.000000000000000000e+00,3.988849405790998448e-01,1.000000000000000000e+00,-7.237696349774316307e-01,9.971761678717762090e-01,2.419098635661456886e-01
1.000000000000000000e+00,4.817244279947282548e-01,9.974602794242199977e-01,-3.560068126668362587e-01,9.973780171455031152e-01,6.196164085976121338e-01,9.977925319264866477e-01,3.169173071346726989e-01,9.993294142110640266e-01,-1.973379686064445027e+00,9.968556290628156624e-01,-2.307575565213945135e-01,9.983753179649342835e-01,1.483715105283380353e+00,1.000000000000000000e+00,2.295839627503025171e-01,1.000000000000000000e+00,-7.036368917332376238e-01,9.962162928086135683e-01,1.162425183486961999e-01
1.000000000000000000e+00,3.309033444585272044e-01,9.989877778721302226e-01,-5.487960279589336743e-01,9.976274514137982719e-01,1.088394668327290704e+00,9.977714299644857565e-01,-1.636977426452087825e-01,1.000000000000000000e+00,-2.030922345957744124e+00,9.982651402790311268e-01,-1.763815313260991002e-01,9.993442520613659008e-01,6.095591891875270507e-01,1.000000000000000000e+00,1.570869822273812666e-01,1.000000000000000000e+00,-1.018861165719341155e+00,9.978678793586934770e-01,-1.527259040779785637e-01
1.000000000000000000e+00,2.985500686757082689e-01,9.989837116927162697e-01,-5.565949516551985665e-01,9.976020241995674498e-01,1.069739364031344397e+00,9.977573040419213113e-01,-1.691573781449200731e-01,1.000000000000000000e+00,-2.027856668472589163e+00,9.982787083857017629e-01,-1.841169213179427444e-01,9.993547552371748743e-01,6.050713094770141520e-01,1.000000000000000000e+00,1.600492393649229350e-01,1.000000000000000000e+00,-1.017868776073009851e+00,9.978314900504356988e-01,-1.704920356619608890e-01
1.000000000000000000e+00,4.130446118200511441e-01,9.978705819734920990e-01,-1.727164532894410742e-01,9.973493331850132870e-01,7.720875869744437958e-01,9.972273786953078645e-01,3.525315572895995064e-01,1.000000000000000000e+00,-2.031596116300046440e+00,9.964470144047353761e-01,-6.533088017810929626e-01,9.994407042610228276e-01,1.264486078824622606e+00,1.000000000000000000e+00,4.462213580200688479e-02,1.000000000000000000e+00,-8.314042753707379108e-01,9.981237648210097291e-01,-1.726070983272018355e-01
1.000000000000000000e+00,4.541328776871168538e-01,9.980159659001015537e-01,-1.887550627911919465e-01,9.965187204987424607e-01,6.545216389897656750e-01,9.970033786837377843e-01,3.991329263049080422e-01,1.000000000000000000e+00,-2.056816700527203778e+00,9.974588085860066622e-01,-1.171743641172257711e+00,1.000000000000000000e+00,1.089868269563811332e+00,1.000000000000000000e+00,1.880946040261732843e-02,1.000000000000000000e+00,-1.074911600681916823e+00,9.981739182352507012e-01,-1.683154553669183040e-01
1.000000000000000000e+00,4.170908215923347928e-01,9.980251788994828344e-01,-2.897095966250088361e-01,9.962826793832291195e-01,1.054482358242319506e+00,9.969572785948702665e-01,-6.538791337556573713e-02,9.992850387479840224e-01,-2.491926568961343236e+00,9.977909219929547158e-01,-3.041040866583355484e-01,1.000000000000000000e+00,1.001869905446718834e+00,1.000000000000000000e+00,2.641387607073751309e-01,1.000000000000000000e+00,-8.157479350435791199e-01,9.978157608686315516e-01,-5.077782161195844024e-01
1.000000000000000000e+00,2.308627570696462072e-01,9.984903885508815691e-01,-5.223466896729451747e-01,9.974571974529629070e-01,6.532634117588695943e-01,9.976336262190704796e-01,1.613208911806160994e-01,1.000000000000000000e+00,-1.867135430532834706e+00,9.963039665578223847e-01,-5.029619856216351881e-01,9.988969528585168733e-01,1.020918406199841089e+00,1.000000000000000000e+00,8.146375762803526044e-03,1.000000000000000000e+00,-1.018446414404564626e+00,9.968851024125524596e-01,-3.372549867615754482e-01
1.000000000000000000e+00,4.146561449148091771e-01,9.984623510725381124e-01,-4.907735979617458000e-01,9.972486645479888834e-01,1.075431500421129227e+00,9.977172971812587887e-01,1.286209070278021560e-02,9.993427367632138347e-01,-2.132813188424646622e+00,9.962656974207108052e-01,-2.499836796799375371e-01,9.996895485232389911e-01,1.063692866214108523e+00,1.000000000000000000e+00,5.767160964528506018e-02,1.000000000000000000e+00,-7.396772622899827621e-01,9.976176749674561250e-01,-4.923259412666732837e-01
1.000000000000000000e+00,3.505446384524054659e-01,9.988985821328849601e-01,-7.339804319204757954e-01,9.973735339027952618e-01,1.006368925293723127e+00,9.980386189656943463e-01,-9.596065213306348429e-02,9.992335894844963651e-01,-2.004590527283570012e+00,9.960509443931885309e-01,-1.289340610751989469e-01,9.992229481640688693e-01,9.182774450504235242e-01,1.000000000000000000e+00,2.632582258527677022e-02,1.000000000000000000e+00,-8.826713062991748959e-01,9.966663232718966370e-01,-5.871955432706305045e-01
1.000000000000000000e+00,4.539874539867999048e-01,9.993758296174377609e-01,-7.707945302469758619e-01,9.971147021961361823e-01,8.957282033495873597e-01,9.980344185519383071e-01,-4.208681390424290347e-02,9.997121204398257133e-01,-1.996107458674143409e+00,9.959652415720549046e-01,-3.888385468081498875e-01,9.996126044364165297e-01,8.932233650315699602e-01,1.000000000000000000e+00,1.154882149780447897e-02,1.000000000000000000e+00,-1.005288817871645923e+00,9.970272300615056205e-01,-3.833856623151881693e-01
1.000000000000000000e+00,1.749027127195594278e-01,9.989703967587622024e-01,-4.755245196172475652e-01,9.964672427242911024e-01,6.501823187806408111e-01,9.975096187991493446e-01,9.818264316904878886e-02,9.995774967792918630e-01,-2.240218507929066849e+00,9.965355430483090471e-01,-7.391247895402850432e-01,1.000000000000000000e+00,9.618557994596097505e-01,1.000000000000000000e+00,1.317964427416731810e-02,1.000000000000000000e+00,-1.103462562782360878e+00,9.978729918771336305e-01,-3.650808258483230762e-01
1.000000000000000000e+00,2.527416045562668190e-01,9.989667614052445410e-01,-6.647525376650734730e-01,9.970342040236356285e-01,8.083409702178149248e-01,9.976970298782804614e-01,-1.024268750550873935e-02,9.996863765018537684e-01,-2.214167652138071318e+00,9.963267649092207856e-01,-5.915708723245071132e-01,9.998898368302910900e-01,9.227179488413146391e-01,1.000000000000000000e+00,-5.574886723526106119e-02,1.000000000000000000e+00,-1.018468147628134313e+00,9.977602183929734636e-01,-4.550700071840519945e-01
1.000000000000000000e+00,2.019495354729680670e-01,9.988540667330377820e-01,-7.360622305246955488e-01,9.971108452048910165e-01,7.236668581389222865e-01,9.978668604678067044e-01,-1.829624323088316351e-02,9.995902840194645922e-01,-2.284720242672896084e+00,9.964451536053771097e-01,-5.894618516085359250e-01,9.997514998218332005e-01,9.330918942234656122e-01,1.000000000000000000e+00,-1.314028750469074525e-01,1.000000000000000000e+00,-1.058559832019452474e+00,9.976626812595010829e-01,-5.230077241857220560e-01
1.000000000000000000e+00,-6.175163521731520389e-01,9.985474698024999762e-01,-4.716619094284436597e-01,9.973113188913366178e-01,7.048020390369249544e-01,9.973932254949589016e-01,-1.377558761575000679e-01,9.993922434805695421e-01,-1.561628579150836416e+00,9.966878172897537524e-01,-9.003806764374904237e-01,9.986433253938961085e-01,5.901088037447423940e-01,1.000000000000000000e+00,2.437738797073293329e-01,1.000000000000000000e+00,-8.827678807424197416e-01,9.992378072213876639e-01,3.630868133712401580e-01
1.000000000000000000e+00,-1.613517895412397152e-01,9.987722610898062126e-01,-8.211259215009690804e-01,9.965724841405704248e-01,7.718434321496312478e-01,9.974857679674073996e-01,-3.490667938315482610e-01,9.988132419150926866e-01,-1.730285820679005493e+00,9.959260837440916392e-01,-8.638512929566400933e-01,9.992438591799449599e-01,6.979046013066557697e-01,1.000000000000000000e+00,3.828809752852525561e-01,9.996206327985474038e-01,-7.786597263205253805e-01,9.979986298065220973e-01,1.520197526134626220e-01
1.000000000000000000e+00,-1.299906816510888186e-01,9.974604038487198121e-01,-4.455356083098691578e-01,9.988650660218109101e-01,9.392015835700214810e-01,9.984537823285055680e-01,-6.451808304274277983e-01,9.982399080321733287e-01,-8.959442433556192853e-01,9.968786655747301495e-01,-4.409983913128826538e-01,9.995769470862317929e-01,3.063291818872423411e-01,1.000000000000000000e+00,2.365501671644613391e-01,9.995835816148084252e-01,-1.127687578516909150e+00,9.966390685460753129e-01,-1.505352869508977398e-02
1.000000000000000000e+00,-4.132643714082218089e-01,9.986458478079384138e-01,-2.202474251583430020e-01,9.978058120266407593e-01,1.309855192600044127e+00,9.993553334226766838e-01,-7.764942718619339823e-01,9.979037687372633858e-01,-4.213542362573637901e-01,9.972607938184492316e-01,-2.825554185827902631e-01,1.000000000000000000e+00,4.609548094365820137e-02,1.000000000000000000e+00,2.562284485094424302e-01,9.993945267100045049e-01,-1.425972359529229294e+00,9.962381640206326994e-01,-6.242029552731687136e-02
1.000000000000000000e+00,-1.917051833632256452e-01,9.982988048329738406e-01,-3.143280340821944518e-01,9.985846615797143722e-01,1.404864331629707364e+00,9.997698905043852502e-01,-3.900823834998022877e-01,9.991517704731135430e-01,2.444846771992514878e-02,9.989783005075099087e-01,-7.118463550223785852e-01,1.000000000000000000e+00,4.159015669052310016e-02,1.000000000000000000e+00,1.620924329316591750e-01,9.993875004080674529e-01,-8.318576854083230554e-01,9.975384308430605973e-01,-6.557833244084723123e-01
1.000000000000000000e+00,-1.843304120965170156e-01,9.979331039411977189e-01,-2.108245651726245451e-01,9.983406676275582425e-01,1.164448511692973032e+00,9.994748134221875802e-01,-2.667358213535668821e-01,9.996696155711892740e-01,2.632040754159924167e-02,9.987247186515952890e-01,-5.715254216889547045e-01,1.000000000000000000e+00,1.543006049304035399e-02,1.000000000000000000e+00,-1.554184197855157934e-01,1.000000000000000000e+00,-1.119889664430065768e+00,9.979062950676167443e-01,-8.903405078424914132e-01
1.000000000000000000e+00,-4.084416584500499270e-01,9.993510669875915742e-01,4.495850236215193085e-01,9.991460628749975204e-01,1.308680037251883643e+00,9.995208732414362363e-01,-2.253055835286114084e-01,9.992845111183878970e-01,1.297234748834914797e-01,9.978501813704919732e-01,9.771697860739655961e-03,9.993918826714424108e-01,4.007573032186458328e-01,1.000000000000000000e+00,-2.096275536883658308e-01,1.000000000000000000e+00,-1.159785036114985513e+00,9.958027869503370821e-01,-3.214626269127686120e-01
1.000000000000000000e+00,-7.062601399514978340e-01,9.992151799941694224e-01,1.830595992786128168e-01,9.988255711823402772e-01,1.109056476207280317e+00,9.994103605243525035e-01,-4.271231321126445768e-01,9.989193861008179853e-01,-2.693995655096781405e-02,9.979133550071400682e-01,-2.090594683129725628e-01,9.989914238568674554e-01,2.973476393828553554e-01,1.000000000000000000e+00,-7.111894983389566161e-02,1.000000000000000000e+00,-1.159830308512791008e+00,9.956977165283519282e-01,-3.267854825686248299e-01
1.000000000000000000e+00,-9.265125795772394257e-01,9.992570315162963013e-01,1.524152596872348497e-01,9.983475131514306655e-01,7.151093348447605802e-01,9.989534934781791886e-01,-7.864044600389991091e-01,1.000000000000000000e+00,-2.414535408178142273e-01,9.986686757690309557e-01,-2.913471816008916249e-01,9.976439213129226768e-01,1.494606713790984920e-01,1.000000000000000000e+00,3.079230964820998673e-01,1.000000000000000000e+00,-1.143432393219977250e+00,9.951431986137464492e-01,-4.601030608699228086e-01
1.000000000000000000e+00,-1.682083596903250600e+00,9.988119893271432126e-01,-5.400890245098369791e-01,9.976778965047189418e-01,2.921024556331893729e-01,9.988070105046797931e-01,-1.224190170336908245e+00,9.988166571301381191e-01,-5.357946437774624426e-01,9.985012281176032234e-01,-8.582127018763218151e-01,9.968833884273902157e-01,-5.568434103764258181e-02,1.000000000000000000e+00,5.976130900647406152e-01,9.999060671835424685e-01,-1.105671179441179097e+00,9.948975610177934747e-01,-4.644868899785313809e-01
1.000000000000000000e+00,-2.880710196931204781e+00,9.981037528805302150e-01,-1.572762194779115497e+00,9.966759751837996895e-01,-3.943485670232194651e-01,9.985883830643289549e-01,-1.938719483042565139e+00,9.965372237617559081e-01,-9.527280226163953314e-01,9.982399185075604420e-01,-1.737147410819049442e+00,9.954818140061407750e-01,-3.679795578514951093e-01,1.000000000000000000e+00,1.089164757855418664e+00,9.997243856162222331e-01,-1.027978999779380676e+00,9.943350796628726007e-01,-5.280575343620249607e-01
1.000000000000000000e+00,-4.113334995241302749e+00,9.974275018053022634e-01,-2.523184872187517858e+00,9.958196166829542673e-01,-1.095950132221071849e+00,9.983946513764608843e-01,-2.737867915587071099e+00,9.945653093245916399e-01,-1.300899045608971072e+00,9.979742633999942880e-01,-2.586390690031486361e+00,9.938863472822739853e-01,-6.649693097977356082e-01,1.000000000000000000e+00,1.571057543206632046e+00,9.994549624422303102e-01,-9.719834629964378969e-01,9.934905752529070710e-01,-7.061244355795326388e-01
1.000000000000000000e+00,-4.621044500569603919e+00,9.970793075001750383e-01,-2.945948895374978171e+00,9.956045500746946164e-01,-1.464418268127066769e+00,9.980230450669165254e-01,-3.200247836731290541e+00,9.943795493102624006e-01,-1.442453275403442925e+00,9.981154371891648447e-01,-2.810311650432177899e+00,9.935150833403078030e-01,-7.850915251408492335e-01,1.000000000000000000e+00,1.589647826269791064e+00,9.991607043565817747e-01,-1.019020214888510578e+00,9.930570315307758467e-01,-8.508798725470437807e-01
1.000000000000000000e+00,-4.302473355644452546e+00,9.969964388554830581e-01,-2.962872296887106405e+00,9.958290616773222137e-01,-1.555861169031811819e+00,9.973217690109277278e-01,-3.202907650214371849e+00,9.957703979008903916e-01,-1.430972484440269810e+00,9.989739090987691528e-01,-2.320710238383291379e+00,9.948001858909144568e-01,-7.462717926679796054e-01,1.000000000000000000e+00,1.120533691832660939e+00,9.990965809888583404e-01,-1.101557719078531727e+00,9.933651197689328249e-01,-7.855337561563084936e-01
1.000000000000000000e+00,-3.464246965875848794e+00,9.973671595153559277e-01,-2.696879927820032830e+00,9.961981401145537651e-01,-1.379717689022180505e+00,9.969250209323788914e-01,-2.777861154263511434e+00,9.973985181078043327e-01,-1.312299317651344666e+00,9.997394698588162321e-01,-1.547563219864587669e+00,9.970416556740413494e-01,-6.129250810430414420e-01,1.000000000000000000e+00,5.101313219911653984e-01,9.994650939270213197e-01,-1.107625060129770800e+00,9.941543138330841689e-01,-6.833092639986814154e-01
1.000000000000000000e+00,-2.645297736249990539e+00,9.980352805455762200e-01,-2.279138885309742957e+00,9.964453780793919302e-01,-9.950526463062141502e-01,9.969677166585281247e-01,-2.198218271388713507e+00,9.984313593962312883e-01,-1.238617350308281795e+00,9.996938418015418604e-01,-1.003564707698938019e+00,9.987763384322220217e-01,-4.487282660041840843e-01,1.000000000000000000e+00,1.347757680136748015e-01,9.999101014430912260e-01,-1.050828493952337572e+00,9.949420092080756284e-01,-7.111372463674134892e-01
1.000000000000000000e+00,-2.036394412840195844e+00,9.985573561737806081e-01,-1.871244166979102674e+00,9.966005756599477516e-01,-5.786680147933294105e-01,9.971267782494834808e-01,-1.698214408314096202e+00,9.989695887404318464e-01,-1.251200995628128698e+00,9.992372614098621320e-01,-7.256537998752230489e-01,9.996392994788667608e-01,-2.838151918029397924e-01,1.000000000000000000e+00,-1.929817053616050826e-02,1.000000000000000000e+00,-1.016423912935678242e+00,9.955260565779769921e-01,-7.759320693736417862e-01
1.000000000000000000e+00,-1.575404749131861015e+00,9.988371097518987662e-01,-1.535626658329135807e+00,9.967608851803045900e-01,-2.226113866728121615e-01,9.973080684677814167e-01,-1.321291686720411196e+00,9.992445619269993973e-01,-1.291234135987023635e+00,9.987624531004967166e-01,-5.843162290825156813e-01,1.000000000000000000e+00,-1.322651577004566037e-01,1.000000000000000000e+00,-8.051932498618508127e-02,1.000000000000000000e+00,-1.018005809806287409e+00,9.959324754927376677e-01,-8.111776929957402738e-01
1.000000000000000000e+00,-1.214064346457025101e+00,9.989505841142268805e-01,-1.277132830688352261e+00,9.969385506650709772e-01,5.584219227091885562e-02,9.974941260258258779e-01,-1.050086055529872331e+00,9.993863643985302359e-01,-1.321027918999055695e+00,9.983830795235185684e-01,-5.040825050684134556e-01,1.000000000000000000e+00,-3.975872714606365488e-03,1.000000000000000000e+00,-1.122896121296532157e-01,1.000000000000000000e+00,-1.036788450022577912e+00,9.962156516212633539e-01,-8.154276583544668444e-01
1.000000000000000000e+00,-9.308107177847892988e-01,9.989778884570187367e-01,-1.083247716031318530e+00,9.971129540000952529e-01,2.656025445184843070e-01,9.976676333786708151e-01,-8.586561765998529383e-01,9.994644107816852419e-01,-1.332285974321911759e+00,9.981049495978796537e-01,-4.521375899653327646e-01,1.000000000000000000e+00,9.765736741522917930e-02,1.000000000000000000e+00,-1.348871740091309723e-01,1.000000000000000000e+00,-1.058324792814293591e+00,9.964153130318514906e-01,-8.029552587613912884e-01
1.000000000000000000e+00,-7.119988960454832760e-01,9.989686214315025570e-01,-9.392545684355297908e-01,9.972670451909448897e-01,4.211717130369870277e-01,9.978161998189921666e-01,-7.240911889564070059e-01,9.995122358995397471e-01,-1.329551711768126143e+00,9.979069509207082467e-01,-4.148425697643108867e-01,1.000000000000000000e+00,1.749172825047213831e-01,1.000000000000000000e+00,-1.532878661322501224e-01,1.000000000000000000e+00,-1.076526939763158275e+00,9.965576155838180572e-01,-7.849540086685409257e-01
1.000000000000000000e+00,-5.452640492389132509e-01,9.989473299177402676e-01,-8.325764067513492517e-01,9.973944257656219836e-01,5.359727735265491511e-01,9.979362735063342926e-01,-6.289699171306764036e-01,9.995446926900485307e-01,-1.319501144624384947e+00,9.977668264778537521e-01,-3.866012276701381589e-01,1.000000000000000000e+00,2.324469184142529121e-01,1.000000000000000000e+00,-1.684624037763333138e-01,1.000000000000000000e+00,-1.090264521414076260e+00,9.966600151158432341e-01,-7.672111795437610571e-01
1.000000000000000000e+00,-3.277005626947777639e-01,9.991963585335781328e-01,-7.184190078563880144e-01,9.975107850348371441e-01,6.633537120075310156e-01,9.981037316359790967e-01,-4.157725121209900898e-01,9.996239137048155143e-01,-1.413885392223821258e+00,9.973832523089034563e-01,-3.790178617502930614e-01,1.000000000000000000e+00,2.942603396269029004e-01,1.000000000000000000e+00,-2.182853772544686988e-01,1.000000000000000000e+00,-1.063336505619265182e+00,9.967740010247225779e-01,-7.868054323116477899e-01
1.000000000000000000e+00,-1.388741267067627183e-01,9.993360589975233133e-01,-5.425378445622468515e-01,9.974044643520711961e-01,8.291430259363230526e-01,9.984048083217114122e-01,-4.037060821625890750e-01,9.998905743435276827e-01,-1.309636046129540210e+00,9.969819149929399771e-01,-4.216796532132976449e-01,1.000000000000000000e+00,3.392240938497687042e-01,1.000000000000000000e+00,-1.631167863972070586e-01,1.000000000000000000e+00,-1.042276886954430104e+00,9.975014209290272715e-01,-8.253985460374867467e-01
1.000000000000000000e+00,-9.713614608250800697e-02,9.991401265685376787e-01,-5.400666638543395459e-01,9.971896157017505757e-01,8.777022077069744910e-01,9.984038989381194273e-01,-2.854169520013453698e-01,9.995614100292491422e-01,-1.367526147016547178e+00,9.969814768688095574e-01,-3.205271941691326121e-01,1.000000000000000000e+00,4.088942423163460793e-01,1.000000000000000000e+00,-2.234654284530511736e-01,1.000000000000000000e+00,-1.171527012420334302e+00,9.972537963299855646e-01,-9.277214542698061228e-01
1.000000000000000000e+00,-8.622521992265107238e-02,9.992017495568306096e-01,-4.408760523590350977e-01,9.973510056510591637e-01,9.728205239599075904e-01,9.981775512842070430e-01,-2.005390669444899743e-01,9.998020296007104069e-01,-1.448593761096369281e+00,9.970339612549078412e-01,-3.194230183371015719e-01,1.000000000000000000e+00,3.755001724815797415e-01,1.000000000000000000e+00,-3.011058223207864204e-01,1.000000000000000000e+00,-1.254542376860102060e+00,9.970772805890186774e-01,-9.434708491379089068e-01
1.000000000000000000e+00,-7.050893440791659861e-02,9.987558073160912597e-01,-3.332557799351759664e-01,9.975385335025401812e-01,1.012956838193582065e+00,9.975096835353366442e-01,-2.427156999959349803e-01,9.993973009557174381e-01,-1.415949962621517066e+00,9.970964244191296011e-01,-1.459922885328920894e-01,9.997502474166947151e-01,1.961824849494571699e-01,1.000000000000000000e+00,-1.957058703517554066e-01,1.000000000000000000e+00,-1.444843794824613781e+00,9.968059066024885784e-01,-8.597563389144322610e-01
1.000000000000000000e+00,-6.755049486926011093e-02,9.981338067717053786e-01,-2.222782177275575144e-01,9.975755842554567820e-01,9.967459919960675041e-01,9.974135458512582986e-01,-7.839771206501980338e-02,9.991190226411960085e-01,-1.420609462720782368e+00,9.973284544664042794e-01,-2.165469922724227447e-01,9.995544644971066095e-01,3.328932345233259760e-01,1.000000000000000000e+00,-1.039172439490210348e-01,1.000000000000000000e+00,-1.404479890340053494e+00,9.967457890274312726e-01,-8.983595369588316393e-01
1.000000000000000000e+00,-1.487616008893342667e-01,9.983272201163448933e-01,-1.013574140103782606e-01,9.976954710952272709e-01,1.076448313717365934e+00,9.974585455394400224e-01,-8.716884121415774400e-03,9.989782970264340367e-01,-1.480123045037915253e+00,9.972035557716277809e-01,-2.491169871873253616e-01,9.995435453591196007e-01,5.749249448221214198e-01,1.000000000000000000e+00,-1.747611105155949529e-01,1.000000000000000000e+00,-1.385449997364717190e+00,9.970036326538971316e-01,-9.822810979004819032e-01
1.000000000000000000e+00,-5.756225515575720542e-02,9.981349417322000761e-01,-2.248114657960942897e-01,9.975973010633547577e-01,9.993259765350616108e-01,9.974413635113078547e-01,-7.942309695822397098e-02,9.991200364637660147e-01,-1.424417951777384506e+00,9.973165327113601153e-01,-2.212664012969559058e-01,9.995693529287046353e-01,3.363140986945339916e-01,1.000000000000000000e+00,-1.144151487479345142e-01,1.000000000000000000e+00,-1.409023262483538819e+00,9.967557182362664081e-01,-8.979079255131715565e-01
1.000000000000000000e+00,-1.087250580677351364e-03,9.979881835312738314e-01,-1.967658061730333252e-01,9.979948058915386611e-01,1.316521316346477732e+00,9.980769918336498403e-01,2.656191145017472444e-03,9.991876517712261485e-01,-1.634258635857340325e+00,9.973053666642853754e-01,-2.300467351653332493e-01,1.000000000000000000e+00,6.386354185223692692e-01,1.000000000000000000e+00,-2.516095932274999836e-01,1.000000000000000000e+00,-1.616605183901806519e+00,9.971532090817074589e-01,-7.459405023903629139e-01
1.000000000000000000e+00,-2.505041924196661773e-02,9.979872643056907355e-01,-2.097873977917127097e-01,9.979776813793556078e-01,1.305760341533486857e+00,9.980557384248810449e-01,-4.461811370668561372e-03,9.991773865349341532e-01,-1.649163331864271109e+00,9.973113724336903907e-01,-2.367378310279015796e-01,1.000000000000000000e+00,6.309294038447773589e-01,1.000000000000000000e+00,-2.551258959293911666e-01,1.000000000000000000e+00,-1.626351928119504020e+00,9.971444992546343311e-01,-7.553438775631377000e-01
1.000000000000000000e+00,-1.858500976550936656e-01,9.983307295155966488e-01,-1.300228542796695308e-01,9.976798606806511760e-01,1.051964273164970542e+00,9.974367088552806848e-01,-2.554603258413570832e-02,9.989575364480220987e-01,-1.510076316997665646e+00,9.972010615281874379e-01,-2.680937342685822400e-01,9.995234230450809054e-01,5.585344731461998613e-01,1.000000000000000000e+00,-1.918602138075241881e-01,1.000000000000000000e+00,-1.405856969193006289e+00,9.969915244884743899e-01,-1.004092414869847127e+00
1.000000000000000000e+00,-2.453199777658562897e-02,9.979915716187236496e-01,-2.176458068645033828e-01,9.979877826622725046e-01,1.299065043359294735e+00,9.980664489539662343e-01,-9.093915270209723678e-03,9.991722900512449712e-01,-1.656017764558943561e+00,9.972999964859293742e-01,-2.444190703781088103e-01,1.000000000000000000e+00,6.278316877977285770e-01,1.000000000000000000e+00,-2.654175817567203111e-01,1.000000000000000000e+00,-1.631022124068346235e+00,9.971458465337769139e-01,-7.611129319819992523e-01
1.000000000000000000e+00,-4.650550779915101074e-02,9.979915155574693442e-01,-2.309862075520114910e-01,9.979739229393032041e-01,1.287972440506121696e+00,9.980487932190839073e-01,-1.645295566559210054e-02,9.991621259653173936e-01,-1.670797459895077219e+00,9.973036631374905259e-01,-2.518702833487420634e-01,1.000000000000000000e+00,6.201293628440449623e-01,1.000000000000000000e+00,-2.705602794654935472e-01,1.000000000000000000e+00,-1.640824565103083943e+00,9.971380045380487944e-01,-7.708902006611915159e-01
1.000000000000000000e+00,1.314568064482840304e-01,9.982957746126084331e-01,-4.244989834431422970e-01,9.981547768386422881e-01,1.182450600815299291e+00,9.984991097689849271e-01,3.660398066970362851e-01,9.988898181786294295e-01,-1.687607429341827947e+00,9.969629833272278807e-01,-1.765688023670201612e-01,9.997912123376549998e-01,9.052865471689565124e-01,1.000000000000000000e+00,-4.712148625964882598e-01,1.000000000000000000e+00,-1.598957909153163603e+00,9.968774062796127433e-01,-8.697249667537233497e-01
1.000000000000000000e+00,-1.334243028853289159e-01,9.979877169562382244e-01,-2.769255795469875991e-01,9.979123491117645184e-01,1.249921145955427582e+00,9.979708525348132131e-01,-4.223376709873141732e-02,9.991280508033315577e-01,-1.721766589674391446e+00,9.973282859674419409e-01,-2.744215008250714960e-01,1.000000000000000000e+00,5.911715248424526115e-01,1.000000000000000000e+00,-2.834385244574866292e-01,1.000000000000000000e+00,-1.675969625239744465e+00,9.971059208588486378e-01,-8.055715989575455982e-01
1.000000000000000000e+00,-2.752773335906342211e-01,9.984917384054794454e-01,-3.034745148219039623e-01,9.978958182377938302e-01,1.034625643245494775e+00,9.971310406877298416e-01,4.510403638011264982e-02,9.987775214056303641e-01,-1.487159454680043957e+00,9.972567630954397577e-01,-2.353930634009647471e-01,9.994684143968209922e-01,5.967437703565626750e-01,1.000000000000000000e+00,-1.876095315426664079e-01,9.999761135068145901e-01,-1.370103706688628797e+00,9.968146421543996327e-01,-1.083511410308002132e+00
1.000000000000000000e+00,9.583764827564295041e-02,9.983003624212766214e-01,-4.554396299827830896e-01,9.981423924935446390e-01,1.155554979153535555e+00,9.984834953695546078e-01,3.481363128747261837e-01,9.988666039319427092e-01,-1.721655547737996006e+00,9.969539401383774591e-01,-1.986926007032756014e-01,9.997698816494048346e-01,8.893083244044672764e-01,1.000000000000000000e+00,-4.921881227455955909e-01,1.000000000000000000e+00,-1.620716745287640537e+00,9.968668968011427101e-01,-8.923314797166033152e-01
1.000000000000000000e+00,-1.665957361268787795e-01,9.979950440968143877e-01,-3.104833734172732784e-01,9.979079679794419233e-01,1.221434874540663795e+00,9.979609051955027343e-01,-6.072605062002969789e-02,9.991046811644943570e-01,-1.755649599382213655e+00,9.973159749099345106e-01,-2.983477035125278731e-01,1.000000000000000000e+00,5.743808343523297832e-01,1.000000000000000000e+00,-3.087683825772477575e-01,1.000000000000000000e+00,-1.698690699228402101e+00,9.970955502581908547e-01,-8.307311459350120719e-01
1.000000000000000000e+00,-1.656540107702298426e-01,9.979993003777841709e-01,-3.176781909511202651e-01,9.979170238812782312e-01,1.215073868445935679e+00,9.979706512543925490e-01,-6.412281312086134943e-02,9.990994979772911400e-01,-1.762755632613270285e+00,9.973050363072182289e-01,-3.055287335615273769e-01,1.000000000000000000e+00,5.726626387403157548e-01,1.000000000000000000e+00,-3.178675348611228468e-01,1.000000000000000000e+00,-1.702499712217824035e+00,9.970968122020766877e-01,-8.356171627811572744e-01
1.000000000000000000e+00,-3.022813400488246760e-01,9.984909128726909833e-01,-3.471673515301321178e-01,9.979074865441077691e-01,1.005267395222789739e+00,9.971564871088116622e-01,2.159582090336745197e-02,9.987565577470692846e-01,-1.536965368965795609e+00,9.972332276059838740e-01,-2.688637536683251561e-01,9.994672176960683885e-01,5.794521446054996527e-01,1.000000000000000000e+00,-2.268342880116289706e-01,9.999955543873381147e-01,-1.405988629096007081e+00,9.968131996398512662e-01,-1.106194743520836576e+00
1.000000000000000000e+00,-2.626608553964280279e-01,9.983362928410449699e-01,-2.305691742393755628e-01,9.976910213815014528e-01,9.824487151558275455e-01,9.974524123897814398e-01,-7.604947760909891441e-02,9.989008443051199393e-01,-1.618321508273574239e+00,9.971603268714273050e-01,-3.389596857809255015e-01,9.995021470940965713e-01,5.185668252456889782e-01,1.000000000000000000e+00,-2.700611955900455996e-01,1.000000000000000000e+00,-1.480852919201991469e+00,9.969756080428687772e-01,-1.060686330157514012e+00
1.000000000000000000e+00,-2.326090529473738011e-01,9.983326913253895984e-01,-2.302946284900868612e-01,9.977258509385167340e-01,9.916413547106177617e-01,9.975025362588002542e-01,-7.120563180472846976e-02,9.989081156310140042e-01,-1.621091626968869104e+00,9.971406260054278547e-01,-3.417375211318170458e-01,9.995275045029621275e-01,5.291690030069537976e-01,1.000000000000000000e+00,-2.787510974602978031e-01,1.000000000000000000e+00,-1.481981917108408986e+00,9.969912592462119028e-01,-1.048363826118996478e+00
1.000000000000000000e+00,-1.800639009752535991e-02,9.978536863990056238e-01,-4.311758785895009050e-01,9.978851515697602093e-01,1.126942174619615766e+00,9.980175127496699883e-01,-1.241824848798604719e-01,9.992219494434887439e-01,-1.708574526871016186e+00,9.973361613033788764e-01,-2.984555294360893285e-01,1.000000000000000000e+00,3.637378917700081482e-01,1.000000000000000000e+00,-2.832782204886762356e-01,1.000000000000000000e+00,-1.703614581111171145e+00,9.968854491600206424e-01,-7.580582609479168399e-01
1.000000000000000000e+00,-1.357440270446598207e-01,9.980284161822446931e-01,-3.527861854600601310e-01,9.979816836110990685e-01,1.181944323759362758e+00,9.980450284517341508e-01,-7.162008492995164399e-02,9.990694403380087074e-01,-1.806266799206200258e+00,9.972237783280401002e-01,-3.472386811794917483e-01,1.000000000000000000e+00,5.802892410972921855e-01,1.000000000000000000e+00,-3.669169845102959182e-01,1.000000000000000000e+00,-1.713861173297340112e+00,9.971147761136520682e-01,-8.521139187416306715e-01
1.000000000000000000e+00,-2.781675991704218864e-01,9.984799005595361709e-01,-4.035771711603924339e-01,9.979810719710082711e-01,9.837606897814841211e-01,9.972855092629534512e-01,7.964515806168082079e-03,9.987410926444233450e-01,-1.618725996417174740e+00,9.971641701360938193e-01,-3.193690487107740950e-01,9.995033398563945015e-01,5.879345428344652236e-01,1.000000000000000000e+00,-2.897254980543655933e-01,1.000000000000000000e+00,-1.453303672905493782e+00,9.968437160076819570e-01,-1.105556046367104139e+00
1.000000000000000000e+00,-2.520127824815652784e-01,9.984753881926040631e-01,-4.109316771553156444e-01,9.980118971581746212e-01,9.870045024934408495e-01,9.973376372960288672e-01,1.411382161420571268e-02,9.987432560465459019e-01,-1.637727868416475330e+00,9.971392616545738941e-01,-3.287749836025095629e-01,9.995200479612103006e-01,6.030335219235853916e-01,1.000000000000000000e+00,-3.016628388167355013e-01,1.000000000000000000e+00,-1.458955519091957864e+00,9.968608724695399159e-01,-1.093015064732366426e+00
1.000000000000000000e+00,-2.389795483329278936e-01,9.983286610109048942e-01,-3.174546201860325434e-01,9.977833087436870363e-01,9.474071127081358235e-01,9.975993500949962289e-01,-8.161836069136724214e-02,9.988669095804127984e-01,-1.745500549675717883e+00,9.970695237614948248e-01,-4.086493998710779008e-01,9.995260269033089395e-01,5.450628782987826382e-01,1.000000000000000000e+00,-3.480535298279038292e-01,1.000000000000000000e+00,-1.540919929896450435e+00,9.970100385464982784e-01,-1.058516950820124647e+00
1.000000000000000000e+00,-2.280626017333712841e-01,9.983264389813460982e-01,-3.396189486169270411e-01,9.978078747312663088e-01,9.387661969645657578e-01,9.976420790541141725e-01,-7.405686058428467833e-02,9.988582697592532922e-01,-1.785721016696168562e+00,9.970451231113659496e-01,-4.270069534348440721e-01,9.995242233063358350e-01,5.631555443194504740e-01,1.000000000000000000e+00,-3.649882269250562805e-01,1.000000000000000000e+00,-1.553844920958205478e+00,9.970227432252243283e-01,-1.052619467413855814e+00
1.000000000000000000e+00,-1.652790467261804341e-01,9.981756681921230001e-01,-4.657755509361117818e-01,9.977399688431061175e-01,8.584057135860096999e-01,9.976503263645709607e-01,-1.221046248368338749e-01,9.989541985621613884e-01,-1.794053023219873255e+00,9.971188754284888711e-01,-4.285977391179114915e-01,9.995190141825405217e-01,3.929268038904386029e-01,1.000000000000000000e+00,-3.337079668400887433e-01,1.000000000000000000e+00,-1.589232129656693582e+00,9.968362203986481651e-01,-9.901895703647900504e-01
1.000000000000000000e+00,-1.799664130366646075e-01,9.981304275058719977e-01,-5.301948853024598396e-01,9.977810581894709374e-01,8.115034179867783859e-01,9.977966888113042332e-01,-1.107510879120208735e-01,9.989268430692238576e-01,-1.903493156539211029e+00,9.970595988428784251e-01,-4.397317154115708560e-01,9.994304279324656148e-01,4.511270248617841871e-01,1.000000000000000000e+00,-3.858173254388828077e-01,1.000000000000000000e+00,-1.620424830797334570e+00,9.967964992355380360e-01,-1.037441277735160039e+00
1.000000000000000000e+00,-1.332560000418536061e+00,1.000000000000000000e+00,-7.757762988493404066e-01,9.951140407743447325e-01,2.609576933225826179e-01,9.980592886295792665e-01,-2.628064661342993102e-01,1.000000000000000000e+00,-1.390581060816489245e+00,9.975910664538912842e-01,-8.862317414014988515e-01,1.000000000000000000e+00,2.546963330168279804e-01,1.000000000000000000e+00,-3.517126388487835098e-01,1.000000000000000000e+00,-8.294423131213064515e-01,9.971840694829767759e-01,-1.656231792131423575e+00
1.000000000000000000e+00,-1.815833192937979401e+00,9.985118005553987874e-01,-4.295168027737616967e-02,9.955370916008177140e-01,4.411254042119293617e-01,9.945226329865373138e-01,-3.155357288271523619e-01,9.989461353475656002e-01,-1.308798416659687103e+00,9.977892744721545970e-01,-1.655798786061934147e-01,9.981171530204708819e-01,-1.004249218679801881e-01,1.000000000000000000e+00,9.403748943028339413e-02,9.989709297885146499e-01,-1.520201942912855486e+00,9.963801708076578389e-01,-1.621923704231738483e+00
1.000000000000000000e+00,-6.903883093225893219e-01,9.995672813301165194e-01,-1.196734429560199819e+00,9.995126842354805641e-01,1.380282207322091725e+00,9.970226056403358461e-01,8.192691080043266183e-01,9.967503080499885426e-01,-1.919407111927349918e+00,9.960404168906750177e-01,-1.255904744714919641e-02,9.992485459835505068e-01,1.501302217652893400e+00,9.996870061232470128e-01,-1.416179524366973363e-01,9.987198237846918181e-01,-1.364523673243945634e+00,9.973241086695279201e-01,-1.252669845351325195e+00
1.000000000000000000e+00,-6.002284272094052797e-01,1.000000000000000000e+00,-1.778908578331829027e+00,9.988368886123203394e-01,1.393832135651659199e+00,9.967060841799508797e-01,9.030030988057384800e-01,9.937436445945764252e-01,-1.204213152344149496e+00,9.975967557040260614e-01,7.599199768635136465e-01,9.987313483127162606e-01,1.357702003693904036e+00,9.986641728004054253e-01,1.609875565118492613e-01,9.988639852078780024e-01,-8.317714490669645411e-01,9.979988714653114101e-01,-1.593315677872377822e+00
1.000000000000000000e+00,7.572099467071979895e-01,9.998536912126811949e-01,-7.999453270577060460e-01,9.990854627216756434e-01,8.174159732887527063e-01,9.992877419781602821e-01,3.172779609745736695e-01,9.968201042901906339e-01,2.642518652622672382e-01,9.956951142211073469e-01,7.000971541678546739e-02,1.000000000000000000e+00,2.838566553120714375e-01,9.987502764675235678e-01,-1.639014988855297172e+00,9.982560024959928890e-01,-2.052731680033248463e+00,9.976352488447466360e-01,-9.310571194468713063e-01
1.000000000000000000e+00,-3.820948678864817816e-01,1.000000000000000000e+00,-1.670049805907105167e+00,9.992104628868470062e-01,1.177073151553093666e+00,9.972783946924917986e-01,9.895150397213048343e-01,9.956838510482207694e-01,-1.727911703046784542e+00,9.971181675839054792e-01,1.687334537437640281e-01,9.994190046360145185e-01,1.882851464913015249e+00,9.998638491462956690e-01,6.853365358627294679e-03,1.000000000000000000e+00,-1.007579745351808054e+00,9.972666981776705519e-01,-1.559388671784415648e+00
9.997088943171726916e-01,-4.057021142211585385e-01,9.988541944316136068e-01,-3.069472192375827246e-01,9.994332175953304365e-01,1.273894924343964341e+00,9.980569751837640169e-01,3.702620286530917126e-01,9.986510205522222128e-01,-2.294102283948103338e+00,9.946073885622929156e-01,-3.217241773956077688e-01,9.987365623674849813e-01,1.350682066240936674e+00,9.999695281097779054e-01,-6.969084094076782865e-01,9.985993043817804615e-01,-1.435561605646725525e+00,9.980345628489676324e-01,-1.044637671598370510e+00
9.996481124310165889e-01,-3.090518245635881511e-02,9.995666017929284441e-01,-8.080640981296161041e-01,9.990640071455543225e-01,1.015249859830271051e+00,9.984355113181168084e-01,5.308591809260646555e-01,9.975313790924716928e-01,-2.125596777631966638e+00,9.957472782817518020e-01,-1.388977509948182976e-01,9.988747292314307247e-01,1.793657604923436510e+00,1.000000000000000000e+00,-5.674612289811185040e-01,1.000000000000000000e+00,-1.018656097395234550e+00,9.980265559911245532e-01,-1.398671694680743594e+00
9.997080704148858521e-01,-4.051294462217172043e-01,9.988521293566017256e-01,-3.083260641702121885e-01,9.994300369918901472e-01,1.273925837007263251e+00,9.980543747683329192e-01,3.740029321170074139e-01,9.986410853242747576e-01,-2.299185050681483489e+00,9.946034953262195000e-01,-3.186857247831915707e-01,9.987271341954699899e-01,1.358368987983343601e+00,9.999686136428426186e-01,-6.919977638169693135e-01,9.986053571031149323e-01,-1.429532088778589394e+00,9.980353333574195629e-01,-1.044309818498301734e+00
9.991124618135732716e-01,-2.031617359693350666e-01,1.000000000000000000e+00,-7.331490625757162150e-01,9.985985705458574335e-01,1.268650380911994002e+00,9.979852224789662607e-01,3.395275168956954359e-01,9.955897642602036246e-01,-1.512201440430086530e+00,9.960817585851819977e-01,5.269739859958151307e-01,9.979791420929947643e-01,1.121782534546984511e+00,9.988169120090097941e-01,-4.964737635839504559e-01,9.987234270456828433e-01,-8.166276472206384085e-01,9.990614289642186785e-01,-1.387160131610626124e+00
9.992467282296961795e-01,7.384523362167961791e-01,9.991439181798660307e-01,-6.084415357102596067e-01,9.994089660575201650e-01,6.176375781339504822e-01,9.983114772772969658e-01,4.373285918280456208e-01,9.983865852105106020e-01,-3.557172075376384135e-01,9.975180263748900655e-01,-5.811219509787627358e-01,1.000000000000000000e+00,9.093161570209410405e-01,1.000000000000000000e+00,-1.198915556480638855e+00,9.989703881691992526e-01,-2.523418427483273607e+00,9.979954729449477258e-01,-1.208270865028819419e+00
1.000000000000000000e+00,-7.877400221137048630e-01,9.996087452151151131e-01,-1.050305008206500634e+00,9.987203893385256936e-01,1.423863324910314532e+00,9.965994085909736233e-01,8.135666798096730101e-01,9.960307191901310864e-01,-2.283660357631437599e+00,9.970452559421207894e-01,9.340662841824948215e-02,9.995193354715533607e-01,1.452222473886706000e+00,1.000000000000000000e+00,-3.112101849532723508e-01,1.000000000000000000e+00,-1.240785904059926725e+00,9.957498541569959061e-01,-1.028471569857675405e+00
1.000000000000000000e+00,7.924938347340649836e-01,9.980215272024836048e-01,-8.379953998340595733e-01,9.996046765519800426e-01,6.241773601916154046e-01,9.996089719843961330e-01,5.829693805488125324e-01,9.991590980546849465e-01,-8.775572094904682263e-01,9.953776057908492181e-01,-6.801821494243631694e-01,1.000000000000000000e+00,1.343624287473473178e+00,1.000000000000000000e+00,-1.468985233250357236e+00,1.000000000000000000e+00,-2.041407094454155580e+00,9.965880689891111199e-01,-1.023903058540169830e+00
1.000000000000000000e+00,-5.322158570772606012e-01,9.989910835444879567e-01,-2.073097698770893227e-01,9.985655709446882300e-01,1.347492501019893041e+00,9.974909799600293336e-01,4.029110748556370414e-01,9.976977320489885948e-01,-2.620370861158412890e+00,9.959149777079104870e-01,-1.713610673119463079e-01,9.991452592374172603e-01,1.281356330569896063e+00,1.000000000000000000e+00,-8.450843803164168611e-01,1.000000000000000000e+00,-1.308919268632910970e+00,9.961762519332371113e-01,-8.012691866527583695e-01
9.993756575971234346e-01,-4.556508468817290769e-01,9.999223396699444821e-01,-2.835405602671884351e-01,9.980482922125963885e-01,1.143783975641209594e+00,9.978254803134785078e-01,2.305444892018017056e-01,9.982561779879304265e-01,-2.465238391269539697e+00,9.962851395306051572e-01,-5.121604572464967253e-01,9.988719119874872598e-01,9.516575738740962187e-01,1.000000000000000000e+00,-4.802474847396147606e-01,1.000000000000000000e+00,-1.358085773838648702e+00,9.976156084137725033e-01,-1.078339626580991473e+00
1.000000000000000000e+00,-1.658286004904101496e+00,9.986392348722227252e-01,-6.456731015924253025e-01,9.955941036245067322e-01,8.992288806735160289e-01,9.956642909998475455e-01,6.388480833555794103e-01,9.989610866512368403e-01,-1.798544487673265690e+00,9.968876491547740137e-01,6.816526188981257839e-01,9.989144726358679671e-01,8.791065350882274476e-01,1.000000000000000000e+00,-5.300079382130804539e-01,1.000000000000000000e+00,-1.980451718495691127e+00,9.958135374324531552e-01,-1.278485625251248425e+00
1.000000000000000000e+00,8.086610501941770002e-01,9.978834958547189160e-01,-8.950109911677353036e-01,9.995941789847143655e-01,5.634307533818572189e-01,9.996296440015575158e-01,6.051064923603343138e-01,9.991114121904576262e-01,-9.429769882315907070e-01,9.952676870749529447e-01,-7.102893736392404955e-01,1.000000000000000000e+00,1.403109332299238954e+00,1.000000000000000000e+00,-1.479473259518679029e+00,1.000000000000000000e+00,-2.038524310839748832e+00,9.965191233409101956e-01,-1.028712695183522818e+00
9.993645613462073252e-01,-4.742997356865206182e-01,9.999292298112000266e-01,-3.163335713905019442e-01,9.979832596796562871e-01,1.120646198839668317e+00,9.977978725513779734e-01,2.325784429286996691e-01,9.981750595937309845e-01,-2.533186151741477765e+00,9.963054792421711658e-01,-5.171493269272189330e-01,9.988135608694698186e-01,9.757459233551943889e-01,1.000000000000000000e+00,-4.613043013518913216e-01,1.000000000000000000e+00,-1.331647400066306774e+00,9.976021204959988342e-01,-1.095359456428473655e+00
1.000000000000000000e+00,-5.751309989694162184e-01,9.989542321504510936e-01,-2.710561986812646262e-01,9.984589016714888743e-01,1.310967237934411500e+00,9.974145522775724748e-01,4.168984870153840117e-01,9.974985989391437213e-01,-2.769594318183486337e+00,9.959359422127108674e-01,-1.631518756452912666e-01,9.990393869851160735e-01,1.349428636078982446e+00,1.000000000000000000e+00,-8.254496754570248562e-01,1.000000000000000000e+00,-1.251331110223610654e+00,9.960704480948721073e-01,-8.209749604231579845e-01
1.000000000000000000e+00,-5.822841043740084599e-01,9.989451044055308593e-01,-2.854845760665244980e-01,9.984350540164113053e-01,1.302015258942935905e+00,9.974024397759944094e-01,4.196710650832876643e-01,9.974556376660582702e-01,-2.803309225068209454e+00,9.959433321595607680e-01,-1.604549519929236168e-01,9.990152563189285129e-01,1.365866493990009367e+00,1.000000000000000000e+00,-8.211560359118343921e-01,1.000000000000000000e+00,-1.237380581702225424e+00,9.960437519148209740e-01,-8.259993449675109289e-01
9.997076546524839014e-01,-4.095353322212519909e-01,9.988165935914780080e-01,-3.483329050512165570e-01,9.993914046722864875e-01,1.252531907212113493e+00,9.980390564528756059e-01,3.980619826643621573e-01,9.985325895556275144e-01,-2.385380316417965219e+00,9.945601833965889149e-01,-3.010496971181242376e-01,9.986152492277189374e-01,1.436180902701799988e+00,9.999665176035920089e-01,-6.528046904511700665e-01,9.986943748719567804e-01,-1.371952420208045309e+00,9.980390795246728564e-01,-1.060851001491670775e+00
1.000000000000000000e+00,-5.890281439516908968e-01,9.989308532858258705e-01,-3.055636718012998410e-01,9.984015804913715098e-01,1.289002316551967064e+00,9.973904305833430906e-01,4.238302272961199102e-01,9.973963780292063319e-01,-2.850503089838980486e+00,9.959555478125154959e-01,-1.554935095923309363e-01,9.989810039719917434e-01,1.390807716811665484e+00,1.000000000000000000e+00,-8.146959707972991627e-01,1.000000000000000000e+00,-1.216257820162970793e+00,9.960034960006177718e-01,-8.330079394059148878e-01
1.000000000000000000e+00,-8.968666472501038434e-02,1.000000000000000000e+00,-9.793827356676088058e-01,9.987803536255127623e-01,1.173802705988537642e+00,9.990854067405084971e-01,4.906030676861947160e-01,9.963221327401535765e-01,-1.979650906600010307e+00,9.943035113337624908e-01,3.635956255101012169e-01,9.976677838844634216e-01,1.554859743681489492e+00,9.988285573421822328e-01,-7.481170214623028558e-01,9.999720721501748066e-01,-4.973126653495850702e-01,9.977871456568712105e-01,-1.238885239082005540e+00
9.996551579005255039e-01,-4.048269490512973467e-02,9.994983601587507094e-01,-8.500256629082449944e-01,9.990224601081327815e-01,9.905570913674914824e-01,9.984170612645815179e-01,5.573304769725533347e-01,9.974190130600449899e-01,-2.245261529208627316e+00,9.956652369180624129e-01,-1.195957503023657720e-01,9.987228077530692083e-01,1.887700607838891154e+00,1.000000000000000000e+00,-5.197973032025585693e-01,1.000000000000000000e+00,-9.514807059364583930e-01,9.980263164642573237e-01,-1.413487381453214731e+00
9.997115020782485484e-01,-4.090299707353015624e-01,9.988040017924053604e-01,-3.622062823237326978e-01,9.993810221916444858e-01,1.243345834754422841e+00,9.980418677835461994e-01,4.020119814813058468e-01,9.985057307661163728e-01,-2.411879793730145938e+00,9.945502906744752014e-01,-2.978029418707497378e-01,9.985848830147414645e-01,1.457021946934089263e+00,9.999706422567943287e-01,-6.444786792184622470e-01,9.987264315154001926e-01,-1.356990608033951773e+00,9.980370006163731267e-01,-1.068016783766013722e+00
1.000000000000000000e+00,8.281031727149175126e-01,9.977967485378441692e-01,-9.195557947566401769e-01,9.995909256773982676e-01,5.320606493066046827e-01,9.996549244343115870e-01,6.192924084555719855e-01,9.990950256877350055e-01,-9.813363258285066060e-01,9.952023634333636570e-01,-7.212207524762773714e-01,1.000000000000000000e+00,1.443334736598524959e+00,1.000000000000000000e+00,-1.480668247004204741e+00,1.000000000000000000e+00,-2.030855064963672074e+00,9.964733604147093526e-01,-1.027119216978897409e+00
1.000000000000000000e+00,-6.657592945445492960e-01,9.986592526533020209e-01,-1.216422460721089616e+00,9.989359279249278023e-01,1.358885301372286802e+00,9.974365876876892800e-01,7.707032368612529716e-01,9.961237815427481657e-01,-2.316879502686525427e+00,9.981430386975490565e-01,-3.694749921292401762e-01,9.995354989962129677e-01,1.178003408735225355e+00,1.000000000000000000e+00,-8.989097766980050364e-02,1.000000000000000000e+00,-1.483056328142879909e+00,9.958687261116740963e-01,-9.135889356578050791e-01
9.993601989321133638e-01,-4.868926148568784029e-01,9.999325819501005963e-01,-3.557235783027415943e-01,9.978996461824326536e-01,1.091737246190550792e+00,9.977767157855189639e-01,2.384567503075993855e-01,9.980710634806316817e-01,-2.619951339831173787e+00,9.963393254857410009e-01,-5.162571831876133777e-01,9.987361135765618902e-01,1.016097000604317735e+00,1.000000000000000000e+00,-4.341620238819038358e-01,1.000000000000000000e+00,-1.289893310370409996e+00,9.975700374471961895e-01,-1.115094158700753235e+00
1.000000000000000000e+00,-8.280736246565933989e-01,9.995812717903564959e-01,-1.146655827562902186e+00,9.985955012603491276e-01,1.386432107418979820e+00,9.964993838367568468e-01,8.514264121448169576e-01,9.957379668293490083e-01,-2.446463031005193578e+00,9.971196955474842527e-01,1.248667149915543839e-01,9.993992120307600979e-01,1.555094039978155207e+00,1.000000000000000000e+00,-2.614668033460636476e-01,1.000000000000000000e+00,-1.155263175720674829e+00,9.955925540261159057e-01,-1.054056261431852271e+00
1.000000000000000000e+00,-5.861953314563588258e-01,9.989105233360009439e-01,-3.258609993294521168e-01,9.983635947251928711e-01,1.274912222005003537e+00,9.973882060141521233e-01,4.314993160028831043e-01,9.973306848592083940e-01,-2.901733789762022120e+00,9.959724990056387783e-01,-1.453143883020579230e-01,9.989411954811914240e-01,1.425863363484321189e+00,1.000000000000000000e+00,-8.041533582453649354e-01,1.000000000000000000e+00,-1.186727054603839981e+00,9.959515388192521357e-01,-8.385070534557090838e-01
9.996740775061268014e-01,-3.530828599561225412e-02,9.994536838891475705e-01,-8.658975588766213427e-01,9.990115965402440734e-01,9.762192560102194161e-01,9.984321099377985176e-01,5.612850623076146572e-01,9.973968953969398754e-01,-2.296972132753687834e+00,9.956276807061308354e-01,-1.152692114628152409e-01,9.986651820487709719e-01,1.921943966223820244e+00,1.000000000000000000e+00,-5.070450997935178616e-01,1.000000000000000000e+00,-9.289212192533928825e-01,9.980144133911699189e-01,-1.419424215050345550e+00
9.997268690175958872e-01,-3.993119744484119882e-01,9.987759273639824631e-01,-3.878491290633092614e-01,9.993632289098917099e-01,1.224403814150516023e+00,9.980610134770743214e-01,4.083299175257617541e-01,9.984621115986015427e-01,-2.459124294053899540e+00,9.945358051579059611e-01,-2.909879203577613316e-01,9.985320071117476104e-01,1.497236582203583577e+00,9.999874471741699855e-01,-6.303009290794350239e-01,9.987992671778324061e-01,-1.328235340090671679e+00,9.980267178763065905e-01,-1.081240558250250228e+00
1.000000000000000000e+00,-2.750267841576017336e-01,9.995068194775235115e-01,-7.513431239376855419e-01,9.979733837386629558e-01,1.052811786104107306e+00,9.976743015695825889e-01,5.689054700673581433e-01,9.962952200395123192e-01,-2.807831197313672256e+00,9.970381277403748133e-01,2.194637906198204647e-02,9.990732958344069603e-01,1.807069885522699426e+00,1.000000000000000000e+00,-7.052782444680405494e-01,1.000000000000000000e+00,-8.156507480382069186e-01,9.957796507001364095e-01,-1.122986589178975869e+00
1.000000000000000000e+00,-3.312246078133795901e-02,9.991493559525249646e-01,-4.536963288036552910e-01,9.981244536251356880e-01,9.542932613542860487e-01,9.985091579439269172e-01,3.560733707028941319e-01,9.976188949016886465e-01,-3.544550437113655583e+00,9.972218919949297211e-01,-1.069798692692625341e-01,9.985081289897403956e-01,1.985533401206657000e+00,1.000000000000000000e+00,-6.416079148038497104e-01,1.000000000000000000e+00,-8.240725299133067061e-01,9.955213442836943205e-01,-1.250222764951744558e+00
1.000000000000000000e+00,-6.885578719557181593e-01,9.995117038121472675e-01,-1.298294643764949852e+00,9.994460243595685300e-01,1.339080964526255579e+00,9.969949338435392105e-01,8.745695867876968066e-01,9.965064647056597336e-01,-2.066052135417907110e+00,9.960114231759004122e-01,3.109163708140505467e-02,9.990621699610218176e-01,1.654174505874232759e+00,9.996953254882425810e-01,-5.525824623020364479e-02,9.989192811646898651e-01,-1.252669176913486337e+00,9.972957466516579883e-01,-1.290328273205950005e+00
9.996903286402245570e-01,-2.849360122983202182e-02,9.994255270326493079e-01,-8.727701353202304002e-01,9.990093406530273779e-01,9.678214087157857026e-01,9.984488180450683537e-01,5.601379135199768822e-01,9.973964690979391090e-01,-2.321034064633108684e+00,9.956080976660094395e-01,-1.151057066397826734e-01,9.986420552130805817e-01,1.935365647921897914e+00,1.000000000000000000e+00,-5.044284411794354162e-01,1.000000000000000000e+00,-9.210393749997636270e-01,9.980039391934547588e-01,-1.421675362965367784e+00
